gid,role,role_score,cluster_id,priority_score,evidence,in_deg,out_deg,in_kzt,out_kzt,pagerank,pass_through,depth,is_seed,truncated_by_depth
100000000343175100,coordinator,0.8,10,0.286239062363726,"in_deg=8, out_deg=31, in_kzt=178712, pass_through=22.38; seed: in_kzt занижен по устройству выборки; BC=0.00111 >= p95=0.000158",8,31,178712.0,4000039.0,0.0007166946382018727,22.382598818210305,0,True,False
100000000456947100,peripheral,0.9,15,0.0,"in_deg=0, out_deg=0, in_kzt=0, pass_through=nan; seed: in_kzt занижен по устройству выборки; Нет связей",0,0,0.0,0.0,0.0,,0,True,False
100000000580561100,peripheral,0.4,21,0.055150393342766016,"in_deg=2, out_deg=3, in_kzt=27980, pass_through=53.18; seed: in_kzt занижен по устройству выборки; Нет совпадений",2,3,27980.0,1488077.0,0.0008384348345170707,53.183595425303785,0,True,False
100000001415126100,terminal,0.9,38,0.02704209044628901,"in_deg=1, out_deg=0, in_kzt=27000, pass_through=0; seed: in_kzt занижен по устройству выборки; depth=0: нет выхода",1,0,27000.0,0.0,0.0004114090098163562,0.0,0,True,False
100000001429930100,terminal,0.9,11,0.02315988351410471,"in_deg=1, out_deg=0, in_kzt=26000, pass_through=0; seed: in_kzt занижен по устройству выборки; depth=0: нет выхода",1,0,26000.0,0.0,0.0003523464564592315,0.0,0,True,False
100000001616816100,peripheral,0.4,2,0.1642862251213873,"in_deg=5, out_deg=3, in_kzt=176195, pass_through=1.029; seed: in_kzt занижен по устройству выборки; Нет совпадений",5,3,176195.0,181326.0,0.00244618625473035,1.0291211441868384,0,True,False
100000001732159100,peripheral,0.4,49,0.12294098002114498,"in_deg=2, out_deg=4, in_kzt=2.3781e+06, pass_through=0.6333; seed: in_kzt занижен по устройству выборки; Нет совпадений",2,4,2378100.0,1505966.0,0.001099397432375524,0.633264370716118,0,True,False
100000002527114100,coordinator,0.8,20,0.2600050912476631,"in_deg=3, out_deg=111, in_kzt=129000, pass_through=25.5; seed: in_kzt занижен по устройству выборки; BC=0.000197 >= p95=0.000158",3,111,129000.0,3289249.0,0.0008146179725184579,25.49805426356589,0,True,False
100000002916006100,peripheral,0.4,46,0.11885469782937834,"in_deg=0, out_deg=1, in_kzt=0, pass_through=nan; seed: in_kzt занижен по устройству выборки; Нет совпадений",0,1,0.0,32000.0,0.0002868488506751384,,0,True,False
100000003016635100,coordinator,0.8,3,0.5195850050792219,"in_deg=8, out_deg=73, in_kzt=586981, pass_through=16.04; seed: in_kzt занижен по устройству выборки; BC=0.00734 >= p95=0.000158",8,73,586981.0,9414081.0,0.0011952566810188184,16.038135817002594,0,True,False
100000003200071100,peripheral,0.4,58,0.018854697829378337,"in_deg=0, out_deg=1, in_kzt=0, pass_through=nan; seed: in_kzt занижен по устройству выборки; Нет совпадений",0,1,0.0,30000.0,0.0002868488506751384,,0,True,False
100000003265658100,peripheral,0.9,59,0.0,"in_deg=0, out_deg=0, in_kzt=0, pass_through=nan; seed: in_kzt занижен по устройству выборки; Нет связей",0,0,0.0,0.0,0.0,,0,True,False
100000003349739100,peripheral,0.9,60,0.0,"in_deg=0, out_deg=0, in_kzt=0, pass_through=nan; seed: in_kzt занижен по устройству выборки; Нет связей",0,0,0.0,0.0,0.0,,0,True,False
100000003684369100,coordinator,0.8,1,0.4114651960802966,"in_deg=24, out_deg=62, in_kzt=3.84844e+06, pass_through=2.232; seed: in_kzt занижен по устройству выборки; BC=0.00234 >= p95=0.000158",24,62,3848436.0,8588655.0,0.002028869963852267,2.2317260830113845,0,True,False
100000003770083100,peripheral,0.9,63,0.0,"in_deg=0, out_deg=0, in_kzt=0, pass_through=nan; seed: in_kzt занижен по устройству выборки; Нет связей",0,0,0.0,0.0,0.0,,0,True,False
100000003975102100,peripheral,0.4,3,0.08967220407434187,"in_deg=1, out_deg=2, in_kzt=25650, pass_through=3.45; seed: in_kzt занижен по устройству выборки; Нет совпадений",1,2,25650.0,88500.0,0.000346992529923579,3.4502923976608186,0,True,False
100000003977183100,peripheral,0.4,2,0.04193673175008788,"in_deg=2, out_deg=4, in_kzt=123800, pass_through=6.187; seed: in_kzt занижен по устройству выборки; Нет совпадений",2,4,123800.0,766000.0,0.00033293228527307104,6.187399030694669,0,True,False
100000004007116100,peripheral,0.4,32,0.04145390829445706,"in_deg=3, out_deg=4, in_kzt=764704, pass_through=0.1935; seed: in_kzt занижен по устройству выборки; Нет совпадений",3,4,764704.0,148000.0,0.0006304640304726743,0.19353893794200108,0,True,False
100000004019124100,terminal,0.9,3,0.14606633276800823,"in_deg=3, out_deg=0, in_kzt=193000, pass_through=0; seed: in_kzt занижен по устройству выборки; depth=0: нет выхода",3,0,193000.0,0.0,0.0012079590546220128,0.0,0,True,False
100000004021459100,peripheral,0.9,65,0.0,"in_deg=0, out_deg=0, in_kzt=0, pass_through=nan; seed: in_kzt занижен по устройству выборки; Нет связей",0,0,0.0,0.0,0.0,,0,True,False
100000004041163100,peripheral,0.4,46,0.23834847994118075,"in_deg=1, out_deg=2, in_kzt=50000, pass_through=17.32; seed: in_kzt занижен по устройству выборки; Нет совпадений",1,2,50000.0,866000.0,0.0020929038577057815,17.32,0,True,False
100000004174835100,peripheral,0.9,68,0.0,"in_deg=0, out_deg=0, in_kzt=0, pass_through=nan; seed: in_kzt занижен по устройству выборки; Нет связей",0,0,0.0,0.0,0.0,,0,True,False
100000004193835100,peripheral,0.4,3,0.08124758734875345,"in_deg=1, out_deg=1, in_kzt=47000, pass_through=0.1064; seed: in_kzt занижен по устройству выборки; Нет совпадений",1,1,47000.0,5000.0,0.00047199654932406684,0.10638297872340426,0,True,False
100000004269433100,peripheral,0.4,69,0.11885469782937834,"in_deg=0, out_deg=1, in_kzt=0, pass_through=nan; seed: in_kzt занижен по устройству выборки; Нет совпадений",0,1,0.0,1372000.0,0.0002868488506751384,,0,True,False
100000004358004100,distributor,0.8,1,0.12794560692028742,"in_deg=0, out_deg=11, in_kzt=0, pass_through=nan; seed: in_kzt занижен по устройству выборки; Рассылка на 10+ узлов",0,11,0.0,980850.0,0.0002868488506751384,,0,True,False
100000004388983100,peripheral,0.4,70,0.018854697829378337,"in_deg=0, out_deg=2, in_kzt=0, pass_through=nan; seed: in_kzt занижен по устройству выборки; Нет совпадений",0,2,0.0,450816.0,0.0002868488506751384,,0,True,False
100000004714705100,peripheral,0.4,46,0.11885469782937834,"in_deg=0, out_deg=1, in_kzt=0, pass_through=nan; seed: in_kzt занижен по устройству выборки; Нет совпадений",0,1,0.0,36550.0,0.0002868488506751384,,0,True,False
100000004723755100,peripheral,0.4,1,0.018854697829378337,"in_deg=0, out_deg=1, in_kzt=0, pass_through=nan; seed: in_kzt занижен по устройству выборки; Нет совпадений",0,1,0.0,95000.0,0.0002868488506751384,,0,True,False
100000004813068100,peripheral,0.4,19,0.018854697829378337,"in_deg=0, out_deg=3, in_kzt=0, pass_through=nan; seed: in_kzt занижен по устройству выборки; Нет совпадений",0,3,0.0,297000.0,0.0002868488506751384,,0,True,False
100000004971871100,peripheral,0.4,51,0.04904374710135334,"in_deg=1, out_deg=1, in_kzt=25400, pass_through=0.2224; seed: in_kzt занижен по устройству выборки; Нет совпадений",1,1,25400.0,5650.0,0.0007461346034888536,0.22244094488188976,0,True,False
100000005017150100,peripheral,0.9,72,0.0,"in_deg=0, out_deg=0, in_kzt=0, pass_through=nan; seed: in_kzt занижен по устройству выборки; Нет связей",0,0,0.0,0.0,0.0,,0,True,False
100000005087431100,peripheral,0.9,73,0.0,"in_deg=0, out_deg=0, in_kzt=0, pass_through=nan; seed: in_kzt занижен по устройству выборки; Нет связей",0,0,0.0,0.0,0.0,,0,True,False
100000005235389100,peripheral,0.9,74,0.0,"in_deg=0, out_deg=0, in_kzt=0, pass_through=nan; seed: in_kzt занижен по устройству выборки; Нет связей",0,0,0.0,0.0,0.0,,0,True,False
100000005264990100,peripheral,0.4,46,0.05995817203252685,"in_deg=1, out_deg=2, in_kzt=17070, pass_through=7.147; seed: in_kzt занижен по устройству выборки; Нет совпадений",1,2,17070.0,122000.0,0.0003655985512877528,7.147041593438781,0,True,False
100000005370580100,terminal,0.9,11,0.022841134189370157,"in_deg=1, out_deg=0, in_kzt=24075, pass_through=0; seed: in_kzt занижен по устройству выборки; depth=0: нет выхода",1,0,24075.0,0.0,0.00034749711449252456,0.0,0,True,False
100000005382566100,peripheral,0.4,46,0.22674088680405208,"in_deg=7, out_deg=1, in_kzt=393066, pass_through=0.1272; seed: in_kzt занижен по устройству выборки; Нет совпадений",7,1,393066.0,50000.0,0.0021219671978348763,0.12720510041570626,0,True,False
100000005386383100,peripheral,0.4,46,0.06890155611481984,"in_deg=2, out_deg=1, in_kzt=37500, pass_through=0.7733; seed: in_kzt занижен по устройству выборки; Нет совпадений",2,1,37500.0,29000.0,0.0005266275322641048,0.7733333333333333,0,True,False
100000005392290100,peripheral,0.4,64,0.018854697829378337,"in_deg=0, out_deg=1, in_kzt=0, pass_through=nan; seed: in_kzt занижен по устройству выборки; Нет совпадений",0,1,0.0,81465.0,0.0002868488506751384,,0,True,False
100000005395727100,terminal,0.9,3,0.024507601765982,"in_deg=1, out_deg=0, in_kzt=17000, pass_through=0; seed: in_kzt занижен по устройству выборки; depth=0: нет выхода",1,0,17000.0,0.0,0.00037285017574889003,0.0,0,True,False
100000005409680100,terminal,0.9,9,0.04181881654184625,"in_deg=2, out_deg=0, in_kzt=55060, pass_through=0; seed: in_kzt занижен по устройству выборки; depth=0: нет выхода",2,0,55060.0,0.0,0.0006362170091600229,0.0,0,True,False
100000005417257100,peripheral,0.4,46,0.06885469782937834,"in_deg=0, out_deg=2, in_kzt=0, pass_through=nan; seed: in_kzt занижен по устройству выборки; Нет совпадений",0,2,0.0,106000.0,0.0002868488506751384,,0,True,False
100000005454368100,terminal,0.9,11,0.02602423672289557,"in_deg=2, out_deg=0, in_kzt=48600, pass_through=0; seed: in_kzt занижен по устройству выборки; depth=0: нет выхода",2,0,48600.0,0.0,0.00039592373535834356,0.0,0,True,False
100000005480435100,peripheral,0.9,75,0.0,"in_deg=0, out_deg=0, in_kzt=0, pass_through=nan; seed: in_kzt занижен по устройству выборки; Нет связей",0,0,0.0,0.0,0.0,,0,True,False
100000005485830100,peripheral,0.4,53,0.018854697829378337,"in_deg=0, out_deg=5, in_kzt=0, pass_through=nan; seed: in_kzt занижен по устройству выборки; Нет совпадений",0,5,0.0,275885.0,0.0002868488506751384,,0,True,False
100000005493505100,terminal,0.9,1,0.07409311614349576,"in_deg=3, out_deg=0, in_kzt=62020, pass_through=0; seed: in_kzt занижен по устройству выборки; depth=0: нет выхода",3,0,62020.0,0.0,0.0006201052363006153,0.0,0,True,False
100000005495722100,peripheral,0.9,76,0.0,"in_deg=0, out_deg=0, in_kzt=0, pass_through=nan; seed: in_kzt занижен по устройству выборки; Нет связей",0,0,0.0,0.0,0.0,,0,True,False
100000005498992100,distributor,0.8,4,0.11885469782937834,"in_deg=0, out_deg=16, in_kzt=0, pass_through=nan; seed: in_kzt занижен по устройству выборки; Рассылка на 10+ узлов",0,16,0.0,2262868.0,0.0002868488506751384,,0,True,False
100000005519347100,peripheral,0.4,3,0.10346807931449659,"in_deg=2, out_deg=1, in_kzt=73100, pass_through=1.354; seed: in_kzt занижен по устройству выборки; Нет совпадений",2,1,73100.0,99000.0,0.0005591119636921243,1.3543091655266757,0,True,False
100000005523088100,terminal,0.9,46,0.2135175104110897,"in_deg=1, out_deg=0, in_kzt=700000, pass_through=0; seed: in_kzt занижен по устройству выборки; depth=0: нет выхода",1,0,700000.0,0.0,0.0017270161361158107,0.0,0,True,False
100000005543136100,peripheral,0.4,1,0.11885469782937834,"in_deg=0, out_deg=1, in_kzt=0, pass_through=nan; seed: in_kzt занижен по устройству выборки; Нет совпадений",0,1,0.0,10000.0,0.0002868488506751384,,0,True,False
100000005550592100,peripheral,0.9,77,0.0,"in_deg=0, out_deg=0, in_kzt=0, pass_through=nan; seed: in_kzt занижен по устройству выборки; Нет связей",0,0,0.0,0.0,0.0,,0,True,False
100000005560900100,peripheral,0.9,78,0.0,"in_deg=0, out_deg=0, in_kzt=0, pass_through=nan; seed: in_kzt занижен по устройству выборки; Нет связей",0,0,0.0,0.0,0.0,,0,True,False
100000005568407100,peripheral,0.9,79,0.0,"in_deg=0, out_deg=0, in_kzt=0, pass_through=nan; seed: in_kzt занижен по устройству выборки; Нет связей",0,0,0.0,0.0,0.0,,0,True,False
100000005668605100,terminal,0.9,46,0.08866943117938561,"in_deg=3, out_deg=0, in_kzt=94500, pass_through=0; seed: in_kzt занижен по устройству выборки; depth=0: нет выхода",3,0,94500.0,0.0,0.0008418642511074627,0.0,0,True,False
100000005744674100,peripheral,0.4,46,0.11885469782937834,"in_deg=0, out_deg=1, in_kzt=0, pass_through=nan; seed: in_kzt занижен по устройству выборки; Нет совпадений",0,1,0.0,50066.0,0.0002868488506751384,,0,True,False
100000006232815100,peripheral,0.4,25,0.03683428360944671,"in_deg=1, out_deg=5, in_kzt=160000, pass_through=1.853; seed: in_kzt занижен по устройству выборки; Нет совпадений",1,5,160000.0,296500.0,0.0005589743134767571,1.853125,0,True,False
100000006249740100,peripheral,0.4,80,0.018854697829378337,"in_deg=0, out_deg=3, in_kzt=0, pass_through=nan; seed: in_kzt занижен по устройству выборки; Нет совпадений",0,3,0.0,93007.0,0.0002868488506751384,,0,True,False
100000006831291100,peripheral,0.4,80,0.018854697829378337,"in_deg=0, out_deg=1, in_kzt=0, pass_through=nan; seed: in_kzt занижен по устройству выборки; Нет совпадений",0,1,0.0,15000.0,0.0002868488506751384,,0,True,False
100000006866783100,coordinator,0.8,0,0.45938557720165224,"in_deg=13, out_deg=67, in_kzt=838812, pass_through=4.707; seed: in_kzt занижен по устройству выборки; BC=0.00615 >= p95=0.000158",13,67,838812.0,3948037.0,0.0008741047179040808,4.706700667133994,0,True,False
100000007018630100,peripheral,0.4,35,0.018854697829378337,"in_deg=0, out_deg=1, in_kzt=0, pass_through=nan; seed: in_kzt занижен по устройству выборки; Нет совпадений",0,1,0.0,200000.0,0.0002868488506751384,,0,True,False
100000007747786100,distributor,0.8,2,0.11885469782937834,"in_deg=0, out_deg=31, in_kzt=0, pass_through=nan; seed: in_kzt занижен по устройству выборки; Рассылка на 10+ узлов",0,31,0.0,4238009.4,0.0002868488506751384,,0,True,False
100000007982728100,peripheral,0.4,2,0.03135469782937834,"in_deg=0, out_deg=8, in_kzt=0, pass_through=nan; seed: in_kzt занижен по устройству выборки; Нет совпадений",0,8,0.0,1804384.0,0.0002868488506751384,,0,True,False
100000008117324100,peripheral,0.9,82,0.0,"in_deg=0, out_deg=0, in_kzt=0, pass_through=nan; seed: in_kzt занижен по устройству выборки; Нет связей",0,0,0.0,0.0,0.0,,0,True,False
100000008205000100,peripheral,0.9,83,0.0,"in_deg=0, out_deg=0, in_kzt=0, pass_through=nan; seed: in_kzt занижен по устройству выборки; Нет связей",0,0,0.0,0.0,0.0,,0,True,False
100000008314203100,peripheral,0.4,49,0.13319865236424172,"in_deg=2, out_deg=2, in_kzt=382076, pass_through=0.8559; seed: in_kzt занижен по устройству выборки; Нет совпадений",2,2,382076.0,327000.0,0.0005050728131960834,0.8558506684533967,0,True,False
100000008418835100,peripheral,0.4,69,0.08547325118595653,"in_deg=1, out_deg=4, in_kzt=1.372e+06, pass_through=0.1357; seed: in_kzt занижен по устройству выборки; Нет совпадений",1,4,1372000.0,186179.0,0.0005309030338467371,0.13569897959183674,0,True,False
100000008513251100,peripheral,0.9,84,0.0,"in_deg=0, out_deg=0, in_kzt=0, pass_through=nan; seed: in_kzt занижен по устройству выборки; Нет связей",0,0,0.0,0.0,0.0,,0,True,False
100000008516839100,terminal,0.9,46,0.10393830536581161,"in_deg=3, out_deg=0, in_kzt=155000, pass_through=0; seed: in_kzt занижен по устройству выборки; depth=0: нет выхода",3,0,155000.0,0.0,0.0010741596212647685,0.0,0,True,False
100000008522127100,peripheral,0.4,39,0.018854697829378337,"in_deg=0, out_deg=1, in_kzt=0, pass_through=nan; seed: in_kzt занижен по устройству выборки; Нет совпадений",0,1,0.0,145000.0,0.0002868488506751384,,0,True,False
100000008571433100,peripheral,0.4,56,0.10764909958383667,"in_deg=2, out_deg=2, in_kzt=350000, pass_through=4.097; seed: in_kzt занижен по устройству выборки; Нет совпадений",2,2,350000.0,1434000.0,0.0016372326866585755,4.097142857142857,0,True,False
100000008575624100,peripheral,0.4,67,0.018854697829378337,"in_deg=0, out_deg=3, in_kzt=0, pass_through=nan; seed: in_kzt занижен по устройству выборки; Нет совпадений",0,3,0.0,89500.0,0.0002868488506751384,,0,True,False
100000008601794100,peripheral,0.4,37,0.15693050902061223,"in_deg=2, out_deg=1, in_kzt=494400, pass_through=1.763; seed: in_kzt занижен по устройству выборки; Нет совпадений",2,1,494400.0,871400.0,0.002387285088965427,1.7625404530744337,0,True,False
100000008637537100,peripheral,0.4,49,0.1072826528278811,"in_deg=3, out_deg=3, in_kzt=619890, pass_through=3.793; seed: in_kzt занижен по устройству выборки; Нет совпадений",3,3,619890.0,2351495.0,0.0008320760827428094,3.793406894771653,0,True,False
100000008650785100,peripheral,0.4,3,0.09118526374643246,"in_deg=2, out_deg=2, in_kzt=92000, pass_through=1.306; seed: in_kzt занижен по устройству выборки; Нет совпадений",2,2,92000.0,120120.0,0.0006151829911466896,1.3056521739130436,0,True,False
100000008654653100,peripheral,0.4,3,0.11885469782937834,"in_deg=0, out_deg=1, in_kzt=0, pass_through=nan; seed: in_kzt занижен по устройству выборки; Нет совпадений",0,1,0.0,54000.0,0.0002868488506751384,,0,True,False
100000008659445100,peripheral,0.4,8,0.16157539021267855,"in_deg=3, out_deg=4, in_kzt=138490, pass_through=6.319; seed: in_kzt занижен по устройству выборки; Нет совпадений",3,4,138490.0,875150.0,0.0024576486184352342,6.319228825185934,0,True,False
100000008669037100,peripheral,0.9,85,0.0,"in_deg=0, out_deg=0, in_kzt=0, pass_through=nan; seed: in_kzt занижен по устройству выборки; Нет связей",0,0,0.0,0.0,0.0,,0,True,False
100000008673001100,terminal,0.9,46,0.13096170613342187,"in_deg=1, out_deg=0, in_kzt=80000, pass_through=0; seed: in_kzt занижен по устройству выборки; depth=0: нет выхода",1,0,80000.0,0.0,0.000471040687031062,0.0,0,True,False
100000008680731100,distributor,0.8,6,0.11885469782937834,"in_deg=0, out_deg=27, in_kzt=0, pass_through=nan; seed: in_kzt занижен по устройству выборки; Рассылка на 10+ узлов",0,27,0.0,1464354.0,0.0002868488506751384,,0,True,False
100000008701222100,peripheral,0.9,86,0.0,"in_deg=0, out_deg=0, in_kzt=0, pass_through=nan; seed: in_kzt занижен по устройству выборки; Нет связей",0,0,0.0,0.0,0.0,,0,True,False
100000008738325100,peripheral,0.4,46,0.13490310258527338,"in_deg=1, out_deg=1, in_kzt=36550, pass_through=1.477; seed: in_kzt занижен по устройству выборки; Нет совпадений",1,1,36550.0,54000.0,0.0005309030338467371,1.4774281805745555,0,True,False
100000003134937100,terminal,0.9,3,0.11892771577399218,"in_deg=1, out_deg=0, in_kzt=10286, pass_through=0; depth=1: нет выхода",1,0,10286.0,0.0,0.0002879597204265753,0.0,1,False,False
100000005074393100,coordinator,0.8,11,0.28971846101298415,"in_deg=4, out_deg=6, in_kzt=563026, pass_through=1.218; BC=0.000221 >= p95=0.000158",4,6,563026.0,685500.0,0.001064513470901251,1.2175281425724567,1,False,False
100000001924185100,terminal,0.9,10,0.12048233335340086,"in_deg=2, out_deg=0, in_kzt=151000, pass_through=0; depth=1: нет выхода",2,0,151000.0,0.0,0.0003116111345159545,0.0,1,False,False
100000004070318100,coordinator,0.8,0,0.30427872243267456,"in_deg=4, out_deg=19, in_kzt=207247, pass_through=2.663; BC=0.00211 >= p95=0.000158",4,19,207246.55,551860.0,0.00031551856613583904,2.662818753798314,1,False,False
100000005807278100,terminal,0.9,53,0.11934225741266109,"in_deg=1, out_deg=0, in_kzt=8385, pass_through=0; depth=1: нет выхода",1,0,8385.0,0.0,0.000294266413521592,0.0,1,False,False
100000003377795100,terminal,0.9,2,0.11888119434965977,"in_deg=1, out_deg=0, in_kzt=7000, pass_through=0; depth=1: нет выхода",1,0,7000.0,0.0,0.0002872519595691869,0.0,1,False,False
100000004330371100,coordinator,0.8,3,0.3440708250704561,"in_deg=2, out_deg=2, in_kzt=264171, pass_through=0.3433; BC=0.00034 >= p95=0.000158",2,2,264171.0,90681.0,0.0012610864292053746,0.3432662934235779,1,False,False
100000008165763100,coordinator,0.8,1,0.274747870725476,"in_deg=15, out_deg=17, in_kzt=1.16582e+06, pass_through=1.088; BC=0.000351 >= p95=0.000158",15,17,1165815.0,1267858.0,0.0009141720501285515,1.087529324978663,1,False,False
100000001684867100,terminal,0.9,3,0.11907156524216783,"in_deg=1, out_deg=0, in_kzt=30550, pass_through=0; depth=1: нет выхода",1,0,30550.0,0.0,0.0002901481964758771,0.0,1,False,False
100000003900547100,terminal,0.9,3,0.11902293867006937,"in_deg=1, out_deg=0, in_kzt=23700, pass_through=0; depth=1: нет выхода",1,0,23700.0,0.0,0.0002894084086285756,0.0,1,False,False
100000006656003100,peripheral,0.4,20,0.11913174452969467,"in_deg=1, out_deg=1, in_kzt=20000, pass_through=0.45; Нет совпадений",1,1,20000.0,9000.0,0.00029106374333946164,0.45,1,False,False
100000008237827100,terminal,0.9,1,0.11938326790776536,"in_deg=1, out_deg=0, in_kzt=40001, pass_through=0; depth=1: нет выхода",1,0,40001.0,0.0,0.00029489033300801034,0.0,1,False,False
100000003014659100,terminal,0.9,10,0.12165940754138722,"in_deg=1, out_deg=0, in_kzt=280000, pass_through=0; depth=1: нет выхода",1,0,280000.0,0.0,0.00032951873404572074,0.0,1,False,False
100000007939160100,peripheral,0.4,21,0.09392708069190896,"in_deg=1, out_deg=2, in_kzt=795000, pass_through=0.01799; Нет совпадений",1,2,795000.0,14300.0,0.0006680900198229337,0.017987421383647798,1,False,False
100000007274584100,terminal,0.9,1,0.11935682685062049,"in_deg=1, out_deg=0, in_kzt=38000, pass_through=0; depth=1: нет выхода",1,0,38000.0,0.0,0.00029448806791093586,0.0,1,False,False
100000001524952100,terminal,0.9,0,0.12014025946871221,"in_deg=1, out_deg=0, in_kzt=103807, pass_through=0; depth=1: нет выхода",1,0,103807.0,0.0,0.0003064069407623941,0.0,1,False,False
100000003131693100,terminal,0.9,1,0.12352287241457202,"in_deg=1, out_deg=0, in_kzt=353277, pass_through=0; depth=1: нет выхода",1,0,353277.0,0.0,0.0003578688440280549,0.0,1,False,False
100000008383405100,terminal,0.9,19,0.12020501651648757,"in_deg=1, out_deg=0, in_kzt=25000, pass_through=0; depth=1: нет выхода",1,0,25000.0,0.0,0.0003073921320868891,0.0,1,False,False
100000008736173100,terminal,0.9,20,0.11928495135496961,"in_deg=1, out_deg=0, in_kzt=31060, pass_through=0; depth=1: нет выхода",1,0,31060.0,0.0,0.0002933945789828324,0.0,1,False,False
100000002861485100,terminal,0.9,3,0.11906285505180801,"in_deg=1, out_deg=0, in_kzt=29323, pass_through=0; depth=1: нет выхода",1,0,29323.0,0.0,0.0002900156826527181,0.0,1,False,False
100000008745474100,terminal,0.9,20,0.11941653468528485,"in_deg=1, out_deg=0, in_kzt=40559, pass_through=0; depth=1: нет выхода",1,0,40559.0,0.0,0.00029539644225375273,0.0,1,False,False
100000008691330100,terminal,0.9,20,0.11915169189211745,"in_deg=1, out_deg=0, in_kzt=21440, pass_through=0; depth=1: нет выхода",1,0,21440.0,0.0,0.00029136721561129293,0.0,1,False,False
100000007639767100,coordinator,0.8,1,0.3219668916433574,"in_deg=4, out_deg=10, in_kzt=90913, pass_through=9.044; BC=0.00255 >= p95=0.000158",4,10,90913.0,822244.0,0.00030278321457567146,9.044295095310902,1,False,False
100000002921047100,peripheral,0.4,2,0.054987429257935705,"in_deg=2, out_deg=1, in_kzt=338000, pass_through=0.4822; Нет совпадений",2,1,338000.0,163000.02,0.0003184621242533609,0.48224857988165676,1,False,False
100000004783447100,terminal,0.9,20,0.11921762900679272,"in_deg=1, out_deg=0, in_kzt=26200, pass_through=0; depth=1: нет выхода",1,0,26200.0,0.0,0.00029237036006540183,0.0,1,False,False
100000008696919100,terminal,0.9,20,0.1192972106714586,"in_deg=1, out_deg=0, in_kzt=31945, pass_through=0; depth=1: нет выхода",1,0,31945.0,0.0,0.00029358108798322873,0.0,1,False,False
100000008736940100,peripheral,0.4,8,0.19427936971521784,"in_deg=3, out_deg=3, in_kzt=451090, pass_through=0.4037; Нет совпадений",3,3,451090.0,182100.0,0.0024481745423749293,0.40368884258130305,1,False,False
100000005940652100,terminal,0.9,49,0.11902090030385586,"in_deg=1, out_deg=0, in_kzt=8395, pass_through=0; depth=1: нет выхода",1,0,8395.0,0.0,0.0002893773976301022,0.0,1,False,False
100000004180097100,coordinator,0.8,0,0.2920046240378411,"in_deg=3, out_deg=3, in_kzt=104854, pass_through=0.4559; BC=0.000319 >= p95=0.000158",3,3,104854.0,47800.0,0.0008599843237032203,0.4558719743643542,1,False,False
100000005539201100,peripheral,0.4,3,0.07057979276192175,"in_deg=1, out_deg=1, in_kzt=45504, pass_through=0.5494; Нет совпадений",1,1,45504.0,25000.0,0.00029176320194573786,0.5494022503516175,1,False,False
100000005620225100,terminal,0.9,0,0.06955867847956013,"in_deg=2, out_deg=0, in_kzt=49845.7, pass_through=0; depth=1: нет выхода",2,0,49845.66,0.0,0.00029755896877035047,0.0,1,False,False
100000004388353100,terminal,0.9,10,0.07249766820410394,"in_deg=2, out_deg=0, in_kzt=62960, pass_through=0; depth=1: нет выхода",2,0,62960.0,0.0,0.000342271741802324,0.0,1,False,False
100000007442518100,coordinator,0.8,31,0.2583934292594411,"in_deg=5, out_deg=9, in_kzt=510000, pass_through=8.667; BC=0.000257 >= p95=0.000158",5,9,510000.0,4419999.0,0.0006515232072674919,8.666664705882352,1,False,False
100000000267734100,peripheral,0.4,2,0.04808904202216428,"in_deg=2, out_deg=7, in_kzt=180000, pass_through=1.567; Нет совпадений",2,7,180000.0,282000.0,0.0005396268570373788,1.5666666666666667,1,False,False
100000001987030100,peripheral,0.4,3,0.05464225227458819,"in_deg=2, out_deg=1, in_kzt=30864, pass_through=0.6156; Нет совпадений",2,1,30864.0,19000.0,0.0002951862409947939,0.6156039398652151,1,False,False
100000002603478100,terminal,0.9,6,0.11911213692611804,"in_deg=1, out_deg=0, in_kzt=23500, pass_through=0; depth=1: нет выхода",1,0,23500.0,0.0,0.00029076544004118823,0.0,1,False,False
100000001380054100,peripheral,0.4,25,0.08071083314773164,"in_deg=2, out_deg=3, in_kzt=127050, pass_through=2.834; Нет совпадений",2,3,127050.0,360000.0,0.0007193751577744338,2.833530106257379,1,False,False
100000002992171100,terminal,0.9,20,0.11905731593365469,"in_deg=1, out_deg=0, in_kzt=14627, pass_through=0; depth=1: нет выхода",1,0,14627.0,0.0,0.0002899314124251912,0.0,1,False,False
100000002781227100,transit,0.8,39,0.18307717142728824,"in_deg=2, out_deg=3, in_kzt=191168, pass_through=1.111; Вход близок к выходу",2,3,191167.62,212420.0,0.0023373647787345683,1.1111714421092862,1,False,False
100000008745643100,terminal,0.9,20,0.11913608031055462,"in_deg=1, out_deg=0, in_kzt=20313, pass_through=0; depth=1: нет выхода",1,0,20313.0,0.0,0.0002911297064096583,0.0,1,False,False
100000002836736100,terminal,0.9,2,0.07982620003020695,"in_deg=2, out_deg=0, in_kzt=509000, pass_through=0; depth=1: нет выхода",2,0,509000.0,0.0,0.00045376548996403247,0.0,1,False,False
100000004188160100,coordinator,0.8,3,0.31844014327982534,"in_deg=2, out_deg=5, in_kzt=87862, pass_through=1.523; BC=0.0025 >= p95=0.000158",2,5,87862.0,133846.0,0.0002981560916449918,1.5233661878855478,1,False,False
100000004841728100,terminal,0.9,20,0.11957790053588409,"in_deg=1, out_deg=0, in_kzt=52208, pass_through=0; depth=1: нет выхода",1,0,52208.0,0.0,0.00029785140648608786,0.0,1,False,False
100000001554432100,terminal,0.9,1,0.11956719248267772,"in_deg=1, out_deg=0, in_kzt=53920, pass_through=0; depth=1: нет выхода",1,0,53920.0,0.0,0.00029768849786866996,0.0,1,False,False
100000008768896100,terminal,0.9,20,0.11950658871522267,"in_deg=1, out_deg=0, in_kzt=47060, pass_through=0; depth=1: нет выхода",1,0,47060.0,0.0,0.00029676649311429106,0.0,1,False,False
100000008232832100,peripheral,0.4,49,0.08262039691402825,"in_deg=1, out_deg=1, in_kzt=337000, pass_through=0.4095; Нет совпадений",1,1,337000.0,138000.0,0.0004962754348031017,0.4094955489614243,1,False,False
100000002864256100,terminal,0.9,1,0.12064888410580618,"in_deg=1, out_deg=0, in_kzt=135780, pass_through=0; depth=1: нет выхода",1,0,135780.0,0.0,0.00031414498005083794,0.0,1,False,False
100000001929088100,terminal,0.9,2,0.12096824420065486,"in_deg=2, out_deg=0, in_kzt=396010, pass_through=0; depth=1: нет выхода",2,0,396010.0,0.0,0.00031900361406278716,0.0,1,False,False
100000002794197100,terminal,0.9,2,0.1189686328665885,"in_deg=1, out_deg=0, in_kzt=30100, pass_through=0; depth=1: нет выхода",1,0,30100.0,0.0,0.00028858221891954694,0.0,1,False,False
100000005669845100,terminal,0.9,25,0.12096397702019185,"in_deg=1, out_deg=0, in_kzt=20000, pass_through=0; depth=1: нет выхода",1,0,20000.0,0.0,0.0003189386946552999,0.0,1,False,False
100000002211413100,terminal,0.9,20,0.11936723422496355,"in_deg=1, out_deg=0, in_kzt=37000, pass_through=0; depth=1: нет выхода",1,0,37000.0,0.0,0.00029464640210413647,0.0,1,False,False
100000002784085100,terminal,0.9,4,0.1202725256481338,"in_deg=1, out_deg=0, in_kzt=200000, pass_through=0; depth=1: нет выхода",1,0,200000.0,0.0,0.0003084191926634115,0.0,1,False,False
100000008782421100,terminal,0.9,20,0.1195428818329641,"in_deg=1, out_deg=0, in_kzt=49680, pass_through=0; depth=1: нет выхода",1,0,49680.0,0.0,0.0002973186440533174,0.0,1,False,False
100000003739818100,terminal,0.9,1,0.11961176304027377,"in_deg=1, out_deg=0, in_kzt=57293, pass_through=0; depth=1: нет выхода",1,0,57293.0,0.0,0.0002983665789143632,0.0,1,False,False
100000002214570100,terminal,0.9,20,0.11922138298958201,"in_deg=1, out_deg=0, in_kzt=26471, pass_through=0; depth=1: нет выхода",1,0,26471.0,0.0,0.00029242747186100345,0.0,1,False,False
100000006443391100,peripheral,0.4,4,0.19341987327862978,"in_deg=3, out_deg=2, in_kzt=86775.9, pass_through=0.6919; Нет совпадений",3,2,86775.93,60041.71000000001,0.0024348970700620114,0.6919166409394865,1,False,False
100000005473151100,coordinator,0.8,16,0.2556509769954095,"in_deg=3, out_deg=4, in_kzt=1.22e+06, pass_through=0.1844; BC=0.000246 >= p95=0.000158",3,4,1220000.0,225000.0,0.0004703173260136694,0.18442622950819673,1,False,False
100000005124479100,peripheral,0.4,0,0.04660870764084976,"in_deg=2, out_deg=2, in_kzt=137753, pass_through=0.1597; Нет совпадений",2,2,137753.0,22000.0,0.00030458050269059774,0.15970614070110994,1,False,False
100000005527892100,coordinator,0.8,33,0.24627245146718718,"in_deg=3, out_deg=8, in_kzt=220001, pass_through=2.511; BC=0.000504 >= p95=0.000158",3,8,220001.0,552419.0,0.0003138247999831619,2.510984040981632,1,False,False
100000008028628100,terminal,0.9,20,0.11964738384832342,"in_deg=1, out_deg=0, in_kzt=57224, pass_through=0; depth=1: нет выхода",1,0,57224.0,0.0,0.0002989085015663001,0.0,1,False,False
100000001953577100,terminal,0.9,20,0.11907079425562508,"in_deg=1, out_deg=0, in_kzt=15600, pass_through=0; depth=1: нет выхода",1,0,15600.0,0.0,0.0002901364669533105,0.0,1,False,False
100000008193577100,peripheral,0.4,8,0.1025505430036373,"in_deg=2, out_deg=5, in_kzt=154300, pass_through=3.112; Нет совпадений",2,5,154300.0,480180.0,0.0012553919287856344,3.1119896305897603,1,False,False
100000008753193100,terminal,0.9,20,0.11934264633031048,"in_deg=1, out_deg=0, in_kzt=35225, pass_through=0; depth=1: нет выхода",1,0,35225.0,0.0,0.00029427233038017774,0.0,1,False,False
100000008746025100,terminal,0.9,20,0.1191594491997263,"in_deg=1, out_deg=0, in_kzt=22000, pass_through=0; depth=1: нет выхода",1,0,22000.0,0.0,0.000291485232605894,0.0,1,False,False
100000002934441100,terminal,0.9,0,0.06997086552217611,"in_deg=2, out_deg=0, in_kzt=60845.6, pass_through=0; depth=1: нет выхода",2,0,60845.6,0.0,0.0003038298398555054,0.0,1,False,False
100000003701161100,coordinator,0.8,27,0.3362697692540552,"in_deg=4, out_deg=3, in_kzt=1.5271e+06, pass_through=0.2285; BC=0.000217 >= p95=0.000158",4,3,1527103.0,349000.0,0.0016606404744765636,0.22853730232996727,1,False,False
100000006707582100,coordinator,0.8,10,0.2543290344340483,"in_deg=2, out_deg=14, in_kzt=39520, pass_through=24.32; BC=0.00037 >= p95=0.000158",2,14,39520.0,961138.0,0.0005404098122016996,24.320293522267207,1,False,False
100000003239379100,terminal,0.9,6,0.1198680219335665,"in_deg=1, out_deg=0, in_kzt=92500, pass_through=0; depth=1: нет выхода",1,0,92500.0,0.0,0.0003022652130734197,0.0,1,False,False
100000000979923100,terminal,0.9,10,0.11983534454654145,"in_deg=1, out_deg=0, in_kzt=97900, pass_through=0; depth=1: нет выхода",1,0,97900.0,0.0,0.0003017680706107813,0.0,1,False,False
100000001111763100,terminal,0.9,20,0.1190921822608895,"in_deg=1, out_deg=0, in_kzt=17144, pass_through=0; depth=1: нет выхода",1,0,17144.0,0.0,0.00029046185666699623,0.0,1,False,False
100000003865939100,terminal,0.9,64,0.134896483832236,"in_deg=1, out_deg=0, in_kzt=81465, pass_through=0; depth=1: нет выхода",1,0,81465.0,0.0,0.0005309030338467371,0.0,1,False,False
100000002858835100,terminal,0.9,20,0.11919269480376427,"in_deg=1, out_deg=0, in_kzt=24400, pass_through=0; depth=1: нет выхода",1,0,24400.0,0.0,0.00029199101972561276,0.0,1,False,False
100000003404627100,terminal,0.9,49,0.11598528261760874,"in_deg=4, out_deg=0, in_kzt=877700, pass_through=0; depth=1: нет выхода",4,0,877700.0,0.0,0.001384218616675345,0.0,1,False,False
100000008691027100,terminal,0.9,20,0.11909758467154567,"in_deg=1, out_deg=0, in_kzt=17534, pass_through=0; depth=1: нет выхода",1,0,17534.0,0.0,0.0002905440470739506,0.0,1,False,False
100000004071080100,consolidator,0.8,0,0.30136286345599944,"in_deg=9, out_deg=2, in_kzt=238600, pass_through=0.1949; Средства накапливаются",9,2,238600.0,46500.0,0.0013756642514148798,0.19488683989941324,1,False,False
100000002864680100,terminal,0.9,6,0.11946742478932917,"in_deg=1, out_deg=0, in_kzt=55932, pass_through=0; depth=1: нет выхода",1,0,55932.0,0.0,0.0002961706666930916,0.0,1,False,False
100000001330685100,consolidator,0.8,9,0.2545699454896749,"in_deg=3, out_deg=1, in_kzt=2.43592e+06, pass_through=0.04126; Средства накапливаются",3,1,2435923.0,100500.0,0.00044009946636472093,0.04125746175063826,1,False,False
100000008745725100,terminal,0.9,20,0.11950658871522267,"in_deg=1, out_deg=0, in_kzt=47060, pass_through=0; depth=1: нет выхода",1,0,47060.0,0.0,0.00029676649311429106,0.0,1,False,False
100000002621949100,terminal,0.9,1,0.12102986789371285,"in_deg=1, out_deg=0, in_kzt=164612, pass_through=0; depth=1: нет выхода",1,0,164612.0,0.0,0.000319941135612483,0.0,1,False,False
100000007908818100,coordinator,0.8,1,0.25731300615970587,"in_deg=4, out_deg=6, in_kzt=727475, pass_through=0.4151; BC=0.000181 >= p95=0.000158",4,6,727475.0,302000.0,0.0004774440730320631,0.4151345407058662,1,False,False
100000008691495100,terminal,0.9,20,0.11922871087480538,"in_deg=1, out_deg=0, in_kzt=27000, pass_through=0; depth=1: нет выхода",1,0,27000.0,0.0,0.00029253895577197476,0.0,1,False,False
100000003832231100,terminal,0.9,1,0.11931718508578558,"in_deg=1, out_deg=0, in_kzt=35000, pass_through=0; depth=1: нет выхода",1,0,35000.0,0.0,0.0002938849718133729,0.0,1,False,False
100000002371751100,transit,0.8,35,0.0849031025852734,"in_deg=1, out_deg=1, in_kzt=200000, pass_through=1.25; Вход близок к выходу",1,1,200000.0,250000.0,0.0005309030338467371,1.25,1,False,False
100000002894076100,terminal,0.9,2,0.07526558903907019,"in_deg=4, out_deg=0, in_kzt=1.12278e+06, pass_through=0; depth=1: нет выхода",4,0,1122782.0,0.0,0.00038438193192336144,0.0,1,False,False
100000001362940100,terminal,0.9,1,0.1199250254799208,"in_deg=1, out_deg=0, in_kzt=81000, pass_through=0; depth=1: нет выхода",1,0,81000.0,0.0,0.0003031324453093383,0.0,1,False,False
100000008741372100,terminal,0.9,20,0.11935303558157234,"in_deg=1, out_deg=0, in_kzt=35975, pass_through=0; depth=1: нет выхода",1,0,35975.0,0.0,0.0002944303888550899,0.0,1,False,False
100000002618492100,terminal,0.9,10,0.07436419731113478,"in_deg=2, out_deg=0, in_kzt=296500, pass_through=0; depth=1: нет выхода",2,0,296500.0,0.0,0.00037066846997843073,0.0,1,False,False
100000002750332100,terminal,0.9,4,0.11893523044948365,"in_deg=1, out_deg=0, in_kzt=11360, pass_through=0; depth=1: нет выхода",1,0,11360.0,0.0,0.00028807404610007225,0.0,1,False,False
100000004948177100,terminal,0.9,3,0.061203853014443116,"in_deg=3, out_deg=0, in_kzt=437163, pass_through=0; depth=1: нет выхода",3,0,437163.0,0.0,0.00042401244562977747,0.0,1,False,False
100000002511825100,terminal,0.9,0,0.11965966769226526,"in_deg=1, out_deg=0, in_kzt=65000, pass_through=0; depth=1: нет выхода",1,0,65000.0,0.0,0.0002990953837188794,0.0,1,False,False
100000008566737100,terminal,0.9,1,0.07307185984973755,"in_deg=2, out_deg=0, in_kzt=230000, pass_through=0; depth=1: нет выхода",2,0,230000.0,0.0,0.00035100729487815376,0.0,1,False,False
100000008661585100,terminal,0.9,20,0.11945230141429568,"in_deg=1, out_deg=0, in_kzt=43141, pass_through=0; depth=1: нет выхода",1,0,43141.0,0.0,0.0002959405848967169,0.0,1,False,False
100000004759121100,peripheral,0.4,9,0.11053509315483409,"in_deg=6, out_deg=2, in_kzt=710000, pass_through=0.4394; Нет совпадений",6,2,710000.0,312000.0,0.0014251342380562678,0.4394366197183099,1,False,False
100000004360785100,terminal,0.9,3,0.11952698680902576,"in_deg=1, out_deg=0, in_kzt=94705, pass_through=0; depth=1: нет выхода",1,0,94705.0,0.0,0.0002970768226574284,0.0,1,False,False
100000005092518100,terminal,0.9,20,0.11921685327603185,"in_deg=1, out_deg=0, in_kzt=26144, pass_through=0; depth=1: нет выхода",1,0,26144.0,0.0,0.00029235855836594175,0.0,1,False,False
100000008737958100,terminal,0.9,20,0.0697824277291009,"in_deg=2, out_deg=0, in_kzt=53373, pass_through=0; depth=1: нет выхода",2,0,53373.0,0.0,0.0003009630124549006,0.0,1,False,False
100000003044518100,terminal,0.9,2,0.11898499636047088,"in_deg=1, out_deg=0, in_kzt=34423, pass_through=0; depth=1: нет выхода",1,0,34423.0,0.0,0.00028883116745511436,0.0,1,False,False
100000004159526100,consolidator,0.8,38,0.27386676366806073,"in_deg=4, out_deg=4, in_kzt=275037, pass_through=0.2472; Средства накапливаются",4,4,275037.0,68000.0,0.0008567019383121547,0.24723946232688693,1,False,False
100000007544358100,transit,0.8,3,0.056474264049540486,"in_deg=2, out_deg=1, in_kzt=322500, pass_through=1.085; Вход близок к выходу",2,1,322500.0,350000.0,0.000342089268648019,1.0852713178294573,1,False,False
100000005901606100,terminal,0.9,20,0.11934867209604236,"in_deg=1, out_deg=0, in_kzt=35660, pass_through=0; depth=1: нет выхода",1,0,35660.0,0.0,0.00029436400429562676,0.0,1,False,False
100000006658598100,terminal,0.9,3,0.11891858675622304,"in_deg=1, out_deg=0, in_kzt=9000, pass_through=0; depth=1: нет выхода",1,0,9000.0,0.0,0.0002878208347080892,0.0,1,False,False
100000002793851100,terminal,0.9,3,0.11893315343154363,"in_deg=1, out_deg=0, in_kzt=11052, pass_through=0; depth=1: нет выхода",1,0,11052.0,0.0,0.00028804244706760203,0.0,1,False,False
100000005612411100,coordinator,0.8,1,0.23588315798654155,"in_deg=3, out_deg=8, in_kzt=115500, pass_through=4.39; BC=0.000158 >= p95=0.000158",3,8,115500.0,506997.0,0.0003286627982415827,4.389584415584416,1,False,False
100000007511163100,transit,0.8,3,0.07697868521273407,"in_deg=2, out_deg=3, in_kzt=63666, pass_through=1.289; Вход близок к выходу",2,3,63666.0,82052.0,0.0003410988058420594,1.2887883642760658,1,False,False
100000002648315100,peripheral,0.4,2,0.05270091733695058,"in_deg=1, out_deg=2, in_kzt=132000, pass_through=0.5758; Нет совпадений",1,2,132000.0,76000.0,0.000294450332677196,0.5757575757575758,1,False,False
100000004739664100,transit,0.8,20,0.06906725712082974,"in_deg=1, out_deg=1, in_kzt=12000, pass_through=0.8333; Вход близок к выходу",1,1,12000.0,10000.0,0.0002893777862737323,0.8333333333333334,1,False,False
100000003713616100,terminal,0.9,3,0.11896751857541643,"in_deg=1, out_deg=0, in_kzt=15893, pass_through=0; depth=1: нет выхода",1,0,15893.0,0.0,0.00028856526647910366,0.0,1,False,False
100000003476560100,terminal,0.9,1,0.1195153939099601,"in_deg=1, out_deg=0, in_kzt=50000, pass_through=0; depth=1: нет выхода",1,0,50000.0,0.0,0.00029690045230118767,0.0,1,False,False
100000008782800100,terminal,0.9,20,0.11945562597469948,"in_deg=1, out_deg=0, in_kzt=43381, pass_through=0; depth=1: нет выхода",1,0,43381.0,0.0,0.0002959911636086888,0.0,1,False,False
100000004218576100,terminal,0.9,20,0.11921685327603185,"in_deg=1, out_deg=0, in_kzt=26144, pass_through=0; depth=1: нет выхода",1,0,26144.0,0.0,0.00029235855836594175,0.0,1,False,False
100000003299365100,transit,0.8,1,0.1214974821517054,"in_deg=1, out_deg=1, in_kzt=200000, pass_through=1; Вход близок к выходу",1,1,200000.0,200000.0,0.0003270552571793357,1.0,1,False,False
100000008730021100,terminal,0.9,69,0.1309047874920874,"in_deg=1, out_deg=0, in_kzt=75555, pass_through=0; depth=1: нет выхода",1,0,75555.0,0.0,0.00047017474651074543,0.0,1,False,False
100000002757797100,terminal,0.9,6,0.11995018334741958,"in_deg=1, out_deg=0, in_kzt=100000, pass_through=0; depth=1: нет выхода",1,0,100000.0,0.0,0.0003035151884030101,0.0,1,False,False
100000002845605100,terminal,0.9,0,0.1195676162924062,"in_deg=1, out_deg=0, in_kzt=57567, pass_through=0; depth=1: нет выхода",1,0,57567.0,0.0,0.00029769494556327746,0.0,1,False,False
100000000817146100,terminal,0.9,3,0.13891190408931117,"in_deg=1, out_deg=0, in_kzt=70020, pass_through=0; depth=1: нет выхода",1,0,70020.0,0.0,0.0005919922486484179,0.0,1,False,False
100000002957306100,terminal,0.9,10,0.12345052074856794,"in_deg=2, out_deg=0, in_kzt=398490, pass_through=0; depth=1: нет выхода",2,0,398490.0,0.0,0.0003567681108089118,0.0,1,False,False
100000008188026100,peripheral,0.4,3,0.03916822314271791,"in_deg=2, out_deg=4, in_kzt=86468, pass_through=3.909; Нет совпадений",2,4,86468.0,337983.17,0.0003006429930811252,3.9087659018365173,1,False,False
100000004790991100,terminal,0.9,3,0.12055423556745268,"in_deg=1, out_deg=0, in_kzt=239413, pass_through=0; depth=1: нет выхода",1,0,239413.0,0.0,0.0003127050299285675,0.0,1,False,False
100000002973903100,terminal,0.9,6,0.05425403166034856,"in_deg=3, out_deg=0, in_kzt=92880, pass_through=0; depth=1: нет выхода",3,0,92880.0,0.0,0.00031828026758801,0.0,1,False,False
100000004325327100,transit,0.8,0,0.05414675285374648,"in_deg=2, out_deg=1, in_kzt=70817, pass_through=0.9885; Вход близок к выходу",2,1,70817.0,70000.0,0.000297113253610291,0.988463222107686,1,False,False
100000001477796100,terminal,0.9,1,0.12183130490744339,"in_deg=1, out_deg=0, in_kzt=182000, pass_through=0; depth=1: нет выхода",1,0,182000.0,0.0,0.0003321339211112203,0.0,1,False,False
100000007536804100,peripheral,0.4,2,0.05259302789316734,"in_deg=1, out_deg=2, in_kzt=100000, pass_through=0.55; Нет совпадений",1,2,100000.0,55000.0,0.0002926075491615456,0.55,1,False,False
100000008665380100,peripheral,0.4,0,0.05317359119768981,"in_deg=2, out_deg=1, in_kzt=69100, pass_through=0.2634; Нет совпадений",2,1,69100.0,18200.0,0.0002920753644667848,0.2633863965267728,1,False,False
100000001870116100,terminal,0.9,20,0.11918715386975794,"in_deg=1, out_deg=0, in_kzt=24000, pass_through=0; depth=1: нет выхода",1,0,24000.0,0.0,0.00029190672187232627,0.0,1,False,False
100000001074553100,terminal,0.9,4,0.11911408519751054,"in_deg=2, out_deg=0, in_kzt=28971, pass_through=0; depth=1: нет выхода",2,0,28971.0,0.0,0.00029079508036821983,0.0,1,False,False
100000000978041100,terminal,0.9,20,0.1194703648591563,"in_deg=1, out_deg=0, in_kzt=44445, pass_through=0; depth=1: нет выхода",1,0,44445.0,0.0,0.00029621539589843075,0.0,1,False,False
100000002603769100,terminal,0.9,0,0.06908291782549025,"in_deg=3, out_deg=0, in_kzt=1.18537e+06, pass_through=0; depth=1: нет выхода",3,0,1185368.0,0.0,0.0005438818121874442,0.0,1,False,False
100000005034574100,terminal,0.9,70,0.1280643773574244,"in_deg=1, out_deg=0, in_kzt=258816, pass_through=0; depth=1: нет выхода",1,0,258816.0,0.0,0.0004269617292591738,0.0,1,False,False
100000002958286100,terminal,0.9,4,0.1206766065764791,"in_deg=1, out_deg=0, in_kzt=257000, pass_through=0; depth=1: нет выхода",1,0,257000.0,0.0,0.0003145667401300694,0.0,1,False,False
100000005634552100,peripheral,0.4,0,0.04501281240956863,"in_deg=1, out_deg=3, in_kzt=25850, pass_through=46.27; Нет совпадений",1,3,25850.0,1196000.0,0.000289640604814225,46.2669245647969,1,False,False
100000008736760100,terminal,0.9,20,0.1196132101378394,"in_deg=1, out_deg=0, in_kzt=54757, pass_through=0; depth=1: нет выхода",1,0,54757.0,0.0,0.00029838859455615584,0.0,1,False,False
100000008701944100,terminal,0.9,69,0.12716783228214848,"in_deg=1, out_deg=0, in_kzt=52124, pass_through=0; depth=1: нет выхода",1,0,52124.0,0.0,0.00041332200261128005,0.0,1,False,False
100000008748408100,distributor,0.8,2,0.12683898953805858,"in_deg=1, out_deg=21, in_kzt=360000, pass_through=4.167; Рассылка на 10+ узлов",1,21,360000.0,1499960.0,0.000335541094644147,4.166555555555555,1,False,False
100000008486520100,peripheral,0.4,3,0.06975028492588037,"in_deg=1, out_deg=1, in_kzt=35720, pass_through=0.3919; Нет совпадений",1,1,35720.0,14000.0,0.0002907065473036944,0.3919372900335946,1,False,False
100000003163256100,transit,0.8,3,0.06959244378272572,"in_deg=1, out_deg=1, in_kzt=13485, pass_through=1.112; Вход близок к выходу",1,1,13485.0,15000.0,0.0002883052067511764,1.1123470522803114,1,False,False
100000003102157100,terminal,0.9,0,0.12005281497329921,"in_deg=1, out_deg=0, in_kzt=96746, pass_through=0; depth=1: нет выхода",1,0,96746.0,0.0,0.0003050765904574425,0.0,1,False,False
100000004741837100,terminal,0.9,3,0.11903639793732465,"in_deg=1, out_deg=0, in_kzt=25596, pass_through=0; depth=1: нет выхода",1,0,25596.0,0.0,0.0002896131732648506,0.0,1,False,False
100000008443341100,coordinator,0.8,0,0.28118567993576354,"in_deg=2, out_deg=3, in_kzt=34500, pass_through=1.449; BC=0.000366 >= p95=0.000158",2,3,34500.0,50000.0,0.000671792314388838,1.4492753623188406,1,False,False
100000004792397100,terminal,0.9,20,0.11987312149974116,"in_deg=1, out_deg=0, in_kzt=73520, pass_through=0; depth=1: нет выхода",1,0,73520.0,0.0,0.0003023427961091907,0.0,1,False,False
100000003809101100,peripheral,0.4,10,0.06168433388076887,"in_deg=2, out_deg=2, in_kzt=166050, pass_through=0.3324; Нет совпадений",2,2,166050.0,55200.0,0.00036356101123662506,0.3324299909665763,1,False,False
100000002838861100,consolidator,0.8,4,0.38160974205719944,"in_deg=5, out_deg=1, in_kzt=554524, pass_through=0.01803; Средства накапливаются",5,1,554523.95,10000.0,0.0021445334798070167,0.018033486200190272,1,False,False
100000008560717100,consolidator,0.8,9,0.2349839469350627,"in_deg=7, out_deg=1, in_kzt=529000, pass_through=0.04726; Средства накапливаются",7,1,529000.0,25000.0,0.0003322955354998574,0.04725897920604915,1,False,False
100000008693069100,terminal,0.9,20,0.11913174452969467,"in_deg=1, out_deg=0, in_kzt=20000, pass_through=0; depth=1: нет выхода",1,0,20000.0,0.0,0.00029106374333946164,0.0,1,False,False
100000008672162100,terminal,0.9,20,0.11907010163887428,"in_deg=1, out_deg=0, in_kzt=15550, pass_through=0; depth=1: нет выхода",1,0,15550.0,0.0,0.00029012592972164973,0.0,1,False,False
100000007311010100,peripheral,0.4,1,0.05455896641430777,"in_deg=2, out_deg=1, in_kzt=64480, pass_through=0.3102; Нет совпадений",2,1,64480.0,20000.0,0.000310735293731328,0.31017369727047145,1,False,False
100000005505655100,peripheral,0.4,12,0.08021482151412847,"in_deg=2, out_deg=1, in_kzt=33070, pass_through=0.6048; Нет совпадений",2,1,33070.0,20000.0,0.0003229334635277663,0.6047777441790142,1,False,False
100000004707703100,transit,0.8,3,0.08839326687403437,"in_deg=2, out_deg=5, in_kzt=239300, pass_through=0.968; Вход близок к выходу",2,5,239300.0,231650.0,0.0006383417067098009,0.9680317592979524,1,False,False
100000004005964100,transit,0.8,32,0.05172188680977211,"in_deg=3, out_deg=3, in_kzt=97900, pass_through=0.7354; Вход близок к выходу",3,3,97900.0,72000.0,0.00040628580390527854,0.7354443309499489,1,False,False
100000008244300100,terminal,0.9,0,0.051646179586444796,"in_deg=5, out_deg=0, in_kzt=65430, pass_through=0; depth=1: нет выхода",5,0,65430.0,0.0,0.0004814540293765088,0.0,1,False,False
100000002692044100,terminal,0.9,6,0.11991731878187835,"in_deg=1, out_deg=0, in_kzt=97000, pass_through=0; depth=1: нет выхода",1,0,97000.0,0.0,0.00030301519827117396,0.0,1,False,False
100000001103905100,terminal,0.9,20,0.11910403985966304,"in_deg=1, out_deg=0, in_kzt=18000, pass_through=0; depth=1: нет выхода",1,0,18000.0,0.0,0.00029064225407302935,0.0,1,False,False
100000008755361100,terminal,0.9,20,0.11905731593365469,"in_deg=1, out_deg=0, in_kzt=14627, pass_through=0; depth=1: нет выхода",1,0,14627.0,0.0,0.0002899314124251912,0.0,1,False,False
100000002810870100,terminal,0.9,20,0.119321202915706,"in_deg=1, out_deg=0, in_kzt=33677, pass_through=0; depth=1: нет выхода",1,0,33677.0,0.0,0.00029394609768795913,0.0,1,False,False
100000005897462100,terminal,0.9,10,0.11984035295674146,"in_deg=1, out_deg=0, in_kzt=98400, pass_through=0; depth=1: нет выхода",1,0,98400.0,0.0,0.0003018442668310859,0.0,1,False,False
100000000941942100,terminal,0.9,1,0.12057250763889094,"in_deg=1, out_deg=0, in_kzt=130000, pass_through=0; depth=1: нет выхода",1,0,130000.0,0.0,0.0003129830149028666,0.0,1,False,False
100000008723830100,transit,0.8,3,0.05645214172881964,"in_deg=2, out_deg=1, in_kzt=459785, pass_through=0.9896; Вход близок к выходу",2,1,459785.0,455000.0,0.0003417527073129891,0.9895929619278576,1,False,False
100000008776576100,terminal,0.9,20,0.11905922755588687,"in_deg=1, out_deg=0, in_kzt=14765, pass_through=0; depth=1: нет выхода",1,0,14765.0,0.0,0.000289960495184575,0.0,1,False,False
100000005432267100,terminal,0.9,1,0.0726007700032159,"in_deg=2, out_deg=0, in_kzt=350001, pass_through=0; depth=1: нет выхода",2,0,350001.0,0.0,0.0003438402969096735,0.0,1,False,False
100000006745291100,terminal,0.9,10,0.11968142608427457,"in_deg=1, out_deg=0, in_kzt=82534, pass_through=0; depth=1: нет выхода",1,0,82534.0,0.0,0.00029942640836837995,0.0,1,False,False
100000008670667100,terminal,0.9,20,0.11906988000151403,"in_deg=1, out_deg=0, in_kzt=15534, pass_through=0; depth=1: нет выхода",1,0,15534.0,0.0,0.00029012255780751825,0.0,1,False,False
100000002480800100,terminal,0.9,1,0.0923190750394245,"in_deg=2, out_deg=0, in_kzt=569251, pass_through=0; depth=1: нет выхода",2,0,569251.0,0.0,0.000643827768895838,0.0,1,False,False
100000002182176100,terminal,0.9,0,0.11938059083287822,"in_deg=1, out_deg=0, in_kzt=42465, pass_through=0; depth=1: нет выхода",1,0,42465.0,0.0,0.00029484960491671467,0.0,1,False,False
100000008219168100,terminal,0.9,2,0.11905607138351723,"in_deg=1, out_deg=0, in_kzt=53200, pass_through=0; depth=1: нет выхода",1,0,53200.0,0.0,0.00028991247826990705,0.0,1,False,False
100000004226848100,terminal,0.9,1,0.12284353149059625,"in_deg=1, out_deg=0, in_kzt=301866, pass_through=0; depth=1: нет выхода",1,0,301866.0,0.0,0.00034753358620411847,0.0,1,False,False
100000006326645100,terminal,0.9,20,0.11920466322121792,"in_deg=1, out_deg=0, in_kzt=25264, pass_through=0; depth=1: нет выхода",1,0,25264.0,0.0,0.0002921731030887115,0.0,1,False,False
100000003589877100,peripheral,0.4,39,0.03595629801117865,"in_deg=2, out_deg=6, in_kzt=176000, pass_through=2.364; Нет совпадений",2,6,176000.0,416129.0,0.0003083459858879622,2.364369318181818,1,False,False
100000003942602100,transit,0.8,20,0.11927026787985284,"in_deg=1, out_deg=1, in_kzt=30000, pass_through=1; Вход близок к выходу",1,1,30000.0,30000.0,0.00029317118967162324,1.0,1,False,False
100000000922570100,transit,0.8,6,0.06937730121626831,"in_deg=1, out_deg=1, in_kzt=47101, pass_through=1.062; Вход близок к выходу",1,1,47101.0,50000.0,0.00029469886240834323,1.0615485870788306,1,False,False
100000005079754100,peripheral,0.4,1,0.056290007133464715,"in_deg=1, out_deg=2, in_kzt=70000, pass_through=1.743; Нет совпадений",1,2,70000.0,122000.0,0.0003009210929516074,1.7428571428571429,1,False,False
100000003187359100,terminal,0.9,20,0.11911888956279999,"in_deg=1, out_deg=0, in_kzt=19072, pass_through=0; depth=1: нет выхода",1,0,19072.0,0.0,0.000290868172319837,0.0,1,False,False
100000000998559100,terminal,0.9,1,0.12017608999054187,"in_deg=1, out_deg=0, in_kzt=100000, pass_through=0; depth=1: нет выхода",1,0,100000.0,0.0,0.000306952053927237,0.0,1,False,False
100000008690932100,terminal,0.9,20,0.11917330153474212,"in_deg=1, out_deg=0, in_kzt=23000, pass_through=0; depth=1: нет выхода",1,0,23000.0,0.0,0.00029169597723911013,0.0,1,False,False
100000008773876100,terminal,0.9,20,0.11921652081999147,"in_deg=1, out_deg=0, in_kzt=26120, pass_through=0; depth=1: нет выхода",1,0,26120.0,0.0,0.0002923535004947446,0.0,1,False,False
100000006789108100,terminal,0.9,10,0.11923032859437953,"in_deg=1, out_deg=0, in_kzt=37500, pass_through=0; depth=1: нет выхода",1,0,37500.0,0.0,0.0002925635671979842,0.0,1,False,False
100000004058740100,terminal,0.9,20,0.11927026787985284,"in_deg=1, out_deg=0, in_kzt=30000, pass_through=0; depth=1: нет выхода",1,0,30000.0,0.0,0.00029317118967162324,0.0,1,False,False
100000007641801100,terminal,0.9,2,0.11961174126599071,"in_deg=1, out_deg=0, in_kzt=200000, pass_through=0; depth=1: нет выхода",1,0,200000.0,0.0,0.0002983662476479529,0.0,1,False,False
100000000555721100,terminal,0.9,0,0.0703410613484293,"in_deg=2, out_deg=0, in_kzt=113000, pass_through=0; depth=1: нет выхода",2,0,113000.0,0.0,0.0003094618711002596,0.0,1,False,False
100000008729801100,terminal,0.9,20,0.11909758467154567,"in_deg=1, out_deg=0, in_kzt=17534, pass_through=0; depth=1: нет выхода",1,0,17534.0,0.0,0.0002905440470739506,0.0,1,False,False
100000004664905100,terminal,0.9,3,0.07718940208437597,"in_deg=2, out_deg=0, in_kzt=329020, pass_through=0; depth=1: нет выхода",2,0,329020.0,0.0,0.00041365015812107607,0.0,1,False,False
100000003057225100,terminal,0.9,3,0.12053000746663925,"in_deg=1, out_deg=0, in_kzt=236000, pass_through=0; depth=1: нет выхода",1,0,236000.0,0.0,0.00031233643198362744,0.0,1,False,False
100000000703902100,terminal,0.9,20,0.11920791851994665,"in_deg=1, out_deg=0, in_kzt=25499, pass_through=0; depth=1: нет выхода",1,0,25499.0,0.0,0.0002922226280775173,0.0,1,False,False
100000008720798100,terminal,0.9,20,0.11906988000151403,"in_deg=1, out_deg=0, in_kzt=15534, pass_through=0; depth=1: нет выхода",1,0,15534.0,0.0,0.00029012255780751825,0.0,1,False,False
100000001411870100,terminal,0.9,2,0.08155963020281501,"in_deg=2, out_deg=0, in_kzt=900000, pass_through=0; depth=1: нет выхода",2,0,900000.0,0.0,0.0004801372969925954,0.0,1,False,False
100000008556318100,terminal,0.9,1,0.08700275519494083,"in_deg=2, out_deg=0, in_kzt=180132, pass_through=0; depth=1: нет выхода",2,0,180132.0,0.0,0.0005629471177705023,0.0,1,False,False
100000002720627100,terminal,0.9,10,0.12085105013510467,"in_deg=1, out_deg=0, in_kzt=199300, pass_through=0; depth=1: нет выхода",1,0,199300.0,0.0,0.00031722066408855645,0.0,1,False,False
100000003022835100,terminal,0.9,1,0.12050643803083276,"in_deg=1, out_deg=0, in_kzt=125000, pass_through=0; depth=1: нет выхода",1,0,125000.0,0.0,0.0003119778547402617,0.0,1,False,False
100000008304115100,terminal,0.9,6,0.11941339544357937,"in_deg=1, out_deg=0, in_kzt=51000, pass_through=0; depth=1: нет выхода",1,0,51000.0,0.0,0.00029534868291635294,0.0,1,False,False
100000003886323100,peripheral,0.4,3,0.1709257650241426,"in_deg=2, out_deg=1, in_kzt=78168, pass_through=0.09787; Нет совпадений",2,1,78168.0,7650.0,0.0018299553035193094,0.09786613447958244,1,False,False
100000000607731100,peripheral,0.4,25,0.07098383327930397,"in_deg=1, out_deg=1, in_kzt=20000, pass_through=3.333; Нет совпадений",1,1,20000.0,66666.0,0.0003189386946552999,3.3333,1,False,False
100000005961971100,terminal,0.9,20,0.1195106474493823,"in_deg=1, out_deg=0, in_kzt=47353, pass_through=0; depth=1: нет выхода",1,0,47353.0,0.0,0.00029682824129182334,0.0,1,False,False
100000000440392100,terminal,0.9,3,0.11960507327516928,"in_deg=1, out_deg=0, in_kzt=105705, pass_through=0; depth=1: нет выхода",1,0,105705.0,0.0,0.0002982648031421461,0.0,1,False,False
100000004105288100,terminal,0.9,1,0.08056926451129631,"in_deg=2, out_deg=0, in_kzt=215000, pass_through=0; depth=1: нет выхода",2,0,215000.0,0.0,0.00046507021594303433,0.0,1,False,False
100000008169544100,peripheral,0.4,3,0.07377979598213692,"in_deg=1, out_deg=4, in_kzt=137104, pass_through=0.3122; Нет совпадений",1,4,137104.0,42800.0,0.0003016558394366599,0.31217178200490137,1,False,False
100000004186824100,peripheral,0.4,3,0.058622087200289816,"in_deg=2, out_deg=1, in_kzt=451700, pass_through=0.0155; Нет совпадений",2,1,451700.0,7000.0,0.00038362670399067405,0.015497011290679655,1,False,False
100000008672200100,terminal,0.9,20,0.11897259505269796,"in_deg=1, out_deg=0, in_kzt=8511, pass_through=0; depth=1: нет выхода",1,0,8511.0,0.0,0.00028864249824844113,0.0,1,False,False
100000002188829100,terminal,0.9,1,0.12414026647403247,"in_deg=1, out_deg=0, in_kzt=400000, pass_through=0; depth=1: нет выхода",1,0,400000.0,0.0,0.000367261663683533,0.0,1,False,False
100000008717341100,terminal,0.9,20,0.11905731593365469,"in_deg=1, out_deg=0, in_kzt=14627, pass_through=0; depth=1: нет выхода",1,0,14627.0,0.0,0.0002899314124251912,0.0,1,False,False
100000002214301100,peripheral,0.4,0,0.07233028449743562,"in_deg=1, out_deg=1, in_kzt=21438, pass_through=0.3732; Нет совпадений",1,1,21438.0,8000.0,0.0002908879456811648,0.373169138912212,1,False,False
100000002565277100,terminal,0.9,1,0.12524123720879232,"in_deg=1, out_deg=0, in_kzt=483319, pass_through=0; depth=1: нет выхода",1,0,483319.0,0.0,0.000384011451601149,0.0,1,False,False
100000005546031100,consolidator,0.8,67,0.2803898197982682,"in_deg=3, out_deg=1, in_kzt=66800, pass_through=0.1198; Средства накапливаются",3,1,66800.0,8000.0,0.0007155990213297739,0.11976047904191617,1,False,False
100000003449074100,terminal,0.9,0,0.11897853934674556,"in_deg=1, out_deg=0, in_kzt=10000, pass_through=0; depth=1: нет выхода",1,0,10000.0,0.0,0.00028873293268186776,0.0,1,False,False
100000008748914100,coordinator,0.8,1,0.28789075310400797,"in_deg=2, out_deg=13, in_kzt=180000, pass_through=24.84; BC=0.000652 >= p95=0.000158",2,13,180000.0,4471847.0,0.0007942533093309326,24.843594444444445,1,False,False
100000004744306100,peripheral,0.4,46,0.09839640636459646,"in_deg=1, out_deg=2, in_kzt=69000, pass_through=1.333; Нет совпадений",1,2,69000.0,92000.0,0.0004627875910079735,1.3333333333333333,1,False,False
100000003158727100,terminal,0.9,2,0.05407332882274706,"in_deg=3, out_deg=0, in_kzt=367940, pass_through=0; depth=1: нет выхода",3,0,367940.0,0.0,0.0003155311171243542,0.0,1,False,False
100000001389255100,terminal,0.9,20,0.11907821910719356,"in_deg=1, out_deg=0, in_kzt=16136, pass_through=0; depth=1: нет выхода",1,0,16136.0,0.0,0.00029024942607671435,0.0,1,False,False
100000008695495100,terminal,0.9,20,0.11914559686471049,"in_deg=1, out_deg=0, in_kzt=21000, pass_through=0; depth=1: нет выхода",1,0,21000.0,0.0,0.00029127448797267784,0.0,1,False,False
100000004015047100,consolidator,0.8,2,0.384380106134116,"in_deg=9, out_deg=1, in_kzt=919104, pass_through=0.07529; Средства накапливаются",9,1,919104.0,69195.0,0.0022863430313044366,0.07528527783580531,1,False,False
100000005183943100,terminal,0.9,21,0.14031730421077557,"in_deg=1, out_deg=0, in_kzt=680900, pass_through=0; depth=1: нет выхода",1,0,680900.0,0.0,0.0006133735199490174,0.0,1,False,False
100000003004487100,coordinator,0.8,34,0.24960379487799766,"in_deg=4, out_deg=2, in_kzt=183703, pass_through=1.443; BC=0.000196 >= p95=0.000158",4,2,183702.8,265015.0,0.00035240525203726765,1.4426290726107605,1,False,False
100000003042994100,terminal,0.9,3,0.12088555644329962,"in_deg=1, out_deg=0, in_kzt=286086, pass_through=0; depth=1: нет выхода",1,0,286086.0,0.0,0.0003177456311252248,0.0,1,False,False
100000001899164100,consolidator,0.8,6,0.3018672146815375,"in_deg=4, out_deg=3, in_kzt=291675, pass_through=0.2623; Средства накапливаются",4,3,291675.0,76500.0,0.001181155112298038,0.2622782206222679,1,False,False
100000003946524100,transit,0.8,1,0.05885150978959597,"in_deg=2, out_deg=2, in_kzt=133757, pass_through=1.082; Вход близок к выходу",2,2,133757.0,144750.0,0.0003275053717421067,1.0821863528637754,1,False,False
100000008717340100,terminal,0.9,20,0.11942956973253473,"in_deg=1, out_deg=0, in_kzt=41500, pass_through=0; depth=1: нет выхода",1,0,41500.0,0.0,0.0002955947529536092,0.0,1,False,False
100000003831324100,terminal,0.9,2,0.07081025366309511,"in_deg=2, out_deg=0, in_kzt=300000, pass_through=0; depth=1: нет выхода",2,0,300000.0,0.0,0.0003166000006754677,0.0,1,False,False
100000008129393100,terminal,0.9,80,0.12057949123233272,"in_deg=1, out_deg=0, in_kzt=10000, pass_through=0; depth=1: нет выхода",1,0,10000.0,0.0,0.0003130892608777682,0.0,1,False,False
100000004388209100,terminal,0.9,20,0.11901815538256497,"in_deg=1, out_deg=0, in_kzt=11800, pass_through=0; depth=1: нет выхода",1,0,11800.0,0.0,0.00028933563734708905,0.0,1,False,False
100000000706545100,consolidator,0.8,3,0.4494238305844283,"in_deg=3, out_deg=1, in_kzt=1.0703e+06, pass_through=0.07082; Средства накапливаются",3,1,1070300.0,75800.0,0.003277557229983339,0.07082126506586939,1,False,False
100000004497606100,terminal,0.9,20,0.11906988000151403,"in_deg=1, out_deg=0, in_kzt=15534, pass_through=0; depth=1: нет выхода",1,0,15534.0,0.0,0.00029012255780751825,0.0,1,False,False
100000008470470100,terminal,0.9,20,0.11931940211215394,"in_deg=1, out_deg=0, in_kzt=33547, pass_through=0; depth=1: нет выхода",1,0,33547.0,0.0,0.000293918700885641,0.0,1,False,False
100000004318918100,terminal,0.9,10,0.11961196945162074,"in_deg=1, out_deg=0, in_kzt=75600, pass_through=0; depth=1: нет выхода",1,0,75600.0,0.0,0.0002983697191851956,0.0,1,False,False
100000005228059100,terminal,0.9,20,0.11921485853978957,"in_deg=1, out_deg=0, in_kzt=26000, pass_through=0; depth=1: нет выхода",1,0,26000.0,0.0,0.0002923282111387586,0.0,1,False,False
100000001609499100,coordinator,0.8,0,0.25234098564757484,"in_deg=3, out_deg=2, in_kzt=263113, pass_through=0.07981; BC=0.000187 >= p95=0.000158",3,2,263113.0,21000.0,0.0003223366953122211,0.07981361620292422,1,False,False
100000002824176100,terminal,0.9,2,0.12235501055458131,"in_deg=1, out_deg=0, in_kzt=144000, pass_through=0; depth=1: нет выхода",1,0,144000.0,0.0,0.0003401013976697427,0.0,1,False,False
100000001363952100,peripheral,0.4,7,0.05425077508563523,"in_deg=2, out_deg=1, in_kzt=196655, pass_through=0.4627; Нет совпадений",2,1,196655.0,91000.0,0.00030846326752516595,0.4627393150441128,1,False,False
100000001049200100,coordinator,0.8,40,0.27843062907564897,"in_deg=2, out_deg=4, in_kzt=76624, pass_through=0.4698; BC=0.00118 >= p95=0.000158",2,4,76624.0,36000.0,0.0002996239878397914,0.46982668615577367,1,False,False
100000002662768100,terminal,0.9,1,0.1202334229759766,"in_deg=1, out_deg=0, in_kzt=84300, pass_through=0; depth=1: нет выхода",1,0,84300.0,0.0,0.0003078242981353675,0.0,1,False,False
100000004737477100,transit,0.8,0,0.053275529415380836,"in_deg=2, out_deg=1, in_kzt=49598, pass_through=0.8166; Вход близок к выходу",2,1,49598.0,40500.0,0.00029362621724889526,0.8165651840800032,1,False,False
100000008680451100,terminal,0.9,20,0.11918069868164057,"in_deg=1, out_deg=0, in_kzt=23534, pass_through=0; depth=1: нет выхода",1,0,23534.0,0.0,0.00029180851487324756,0.0,1,False,False
100000001952325100,terminal,0.9,20,0.11993362849909026,"in_deg=1, out_deg=0, in_kzt=77888, pass_through=0; depth=1: нет выхода",1,0,77888.0,0.0,0.0003032633286670789,0.0,1,False,False
100000008751429100,consolidator,0.8,8,0.33355599220128207,"in_deg=3, out_deg=1, in_kzt=386200, pass_through=0.188; Средства накапливаются",3,1,386200.0,72600.0,0.00152475286361168,0.1879854997410668,1,False,False
100000001960517100,terminal,0.9,2,0.12371624328104915,"in_deg=1, out_deg=0, in_kzt=200000, pass_through=0; depth=1: нет выхода",1,0,200000.0,0.0,0.00036081072150097776,0.0,1,False,False
100000008686234100,terminal,0.9,0,0.11934731461716165,"in_deg=1, out_deg=0, in_kzt=39778, pass_through=0; depth=1: нет выхода",1,0,39778.0,0.0,0.0002943433520815065,0.0,1,False,False
100000004213658100,terminal,0.9,20,0.11920581296502425,"in_deg=1, out_deg=0, in_kzt=25347, pass_through=0; depth=1: нет выхода",1,0,25347.0,0.0,0.0002921905948932685,0.0,1,False,False
100000001194266100,terminal,0.9,1,0.1195153939099601,"in_deg=1, out_deg=0, in_kzt=50000, pass_through=0; depth=1: нет выхода",1,0,50000.0,0.0,0.00029690045230118767,0.0,1,False,False
100000002243354100,terminal,0.9,20,0.11914392073217357,"in_deg=1, out_deg=0, in_kzt=20879, pass_through=0; depth=1: нет выхода",1,0,20879.0,0.0,0.00029124898787205865,0.0,1,False,False
100000006069103100,transit,0.8,3,0.09795380224385312,"in_deg=3, out_deg=3, in_kzt=228818, pass_through=1.18; Вход близок к выходу",3,3,228818.0,270000.0,0.0011564584242151762,1.1799770997036947,1,False,False
100000002760175100,terminal,0.9,10,0.12073195014054829,"in_deg=1, out_deg=0, in_kzt=187410, pass_through=0; depth=1: нет выхода",1,0,187410.0,0.0,0.0003154087179697128,0.0,1,False,False
100000003567087100,terminal,0.9,20,0.11971513561888579,"in_deg=1, out_deg=0, in_kzt=62115, pass_through=0; depth=1: нет выхода",1,0,62115.0,0.0,0.0002999392535673604,0.0,1,False,False
100000008229700100,peripheral,0.4,6,0.0691187556791554,"in_deg=1, out_deg=1, in_kzt=23500, pass_through=0.3064; Нет совпадений",1,1,23500.0,7200.0,0.00029076544004118823,0.30638297872340425,1,False,False
100000004076740100,coordinator,0.8,14,0.2777622467960598,"in_deg=3, out_deg=6, in_kzt=93250, pass_through=1.34; BC=0.000443 >= p95=0.000158",3,6,93250.0,125000.0,0.0007445676652619175,1.3404825737265416,1,False,False
100000003284932100,terminal,0.9,1,0.11977868129807194,"in_deg=1, out_deg=0, in_kzt=69925, pass_through=0; depth=1: нет выхода",1,0,69925.0,0.0,0.0003009060155491684,0.0,1,False,False
100000008071620100,terminal,0.9,0,0.11943635666814868,"in_deg=1, out_deg=0, in_kzt=46968, pass_through=0; depth=1: нет выхода",1,0,46968.0,0.0,0.0002956980070443449,0.0,1,False,False
100000003235780100,terminal,0.9,0,0.06922633106396202,"in_deg=2, out_deg=0, in_kzt=65000, pass_through=0; depth=1: нет выхода",2,0,65000.0,0.0,0.00029250275015301337,0.0,1,False,False
100000005363908100,transit,0.8,67,0.07234983556184454,"in_deg=1, out_deg=1, in_kzt=19500, pass_through=1; Вход близок к выходу",1,1,19500.0,19500.0,0.0003400226671203471,1.0,1,False,False
100000001851289100,terminal,0.9,3,0.1196320840936853,"in_deg=1, out_deg=0, in_kzt=109510, pass_through=0; depth=1: нет выхода",1,0,109510.0,0.0,0.00029867573639163255,0.0,1,False,False
100000002870937100,terminal,0.9,2,0.11917152050760062,"in_deg=1, out_deg=0, in_kzt=83700, pass_through=0; depth=1: нет выхода",1,0,83700.0,0.0,0.00029166888130826126,0.0,1,False,False
100000002152857100,peripheral,0.4,2,0.04692572906688264,"in_deg=1, out_deg=5, in_kzt=105000, pass_through=11.71; Нет совпадений",1,5,105000.0,1230000.0,0.00030105075516609917,11.714285714285714,1,False,False
100000002600345100,terminal,0.9,3,0.06952481183105058,"in_deg=2, out_deg=0, in_kzt=52400, pass_through=0; depth=1: нет выхода",2,0,52400.0,0.0,0.00029704373329486887,0.0,1,False,False
100000002580377100,peripheral,0.4,3,0.06976469542826867,"in_deg=1, out_deg=1, in_kzt=37750, pass_through=0.1325; Нет совпадений",1,1,37750.0,5000.0,0.00029092578370223775,0.13245033112582782,1,False,False
100000004094958100,transit,0.8,67,0.07585159204734811,"in_deg=1, out_deg=1, in_kzt=39000, pass_through=1.026; Вход близок к выходу",1,1,39000.0,40000.0,0.00039319648356555577,1.0256410256410255,1,False,False
100000002609774100,peripheral,0.4,16,0.07825227983068253,"in_deg=1, out_deg=1, in_kzt=7700, pass_through=3.571; Нет совпадений",1,1,7700.0,27500.0,0.00028768043701444076,3.5714285714285716,1,False,False
100000002596035100,terminal,0.9,10,0.12117429292941369,"in_deg=1, out_deg=0, in_kzt=231570, pass_through=0; depth=1: нет выхода",1,0,231570.0,0.0,0.0003221383681470161,0.0,1,False,False
100000004664515100,terminal,0.9,0,0.11932146889248713,"in_deg=1, out_deg=0, in_kzt=37691, pass_through=0; depth=1: нет выхода",1,0,37691.0,0.0,0.0002939501441667021,0.0,1,False,False
100000000661912100,coordinator,0.8,0,0.3774584658608218,"in_deg=5, out_deg=2, in_kzt=393036, pass_through=1.096; BC=0.00136 >= p95=0.000158",5,2,393036.0,430700.0,0.0017684681959515515,1.0958283719557496,1,False,False
100000004144536100,terminal,0.9,32,0.08893447197161608,"in_deg=4, out_deg=0, in_kzt=168000, pass_through=0; depth=1: нет выхода",4,0,168000.0,0.0,0.0009726769407571354,0.0,1,False,False
100000006177176100,terminal,0.9,3,0.11891795496572424,"in_deg=1, out_deg=0, in_kzt=8911, pass_through=0; depth=1: нет выхода",1,0,8911.0,0.0,0.0002878112228659856,0.0,1,False,False
100000002158488100,terminal,0.9,20,0.11929413545308509,"in_deg=1, out_deg=0, in_kzt=31723, pass_through=0; depth=1: нет выхода",1,0,31723.0,0.0,0.00029353430267465473,0.0,1,False,False
100000000041368100,terminal,0.9,1,0.12096892528723999,"in_deg=1, out_deg=0, in_kzt=160000, pass_through=0; depth=1: нет выхода",1,0,160000.0,0.0,0.0003190139758784962,0.0,1,False,False
100000008722328100,terminal,0.9,20,0.11918267956554783,"in_deg=1, out_deg=0, in_kzt=23677, pass_through=0; depth=1: нет выхода",1,0,23677.0,0.0,0.00029183865135579747,0.0,1,False,False
100000008735384100,terminal,0.9,20,0.11939798640869867,"in_deg=1, out_deg=0, in_kzt=39220, pass_through=0; depth=1: нет выхода",1,0,39220.0,0.0,0.0002951142551898763,0.0,1,False,False
100000004480280100,peripheral,0.4,1,0.08865285290420385,"in_deg=1, out_deg=2, in_kzt=146694, pass_through=2.017; Нет совпадений",1,2,146694.0,295850.0,0.00031633904365377196,2.0167832358515003,1,False,False
100000004286573100,terminal,0.9,6,0.11903643887682139,"in_deg=1, out_deg=0, in_kzt=16590, pass_through=0; depth=1: нет выхода",1,0,16590.0,0.0,0.00028961379610419226,0.0,1,False,False
100000001746925100,peripheral,0.4,1,0.07368815803696076,"in_deg=1, out_deg=1, in_kzt=65250, pass_through=0.07663; Нет совпадений",1,1,65250.0,5000.0,0.00029996619079713274,0.07662835249042145,1,False,False
100000001660397100,coordinator,0.8,7,0.2612988304406588,"in_deg=2, out_deg=3, in_kzt=48600, pass_through=1.008; BC=0.000512 >= p95=0.000158",2,3,48600.0,49000.0,0.00029647040245110793,1.008230452674897,1,False,False
100000002591469100,terminal,0.9,2,0.11974675996291054,"in_deg=1, out_deg=0, in_kzt=235670, pass_through=0; depth=1: нет выхода",1,0,235670.0,0.0,0.00030042037539805447,0.0,1,False,False
100000002731501100,peripheral,0.4,32,0.044704769018059115,"in_deg=3, out_deg=7, in_kzt=570370, pass_through=1.462; Нет совпадений",3,7,570370.0,833960.0,0.00048768656883344495,1.4621386117783193,1,False,False
100000000089154100,distributor,0.8,0,0.13595131891164924,"in_deg=1, out_deg=15, in_kzt=10000, pass_through=42.55; Рассылка на 10+ узлов",1,15,10000.0,425500.0,0.00028873293268186776,42.55,1,False,False
100000008732098100,terminal,0.9,20,0.1190718608854213,"in_deg=1, out_deg=0, in_kzt=15677, pass_through=0; depth=1: нет выхода",1,0,15677.0,0.0,0.00029015269429006816,0.0,1,False,False
100000005456919100,peripheral,0.4,8,0.14123521074649506,"in_deg=2, out_deg=1, in_kzt=479950, pass_through=0.01042; Нет совпадений",2,1,479950.0,5000.0,0.0013880209367746214,0.010417751849150954,1,False,False
100000000507799100,peripheral,0.4,17,0.07274324298296964,"in_deg=1, out_deg=1, in_kzt=5132, pass_through=1.559; Нет совпадений",1,1,5132.0,8000.0,0.0002874030975703721,1.558846453624318,1,False,False
100000008716439100,terminal,0.9,20,0.11902462442301737,"in_deg=1, out_deg=0, in_kzt=12267, pass_through=0; depth=1: нет выхода",1,0,12267.0,0.0,0.00028943405509080104,0.0,1,False,False
100000002981527100,terminal,0.9,4,0.12004567319713293,"in_deg=1, out_deg=0, in_kzt=168000, pass_through=0; depth=1: нет выхода",1,0,168000.0,0.0,0.0003049679379452878,0.0,1,False,False
100000002844652100,terminal,0.9,2,0.11908695875573101,"in_deg=1, out_deg=0, in_kzt=61360, pass_through=0; depth=1: нет выхода",1,0,61360.0,0.0,0.00029038238806639786,0.0,1,False,False
100000002605548100,terminal,0.9,10,0.07075309276390054,"in_deg=2, out_deg=0, in_kzt=116695, pass_through=0; depth=1: нет выхода",2,0,116695.0,0.0,0.00031573037452786804,0.0,1,False,False
100000002750956100,terminal,0.9,0,0.11944190476812674,"in_deg=1, out_deg=0, in_kzt=47416, pass_through=0; depth=1: нет выхода",1,0,47416.0,0.0,0.00029578241391824643,0.0,1,False,False
100000002982252100,terminal,0.9,20,0.11913617727689974,"in_deg=1, out_deg=0, in_kzt=20320, pass_through=0; depth=1: нет выхода",1,0,20320.0,0.0,0.00029113118162209077,0.0,1,False,False
100000000961900100,terminal,0.9,0,0.06943225187172133,"in_deg=2, out_deg=0, in_kzt=36000, pass_through=0; depth=1: нет выхода",2,0,36000.0,0.0,0.00029563555809140516,0.0,1,False,False
100000007175718100,terminal,0.9,53,0.12001763064579515,"in_deg=1, out_deg=0, in_kzt=20000, pass_through=0; depth=1: нет выхода",1,0,20000.0,0.0,0.00030454130826954175,0.0,1,False,False
100000002306369100,peripheral,0.4,1,0.03639314161878333,"in_deg=1, out_deg=6, in_kzt=73166, pass_through=3.566; Нет совпадений",1,6,73166.0,260900.0,0.0003006339250855746,3.5658639258672062,1,False,False
100000000667713100,peripheral,0.4,3,0.05437164388320059,"in_deg=2, out_deg=6, in_kzt=119495, pass_through=0.6631; Нет совпадений",2,6,119495.0,79236.0,0.00032153406026379726,0.663090505878907,1,False,False
100000001072022100,terminal,0.9,1,0.0664798225421746,"in_deg=3, out_deg=0, in_kzt=1.684e+06, pass_through=0; depth=1: нет выхода",3,0,1684000.0,0.0,0.0005042792209937786,0.0,1,False,False
100000008116374100,terminal,0.9,3,0.1190767757390905,"in_deg=1, out_deg=0, in_kzt=31284, pass_through=0; depth=1: нет выхода",1,0,31284.0,0.0,0.00029022746717367556,0.0,1,False,False
100000000703894100,peripheral,0.4,25,0.08153022923337151,"in_deg=1, out_deg=1, in_kzt=120000, pass_through=0.2917; Нет совпадений",1,1,120000.0,35000.0,0.0004793879145561075,0.2916666666666667,1,False,False
100000008066326100,terminal,0.9,0,0.1190939596409318,"in_deg=1, out_deg=0, in_kzt=19320, pass_through=0; depth=1: нет выхода",1,0,19320.0,0.0,0.00029048889711213955,0.0,1,False,False
100000004662806100,peripheral,0.4,6,0.04646426523974022,"in_deg=2, out_deg=2, in_kzt=106585, pass_through=0.562; Нет совпадений",2,2,106585.0,59900.0,0.0003068136044092031,0.5619927757189098,1,False,False
100000005778283100,terminal,0.9,2,0.0955549711652599,"in_deg=3, out_deg=0, in_kzt=615760, pass_through=0; depth=1: нет выхода",3,0,615760.0,0.0,0.000439496671777111,0.0,1,False,False
100000004408683100,terminal,0.9,3,0.07543835089449374,"in_deg=2, out_deg=0, in_kzt=112920, pass_through=0; depth=1: нет выхода",2,0,112919.68,0.0,0.00038701027103105775,0.0,1,False,False
100000002704875100,terminal,0.9,7,0.05413523853085382,"in_deg=3, out_deg=0, in_kzt=244891, pass_through=0; depth=1: нет выхода",3,0,244891.0,0.0,0.00031647299000806526,0.0,1,False,False
100000008349675100,transit,0.8,2,0.06903740488577176,"in_deg=1, out_deg=1, in_kzt=46520, pass_through=0.7878; Вход близок к выходу",1,1,46520.0,36650.0,0.00028952779721101507,0.7878331900257953,1,False,False
100000006889963100,peripheral,0.4,9,0.06904754452251002,"in_deg=4, out_deg=1, in_kzt=1.431e+06, pass_through=0.3099; Нет совпадений",4,1,1431000.0,443475.8,0.0004291309761802344,0.30990621942697416,1,False,False
100000008771819100,terminal,0.9,20,0.11939355366149361,"in_deg=1, out_deg=0, in_kzt=38900, pass_through=0; depth=1: нет выхода",1,0,38900.0,0.0,0.0002950468169072472,0.0,1,False,False
100000008586731100,terminal,0.9,6,0.1189861560915433,"in_deg=1, out_deg=0, in_kzt=12000, pass_through=0; depth=1: нет выхода",1,0,12000.0,0.0,0.000288848811202483,0.0,1,False,False
100000005844459100,terminal,0.9,0,0.07232019694096593,"in_deg=2, out_deg=0, in_kzt=243400, pass_through=0; depth=1: нет выхода",2,0,243400.0,0.0,0.0003395717553947093,0.0,1,False,False
100000008172352100,coordinator,0.8,24,0.24101269529251756,"in_deg=3, out_deg=7, in_kzt=90265, pass_through=3.207; BC=0.00019 >= p95=0.000158",3,7,90265.0,289510.0,0.00037692105541289644,3.207333961114496,1,False,False
100000001162560100,distributor,0.8,4,0.12899491859901505,"in_deg=1, out_deg=12, in_kzt=331300, pass_through=8.767; Рассылка на 10+ узлов",1,12,331300.0,2904398.0,0.00032258012217871294,8.76667069121642,1,False,False
100000008779584100,terminal,0.9,20,0.11928966114887497,"in_deg=1, out_deg=0, in_kzt=31400, pass_through=0; depth=1: нет выхода",1,0,31400.0,0.0,0.0002934662321581259,0.0,1,False,False
100000007631637100,terminal,0.9,20,0.11906720650085598,"in_deg=1, out_deg=0, in_kzt=15341, pass_through=0; depth=1: нет выхода",1,0,15341.0,0.0,0.00029008188409330754,0.0,1,False,False
100000007347733100,terminal,0.9,80,0.12282293001155545,"in_deg=1, out_deg=0, in_kzt=23007, pass_through=0; depth=1: нет выхода",1,0,23007.0,0.0,0.00034722016242832873,0.0,1,False,False
100000001463701100,terminal,0.9,10,0.0877776102196963,"in_deg=2, out_deg=0, in_kzt=621000, pass_through=0; depth=1: нет выхода",2,0,621000.0,0.0,0.000574735494084051,0.0,1,False,False
100000008664469100,terminal,0.9,1,0.11918504586966923,"in_deg=1, out_deg=0, in_kzt=25000, pass_through=0; depth=1: нет выхода",1,0,25000.0,0.0,0.000291874651488163,0.0,1,False,False
100000003923946100,peripheral,0.4,2,0.05077566444660788,"in_deg=1, out_deg=4, in_kzt=282000, pass_through=2.394; Нет совпадений",1,4,282000.0,675000.0,0.0003911350885395719,2.393617021276596,1,False,False
100000006562026100,terminal,0.9,80,0.1452452442499622,"in_deg=2, out_deg=0, in_kzt=75000, pass_through=0; depth=1: нет выхода",2,0,75000.0,0.0,0.0006883454950625159,0.0,1,False,False
100000008776298100,terminal,0.9,20,0.11944757776805529,"in_deg=1, out_deg=0, in_kzt=42800, pass_through=0; depth=1: нет выхода",1,0,42800.0,0.0,0.00029586872097679017,0.0,1,False,False
100000006446271100,terminal,0.9,1,0.07072529245168813,"in_deg=2, out_deg=0, in_kzt=80000, pass_through=0; depth=1: нет выхода",2,0,80000.0,0.0,0.0003153074301943812,0.0,1,False,False
100000004588479100,terminal,0.9,3,0.12011567357851209,"in_deg=1, out_deg=0, in_kzt=177633, pass_through=0; depth=1: нет выхода",1,0,177633.0,0.0,0.00030603289953348934,0.0,1,False,False
100000002324543100,terminal,0.9,4,0.1190688040082886,"in_deg=1, out_deg=0, in_kzt=30202, pass_through=0; depth=1: нет выхода",1,0,30202.0,0.0,0.0002901061880187875,0.0,1,False,False
100000007129492100,transit,0.8,10,0.08695263133427895,"in_deg=2, out_deg=1, in_kzt=50990, pass_through=0.7256; Вход близок к выходу",2,1,50990.0,37000.0,0.0002958353310195967,0.725632476956266,1,False,False
100000003877908100,terminal,0.9,1,0.11938325469384375,"in_deg=1, out_deg=0, in_kzt=40000, pass_through=0; depth=1: нет выхода",1,0,40000.0,0.0,0.0002948901319759778,0.0,1,False,False
100000002748180100,peripheral,0.4,22,0.030358868387382526,"in_deg=1, out_deg=8, in_kzt=9900, pass_through=68.66; Нет совпадений",1,8,9900.0,679743.0,0.00028849881811019763,68.66090909090909,1,False,False
100000000945428100,terminal,0.9,0,0.11996467696538897,"in_deg=1, out_deg=0, in_kzt=89629, pass_through=0; depth=1: нет выхода",1,0,89629.0,0.0,0.0003037356892932532,0.0,1,False,False
100000003115284100,consolidator,0.8,10,0.32737128530257603,"in_deg=8, out_deg=2, in_kzt=2.1605e+06, pass_through=0.2393; Средства накапливаются",8,2,2160500.0,517000.0,0.0015347529278087768,0.23929645915297384,1,False,False
100000005394708100,peripheral,0.4,46,0.12279609428122987,"in_deg=1, out_deg=1, in_kzt=26000, pass_through=2.5; Нет совпадений",1,1,26000.0,65000.0,0.00034671119749081356,2.5,1,False,False
100000008747113100,terminal,0.9,9,0.07030319543805383,"in_deg=2, out_deg=0, in_kzt=197801, pass_through=0; depth=1: нет выхода",2,0,197801.0,0.0,0.0003088857922381499,0.0,1,False,False
100000004491881100,terminal,0.9,20,0.1190921822608895,"in_deg=1, out_deg=0, in_kzt=17144, pass_through=0; depth=1: нет выхода",1,0,17144.0,0.0,0.00029046185666699623,0.0,1,False,False
100000006008169100,terminal,0.9,6,0.11962153769200722,"in_deg=1, out_deg=0, in_kzt=70000, pass_through=0; depth=1: нет выхода",1,0,70000.0,0.0,0.0002985152870846486,0.0,1,False,False
100000002681449100,peripheral,0.4,49,0.04507580772156407,"in_deg=2, out_deg=2, in_kzt=94638, pass_through=1.405; Нет совпадений",2,2,94638.0,133000.0,0.00029645812466344356,1.4053551427544961,1,False,False
100000002645609100,terminal,0.9,0,0.04846085074858934,"in_deg=4, out_deg=0, in_kzt=546821, pass_through=0; depth=1: нет выхода",4,0,546820.6799999999,0.0,0.00035692526785594734,0.0,1,False,False
100000006369769100,terminal,0.9,20,0.119408791230011,"in_deg=1, out_deg=0, in_kzt=40000, pass_through=0; depth=1: нет выхода",1,0,40000.0,0.0,0.0002952786360037849,0.0,1,False,False
100000002173161100,terminal,0.9,3,0.062080523448510956,"in_deg=3, out_deg=0, in_kzt=1.4275e+06, pass_through=0; depth=1: нет выхода",3,0,1427500.0,0.0,0.00043734980636124494,0.0,1,False,False
100000008686313100,coordinator,0.8,0,0.3071700199362627,"in_deg=6, out_deg=7, in_kzt=1.91272e+06, pass_through=0.1745; BC=0.00202 >= p95=0.000158",6,7,1912716.0,333800.0,0.00046965063948727754,0.17451623764322566,1,False,False
100000004692798100,peripheral,0.4,6,0.1771618742734875,"in_deg=2, out_deg=1, in_kzt=240305, pass_through=0.06242; Нет совпадений",2,1,240305.0,15000.0,0.0019344960727247715,0.06242067372713843,1,False,False
100000002939838100,terminal,0.9,3,0.059743291997361926,"in_deg=3, out_deg=0, in_kzt=571233, pass_through=0; depth=1: нет выхода",3,0,571233.0,0.0,0.0004017919755441816,0.0,1,False,False
100000003119550100,terminal,0.9,20,0.11914559686471049,"in_deg=1, out_deg=0, in_kzt=21000, pass_through=0; depth=1: нет выхода",1,0,21000.0,0.0,0.00029127448797267784,0.0,1,False,False
100000004315838100,peripheral,0.4,1,0.05336609582372058,"in_deg=2, out_deg=1, in_kzt=50000, pass_through=0.36; Нет совпадений",2,1,50000.0,18000.0,0.00029268806861577944,0.36,1,False,False
100000002671806100,terminal,0.9,6,0.11899097622782268,"in_deg=1, out_deg=0, in_kzt=12440, pass_through=0; depth=1: нет выхода",1,0,12440.0,0.0,0.0002889221430884856,0.0,1,False,False
100000008716222100,terminal,0.9,20,0.11910403985966304,"in_deg=1, out_deg=0, in_kzt=18000, pass_through=0; depth=1: нет выхода",1,0,18000.0,0.0,0.00029064225407302935,0.0,1,False,False
100000005496254100,terminal,0.9,0,0.11901197655643471,"in_deg=1, out_deg=0, in_kzt=12700, pass_through=0; depth=1: нет выхода",1,0,12700.0,0.0,0.00028924163482368465,0.0,1,False,False
100000004622227100,transit,0.8,0,0.04576152065860388,"in_deg=1, out_deg=3, in_kzt=24931, pass_through=0.7621; Вход близок к выходу",1,3,24931.0,19000.0,0.0002915460555261154,0.762103405398901,1,False,False
100000000274067100,peripheral,0.4,2,0.05235066322865038,"in_deg=2, out_deg=3, in_kzt=517704, pass_through=5.735; Нет совпадений",2,3,517704.0,2969000.0,0.00041549935687245086,5.734937338710924,1,False,False
100000008782056100,terminal,0.9,20,0.11925755143630831,"in_deg=1, out_deg=0, in_kzt=29082, pass_through=0; depth=1: нет выхода",1,0,29082.0,0.0,0.0002929777260983308,0.0,1,False,False
100000006788200100,consolidator,0.8,2,0.23978243710681832,"in_deg=4, out_deg=3, in_kzt=272156, pass_through=0.237; Средства накапливаются",4,3,272155.8,64500.0,0.00033865826134583124,0.23699660268125833,1,False,False
100000001164648100,terminal,0.9,43,0.06915659150994047,"in_deg=2, out_deg=0, in_kzt=13660, pass_through=0; depth=1: нет выхода",2,0,13660.0,0.0,0.0002914417567020068,0.0,1,False,False
100000005133757100,terminal,0.9,7,0.06976815695863067,"in_deg=2, out_deg=0, in_kzt=65000, pass_through=0; depth=1: нет выхода",2,0,65000.0,0.0,0.00030074590188942354,0.0,1,False,False
100000006445501100,terminal,0.9,10,0.11976622848578122,"in_deg=1, out_deg=0, in_kzt=91000, pass_through=0; depth=1: нет выхода",1,0,91000.0,0.0,0.0003007165627705776,0.0,1,False,False
100000004390333100,coordinator,0.8,0,0.24478277854544123,"in_deg=2, out_deg=9, in_kzt=64558, pass_through=7.846; BC=0.000161 >= p95=0.000158",2,9,64558.0,506500.0,0.0002965323541047171,7.845658167849066,1,False,False
100000001641789100,terminal,0.9,2,0.13230037825694257,"in_deg=1, out_deg=0, in_kzt=17826, pass_through=0; depth=1: нет выхода",1,0,17826.0,0.0,0.0004914067816530845,0.0,1,False,False
100000000968253100,terminal,0.9,20,0.11906248285461558,"in_deg=1, out_deg=0, in_kzt=15000, pass_through=0; depth=1: нет выхода",1,0,15000.0,0.0,0.0002900100201733808,0.0,1,False,False
100000001527186100,terminal,0.9,1,0.12781373668206708,"in_deg=1, out_deg=0, in_kzt=678000, pass_through=0; depth=1: нет выхода",1,0,678000.0,0.0,0.0004231485687243672,0.0,1,False,False
100000005852946100,terminal,0.9,1,0.11916847561196824,"in_deg=1, out_deg=0, in_kzt=23746, pass_through=0; depth=1: нет выхода",1,0,23746.0,0.0,0.00029162255731938173,0.0,1,False,False
100000001530983100,coordinator,0.8,3,0.24793568091095403,"in_deg=4, out_deg=11, in_kzt=564158, pass_through=3.243; BC=0.000338 >= p95=0.000158",4,11,564158.0,1829538.0,0.00035767381242849576,3.24295321523403,1,False,False
100000008221543100,terminal,0.9,26,0.07452520985199386,"in_deg=2, out_deg=0, in_kzt=542000, pass_through=0; depth=1: нет выхода",2,0,542000.0,0.0,0.00037311805907859366,0.0,1,False,False
100000001937767100,peripheral,0.4,38,0.08572515817874163,"in_deg=1, out_deg=4, in_kzt=53000, pass_through=36.47; Нет совпадений",1,4,53000.0,1933000.0,0.0008950374707711298,36.471698113207545,1,False,False
100000002462183100,terminal,0.9,53,0.12510546171761874,"in_deg=1, out_deg=0, in_kzt=107500, pass_through=0; depth=1: нет выхода",1,0,107500.0,0.0,0.00038194581024505656,0.0,1,False,False
100000001805543100,terminal,0.9,3,0.11927352523869357,"in_deg=1, out_deg=0, in_kzt=59000, pass_through=0; depth=1: нет выхода",1,0,59000.0,0.0,0.00029322074600226063,0.0,1,False,False
100000002606567100,peripheral,0.4,0,0.06967127149273253,"in_deg=1, out_deg=1, in_kzt=14095, pass_through=3.76; Нет совпадений",1,1,14095.0,53000.0,0.0002895044642636235,3.7601986520042567,1,False,False
100000007281639100,terminal,0.9,3,0.07136312015895505,"in_deg=2, out_deg=0, in_kzt=216770, pass_through=0; depth=1: нет выхода",2,0,216770.0,0.0,0.00032501112029930524,0.0,1,False,False
100000002991079100,peripheral,0.4,3,0.06008391876208721,"in_deg=2, out_deg=1, in_kzt=148900, pass_through=0.07388; Нет совпадений",2,1,148900.0,11000.0,0.0003969046113959717,0.07387508394895903,1,False,False
100000002847207100,terminal,0.9,1,0.11946574920646519,"in_deg=1, out_deg=0, in_kzt=46243, pass_through=0; depth=1: нет выхода",1,0,46243.0,0.0,0.00029614517495500637,0.0,1,False,False
100000000011452100,consolidator,0.8,0,0.2651733719324283,"in_deg=3, out_deg=1, in_kzt=110000, pass_through=0.1517; Средства накапливаются",3,1,110000.0,16685.0,0.000482691511210183,0.1516818181818182,1,False,False
100000003148220100,peripheral,0.4,51,0.11060800269592443,"in_deg=1, out_deg=2, in_kzt=5650, pass_through=7.681; Нет совпадений",1,2,5650.0,43400.0,0.0009218677970301556,7.68141592920354,1,False,False
100000002479804100,transit,0.8,1,0.05299992920153698,"in_deg=1, out_deg=2, in_kzt=46000, pass_through=0.7674; Вход близок к выходу",1,2,46000.0,35300.0,0.00029829452781832393,0.7673913043478261,1,False,False
100000008745489100,terminal,0.9,20,0.11962404266382178,"in_deg=1, out_deg=0, in_kzt=55539, pass_through=0; depth=1: нет выхода",1,0,55539.0,0.0,0.0002985533968593309,0.0,1,False,False
100000002289937100,terminal,0.9,20,0.11913174452969467,"in_deg=1, out_deg=0, in_kzt=20000, pass_through=0; depth=1: нет выхода",1,0,20000.0,0.0,0.00029106374333946164,0.0,1,False,False
100000004679953100,coordinator,0.8,7,0.2505672304544325,"in_deg=3, out_deg=3, in_kzt=343538, pass_through=0.09926; BC=0.00036 >= p95=0.000158",3,3,343538.0,34100.0,0.00033574399052437904,0.09926121709970949,1,False,False
100000003066385100,terminal,0.9,0,0.06924874150835834,"in_deg=2, out_deg=0, in_kzt=20000, pass_through=0; depth=1: нет выхода",2,0,20000.0,0.0,0.000292843694901976,0.0,1,False,False
100000008744849100,terminal,0.9,20,0.1194703648591563,"in_deg=1, out_deg=0, in_kzt=44445, pass_through=0; depth=1: нет выхода",1,0,44445.0,0.0,0.00029621539589843075,0.0,1,False,False
100000005093521100,terminal,0.9,1,0.1190555494378752,"in_deg=1, out_deg=0, in_kzt=15200, pass_through=0; depth=1: нет выхода",1,0,15200.0,0.0,0.0002899045375694574,0.0,1,False,False
100000006518161100,transit,0.8,3,0.08045095760533244,"in_deg=3, out_deg=2, in_kzt=594200, pass_through=1.003; Вход близок к выходу",3,2,594200.0,595899.0,0.0008142086253494286,1.002859306630764,1,False,False
100000001126374100,consolidator,0.8,0,0.23867537990723606,"in_deg=4, out_deg=2, in_kzt=182500, pass_through=0.16; Средства накапливаются",4,2,182500.0,29200.0,0.0003148952571233323,0.16,1,False,False
100000004509286100,terminal,0.9,1,0.11938325469384375,"in_deg=1, out_deg=0, in_kzt=40000, pass_through=0; depth=1: нет выхода",1,0,40000.0,0.0,0.0002948901319759778,0.0,1,False,False
100000005056870100,terminal,0.9,53,0.12001763064579515,"in_deg=1, out_deg=0, in_kzt=20000, pass_through=0; depth=1: нет выхода",1,0,20000.0,0.0,0.00030454130826954175,0.0,1,False,False
100000008708368100,terminal,0.9,20,0.11918267956554783,"in_deg=1, out_deg=0, in_kzt=23677, pass_through=0; depth=1: нет выхода",1,0,23677.0,0.0,0.00029183865135579747,0.0,1,False,False
100000005895525100,terminal,0.9,53,0.12583229472787924,"in_deg=1, out_deg=0, in_kzt=120000, pass_through=0; depth=1: нет выхода",1,0,120000.0,0.0,0.0003930035962415586,0.0,1,False,False
100000008716773100,terminal,0.9,20,0.1190718608854213,"in_deg=1, out_deg=0, in_kzt=15677, pass_through=0; depth=1: нет выхода",1,0,15677.0,0.0,0.00029015269429006816,0.0,1,False,False
100000002778085100,terminal,0.9,3,0.11932469317032651,"in_deg=1, out_deg=0, in_kzt=66208, pass_through=0; depth=1: нет выхода",1,0,66208.0,0.0,0.00029399919721442836,0.0,1,False,False
100000007055802100,consolidator,0.8,0,0.29481675276113867,"in_deg=6, out_deg=1, in_kzt=2.025e+06, pass_through=0.2988; Средства накапливаются",6,1,2024999.0,605000.0,0.0011867330774222946,0.29876557963732325,1,False,False
100000003071930100,consolidator,0.8,4,0.24942970268377057,"in_deg=3, out_deg=1, in_kzt=477610, pass_through=0.01047; Средства накапливаются",3,1,477610.0,5000.0,0.0003499148355129672,0.010468792529469651,1,False,False
100000002941114100,peripheral,0.4,10,0.1716240180874719,"in_deg=2, out_deg=1, in_kzt=128510, pass_through=0.1167; Нет совпадений",2,1,128510.0,15000.0,0.0018398734161550532,0.11672243405182477,1,False,False
100000003888271100,peripheral,0.4,21,0.06925176579206385,"in_deg=1, out_deg=2, in_kzt=12177, pass_through=2.102; Нет совпадений",1,2,12177.0,25590.0,0.00029268831446974553,2.10150283321015,1,False,False
100000007507343100,terminal,0.9,56,0.1424305322085699,"in_deg=1, out_deg=0, in_kzt=370000, pass_through=0; depth=1: нет выхода",1,0,370000.0,0.0,0.0006455234397126382,0.0,1,False,False
100000008002020100,peripheral,0.4,6,0.06971677345730258,"in_deg=1, out_deg=1, in_kzt=73860, pass_through=0.2302; Нет совпадений",1,1,73860.0,17000.0,0.0002991586077209444,0.23016517736257786,1,False,False
100000001872484100,peripheral,0.4,37,0.18523149220246518,"in_deg=1, out_deg=3, in_kzt=871400, pass_through=0.5905; Нет совпадений",1,3,871400.0,514580.0,0.002310623959101203,0.5905210006885472,1,False,False
100000008769636100,terminal,0.9,20,0.119174936110274,"in_deg=1, out_deg=0, in_kzt=23118, pass_through=0; depth=1: нет выхода",1,0,23118.0,0.0,0.00029172084510582964,0.0,1,False,False
100000004135268100,transit,0.8,56,0.14852306139853375,"in_deg=2, out_deg=3, in_kzt=1.239e+06, pass_through=0.8073; Вход близок к выходу",2,3,1239000.0,1000200.0,0.0017518525045470586,0.8072639225181598,1,False,False
100000005316708100,peripheral,0.4,2,0.08636121752773931,"in_deg=1, out_deg=2, in_kzt=90000, pass_through=2.861; Нет совпадений",1,2,90000.0,257500.0,0.0002990219116673905,2.861111111111111,1,False,False
100000008671929100,terminal,0.9,1,0.119845741950251,"in_deg=1, out_deg=0, in_kzt=75000, pass_through=0; depth=1: нет выхода",1,0,75000.0,0.0,0.0003019262531142123,0.0,1,False,False
100000005287097100,coordinator,0.8,3,0.2683704416955504,"in_deg=2, out_deg=9, in_kzt=127173, pass_through=5.483; BC=0.000797 >= p95=0.000158",2,9,127173.0,697300.0,0.00030406133800166924,5.483082100760382,1,False,False
100000007283257100,terminal,0.9,70,0.12568680430418996,"in_deg=1, out_deg=0, in_kzt=192000, pass_through=0; depth=1: нет выхода",1,0,192000.0,0.0,0.00039079015526270175,0.0,1,False,False
100000004847758100,coordinator,0.8,0,0.2766125206507646,"in_deg=4, out_deg=15, in_kzt=115171, pass_through=4.244; BC=0.00138 >= p95=0.000158",4,15,115171.0,488800.0,0.0003061000772998295,4.244123954815014,1,False,False
100000008737422100,terminal,0.9,20,0.11991998394909968,"in_deg=1, out_deg=0, in_kzt=76903, pass_through=0; depth=1: нет выхода",1,0,76903.0,0.0,0.00030305574520336103,0.0,1,False,False
100000008555918100,peripheral,0.4,1,0.055616055133158315,"in_deg=1, out_deg=2, in_kzt=139211, pass_through=0.311; Нет совпадений",1,2,139211.0,43300.0,0.0003148347209544174,0.3110386391879952,1,False,False
100000008094734100,terminal,0.9,0,0.07272016128015474,"in_deg=4, out_deg=0, in_kzt=236249, pass_through=0; depth=1: нет выхода",4,0,236249.0,0.0,0.00034565667449792524,0.0,1,False,False
100000006952718100,terminal,0.9,3,0.11936218177284505,"in_deg=1, out_deg=0, in_kzt=71489, pass_through=0; depth=1: нет выхода",1,0,71489.0,0.0,0.00029456953584531875,0.0,1,False,False
100000005339662100,peripheral,0.4,3,0.1475805731392514,"in_deg=4, out_deg=4, in_kzt=202939, pass_through=1.454; Нет совпадений",4,4,202939.0,295160.0,0.00166716269738381,1.4544271924075707,1,False,False
100000001716579100,terminal,0.9,20,0.11904746692345844,"in_deg=1, out_deg=0, in_kzt=13916, pass_through=0; depth=1: нет выхода",1,0,13916.0,0.0,0.0002897815729909745,0.0,1,False,False
100000002774456100,terminal,0.9,10,0.11935917495518514,"in_deg=1, out_deg=0, in_kzt=50363, pass_through=0; depth=1: нет выхода",1,0,50363.0,0.0,0.00029452379116154067,0.0,1,False,False
100000004394765100,consolidator,0.8,3,0.28728346979161956,"in_deg=3, out_deg=2, in_kzt=603844, pass_through=0.1366; Средства накапливаются",3,2,603844.0,82500.0,0.00038196590482139484,0.13662469114539516,1,False,False
100000004004621100,terminal,0.9,11,0.053191513587639655,"in_deg=3, out_deg=0, in_kzt=75389, pass_through=0; depth=1: нет выхода",3,0,75389.0,0.0,0.0003021154851695287,0.0,1,False,False
100000000907277100,terminal,0.9,20,0.11909758467154567,"in_deg=1, out_deg=0, in_kzt=17534, pass_through=0; depth=1: нет выхода",1,0,17534.0,0.0,0.0002905440470739506,0.0,1,False,False
100000003835149100,peripheral,0.4,19,0.06566976768991378,"in_deg=1, out_deg=2, in_kzt=248500, pass_through=18.51; Нет совпадений",1,2,248500.0,4600440.0,0.0004910490679079407,18.512837022132796,1,False,False
100000004254434100,terminal,0.9,20,0.1194703648591563,"in_deg=1, out_deg=0, in_kzt=44445, pass_through=0; depth=1: нет выхода",1,0,44445.0,0.0,0.00029621539589843075,0.0,1,False,False
100000003635170100,coordinator,0.8,10,0.30203902976255376,"in_deg=3, out_deg=4, in_kzt=268500, pass_through=0.9441; BC=0.000191 >= p95=0.000158",3,4,268500.0,253500.0,0.001152553467557802,0.9441340782122905,1,False,False
100000006687202100,terminal,0.9,0,0.11947390541621443,"in_deg=1, out_deg=0, in_kzt=50000, pass_through=0; depth=1: нет выхода",1,0,50000.0,0.0,0.0002962692607087853,0.0,1,False,False
100000006030946100,terminal,0.9,20,0.11986992161035252,"in_deg=1, out_deg=0, in_kzt=73289, pass_through=0; depth=1: нет выхода",1,0,73289.0,0.0,0.0003022941140989178,0.0,1,False,False
100000002615479100,terminal,0.9,4,0.12041430843000935,"in_deg=1, out_deg=0, in_kzt=220000, pass_through=0; depth=1: нет выхода",1,0,220000.0,0.0,0.00031057622686223886,0.0,1,False,False
100000002952631100,terminal,0.9,3,0.11919579371103252,"in_deg=1, out_deg=0, in_kzt=48050, pass_through=0; depth=1: нет выхода",1,0,48050.0,0.0,0.0002920381654288371,0.0,1,False,False
100000002890167100,terminal,0.9,3,0.1196934174634562,"in_deg=1, out_deg=0, in_kzt=118150, pass_through=0; depth=1: нет выхода",1,0,118150.0,0.0,0.0002996088410632654,0.0,1,False,False
100000008687671100,terminal,0.9,20,0.11937416039247147,"in_deg=1, out_deg=0, in_kzt=37500, pass_through=0; depth=1: нет выхода",1,0,37500.0,0.0,0.00029475177442074454,0.0,1,False,False
100000000810551100,peripheral,0.4,1,0.07277137659819585,"in_deg=1, out_deg=1, in_kzt=100000, pass_through=0.071; Нет совпадений",1,1,100000.0,7100.0,0.000306952053927237,0.071,1,False,False
100000008724279100,terminal,0.9,3,0.11893810837275892,"in_deg=1, out_deg=0, in_kzt=11750, pass_through=0; depth=1: нет выхода",1,0,11750.0,0.0,0.0002881178298292686,0.0,1,False,False
100000002592567100,peripheral,0.4,3,0.10961759553941865,"in_deg=1, out_deg=2, in_kzt=5297, pass_through=9.175; Нет совпадений",1,2,5297.0,48600.0,0.0002874209172776429,9.175004719652634,1,False,False
100000002670860100,terminal,0.9,22,0.0703977044636342,"in_deg=2, out_deg=0, in_kzt=450000, pass_through=0; depth=1: нет выхода",2,0,450000.0,0.0,0.00031032361986134925,0.0,1,False,False
100000002844897100,terminal,0.9,4,0.11893126053159114,"in_deg=1, out_deg=0, in_kzt=10800, pass_through=0; depth=1: нет выхода",1,0,10800.0,0.0,0.0002880136491425051,0.0,1,False,False
100000007938486100,terminal,0.9,20,0.1194018650625031,"in_deg=1, out_deg=0, in_kzt=39500, pass_through=0; depth=1: нет выхода",1,0,39500.0,0.0,0.00029517326368717683,0.0,1,False,False
100000008438656100,peripheral,0.4,1,0.05376251347206964,"in_deg=2, out_deg=1, in_kzt=80000, pass_through=0.0625; Нет совпадений",2,1,80000.0,5000.0,0.00029871902959140905,0.0625,1,False,False
100000008304139100,coordinator,0.8,1,0.27188182869948135,"in_deg=4, out_deg=24, in_kzt=189330, pass_through=8.942; BC=0.00133 >= p95=0.000158",4,24,189329.75,1692997.0,0.00031501336655354435,8.942054801213228,1,False,False
100000002597003100,peripheral,0.4,0,0.06971591635974339,"in_deg=1, out_deg=1, in_kzt=17700, pass_through=0.6215; Нет совпадений",1,1,17700.0,11000.0,0.00029018367582704934,0.6214689265536724,1,False,False
100000002830055100,terminal,0.9,20,0.11904863051959977,"in_deg=1, out_deg=0, in_kzt=14000, pass_through=0; depth=1: нет выхода",1,0,14000.0,0.0,0.00028979927554016467,0.0,1,False,False
100000004299488100,consolidator,0.8,0,0.3114538980093264,"in_deg=6, out_deg=2, in_kzt=1.749e+06, pass_through=0.1973; Средства накапливаются",6,2,1749000.0,344999.0,0.0014677101163357964,0.19725500285877645,1,False,False
100000002809568100,terminal,0.9,0,0.11897853934674556,"in_deg=1, out_deg=0, in_kzt=10000, pass_through=0; depth=1: нет выхода",1,0,10000.0,0.0,0.00028873293268186776,0.0,1,False,False
100000004784224100,peripheral,0.4,19,0.0701306161482984,"in_deg=1, out_deg=1, in_kzt=23500, pass_through=4.255; Нет совпадений",1,1,23500.0,100000.0,0.0003061595352021841,4.25531914893617,1,False,False
100000003123296100,terminal,0.9,6,0.1197990063459299,"in_deg=1, out_deg=0, in_kzt=86200, pass_through=0; depth=1: нет выхода",1,0,86200.0,0.0,0.0003012152337965638,0.0,1,False,False
100000004130144100,terminal,0.9,2,0.11961174126599071,"in_deg=1, out_deg=0, in_kzt=200000, pass_through=0; depth=1: нет выхода",1,0,200000.0,0.0,0.0002983662476479529,0.0,1,False,False
100000001253557100,terminal,0.9,39,0.043178392834288745,"in_deg=5, out_deg=0, in_kzt=210200, pass_through=0; depth=1: нет выхода",5,0,210200.0,0.0,0.0003526280508538812,0.0,1,False,False
100000008767925100,terminal,0.9,20,0.1190921822608895,"in_deg=1, out_deg=0, in_kzt=17144, pass_through=0; depth=1: нет выхода",1,0,17144.0,0.0,0.00029046185666699623,0.0,1,False,False
100000007181706100,terminal,0.9,1,0.07106523593919228,"in_deg=2, out_deg=0, in_kzt=176272, pass_through=0; depth=1: нет выхода",2,0,176272.0,0.0,0.0003204792128221106,0.0,1,False,False
100000003366154100,peripheral,0.4,1,0.047559640130431236,"in_deg=1, out_deg=3, in_kzt=125000, pass_through=2.313; Нет совпадений",1,3,125000.0,289170.0,0.0003119778547402617,2.31336,1,False,False
100000007641183100,terminal,0.9,3,0.11905346337956184,"in_deg=1, out_deg=0, in_kzt=28000, pass_through=0; depth=1: нет выхода",1,0,28000.0,0.0,0.0002898728009998744,0.0,1,False,False
100000008663007100,terminal,0.9,20,0.11904863051959977,"in_deg=1, out_deg=0, in_kzt=14000, pass_through=0; depth=1: нет выхода",1,0,14000.0,0.0,0.00028979927554016467,0.0,1,False,False
100000007334196100,terminal,0.9,10,0.1203572409230239,"in_deg=1, out_deg=0, in_kzt=150002, pass_through=0; depth=1: нет выхода",1,0,150002.0,0.0,0.00030970802155140303,0.0,1,False,False
100000003873332100,peripheral,0.4,40,0.06899312779971,"in_deg=1, out_deg=4, in_kzt=23468, pass_through=12.19; Нет совпадений",1,4,23468.0,286000.0,0.0002912704143285309,12.186807567751833,1,False,False
100000001550388100,terminal,0.9,0,0.11947390541621443,"in_deg=1, out_deg=0, in_kzt=50000, pass_through=0; depth=1: нет выхода",1,0,50000.0,0.0,0.0002962692607087853,0.0,1,False,False
100000008718089100,terminal,0.9,20,0.11906988000151403,"in_deg=1, out_deg=0, in_kzt=15534, pass_through=0; depth=1: нет выхода",1,0,15534.0,0.0,0.00029012255780751825,0.0,1,False,False
100000008728457100,terminal,0.9,10,0.11930545474737977,"in_deg=1, out_deg=0, in_kzt=45000, pass_through=0; depth=1: нет выхода",1,0,45000.0,0.0,0.0002937065105025534,0.0,1,False,False
100000004206046100,terminal,0.9,3,0.11893331670324556,"in_deg=1, out_deg=0, in_kzt=11075, pass_through=0; depth=1: нет выхода",1,0,11075.0,0.0,0.0002880449310267973,0.0,1,False,False
100000006579678100,coordinator,0.8,3,0.2729627531644496,"in_deg=2, out_deg=6, in_kzt=192930, pass_through=8.65; BC=0.000457 >= p95=0.000158",2,6,192930.0,1668800.0,0.0006283224398262306,8.649769346395066,1,False,False
100000002988894100,peripheral,0.4,1,0.05028250782050768,"in_deg=1, out_deg=3, in_kzt=306121, pass_through=0.2532; Нет совпадений",1,3,306121.0,77500.0,0.0003483889775024953,0.25316786499456095,1,False,False
100000008749406100,terminal,0.9,20,0.1190921822608895,"in_deg=1, out_deg=0, in_kzt=17144, pass_through=0; depth=1: нет выхода",1,0,17144.0,0.0,0.00029046185666699623,0.0,1,False,False
100000005584222100,peripheral,0.4,0,0.0924271245202691,"in_deg=2, out_deg=2, in_kzt=192717, pass_through=0.5635; Нет совпадений",2,2,192717.0,108587.0,0.0008793968910150205,0.5634531463233653,1,False,False
100000003239859100,terminal,0.9,6,0.11905845813573401,"in_deg=1, out_deg=0, in_kzt=18600, pass_through=0; depth=1: нет выхода",1,0,18600.0,0.0,0.0002899487894925225,0.0,1,False,False
100000003980083100,terminal,0.9,58,0.134896483832236,"in_deg=1, out_deg=0, in_kzt=30000, pass_through=0; depth=1: нет выхода",1,0,30000.0,0.0,0.0005309030338467371,0.0,1,False,False
100000004351795100,coordinator,0.8,0,0.3143196293702411,"in_deg=3, out_deg=14, in_kzt=118333, pass_through=14.49; BC=0.00247 >= p95=0.000158",3,14,118333.0,1715161.0,0.0003149083893976027,14.494359139039828,1,False,False
100000002666248100,terminal,0.9,1,0.11978009518768439,"in_deg=1, out_deg=0, in_kzt=70032, pass_through=0; depth=1: нет выхода",1,0,70032.0,0.0,0.0003009275259766481,0.0,1,False,False
100000005877725100,terminal,0.9,20,0.1198243612804855,"in_deg=1, out_deg=0, in_kzt=70000, pass_through=0; depth=1: нет выхода",1,0,70000.0,0.0,0.0003016009750002698,0.0,1,False,False
100000001697501100,coordinator,0.8,20,0.2485498917268904,"in_deg=3, out_deg=38, in_kzt=123700, pass_through=11.99; BC=0.000209 >= p95=0.000158",3,38,123700.0,1482606.0,0.0005941641771451357,11.98549717057397,1,False,False
100000006972210100,terminal,0.9,4,0.12286378767292952,"in_deg=3, out_deg=0, in_kzt=488775, pass_through=0; depth=1: нет выхода",3,0,488775.0,0.0,0.0003478417567552429,0.0,1,False,False
100000008749618100,terminal,0.9,20,0.11950963622892614,"in_deg=1, out_deg=0, in_kzt=47280, pass_through=0; depth=1: нет выхода",1,0,47280.0,0.0,0.0002968128569335986,0.0,1,False,False
100000008671026100,terminal,0.9,20,0.11918069868164057,"in_deg=1, out_deg=0, in_kzt=23534, pass_through=0; depth=1: нет выхода",1,0,23534.0,0.0,0.00029180851487324756,0.0,1,False,False
100000001696818100,terminal,0.9,1,0.11973050721965517,"in_deg=1, out_deg=0, in_kzt=53550, pass_through=0; depth=1: нет выхода",1,0,53550.0,0.0,0.0003001731117842163,0.0,1,False,False
100000008679986100,terminal,0.9,20,0.11911789219467886,"in_deg=1, out_deg=0, in_kzt=19000, pass_through=0; depth=1: нет выхода",1,0,19000.0,0.0,0.0002908529987062455,0.0,1,False,False
100000003616818100,peripheral,0.4,32,0.058931339372463275,"in_deg=3, out_deg=3, in_kzt=78000, pass_through=3.078; Нет совпадений",3,3,78000.0,240100.0,0.0005152127057006632,3.0782051282051284,1,False,False
100000004156082100,coordinator,0.8,3,0.3287085094226699,"in_deg=5, out_deg=26, in_kzt=377366, pass_through=6.147; BC=0.00207 >= p95=0.000158",5,26,377366.11,2319556.0,0.0008706976397489585,6.146699288921308,1,False,False
100000008667058100,terminal,0.9,20,0.11909758467154567,"in_deg=1, out_deg=0, in_kzt=17534, pass_through=0; depth=1: нет выхода",1,0,17534.0,0.0,0.0002905440470739506,0.0,1,False,False
100000008628231100,peripheral,0.4,71,0.05443722797226272,"in_deg=1, out_deg=2, in_kzt=50000, pass_through=12.56; Нет совпадений",1,2,50000.0,627870.0,0.00029690045230118767,12.5574,1,False,False
100000008749063100,terminal,0.9,20,0.11911789219467886,"in_deg=1, out_deg=0, in_kzt=19000, pass_through=0; depth=1: нет выхода",1,0,19000.0,0.0,0.0002908529987062455,0.0,1,False,False
100000004494983100,terminal,0.9,20,0.11933952955493192,"in_deg=1, out_deg=0, in_kzt=35000, pass_through=0; depth=1: нет выхода",1,0,35000.0,0.0,0.00029422491283770413,0.0,1,False,False
100000007648946100,transit,0.8,11,0.06919411487760287,"in_deg=1, out_deg=1, in_kzt=19550, pass_through=1.279; Вход близок к выходу",1,1,19550.0,25000.0,0.0002905322309982943,1.278772378516624,1,False,False
100000003037660100,terminal,0.9,1,0.11955503567479502,"in_deg=1, out_deg=0, in_kzt=53000, pass_through=0; depth=1: нет выхода",1,0,53000.0,0.0,0.00029750354839875063,0.0,1,False,False
100000002679516100,terminal,0.9,6,0.05491106357911806,"in_deg=3, out_deg=0, in_kzt=102335, pass_through=0; depth=1: нет выхода",3,0,102335.0,0.0,0.0003282761239237318,0.0,1,False,False
100000005588444100,terminal,0.9,2,0.11890125600073001,"in_deg=1, out_deg=0, in_kzt=12300, pass_through=0; depth=1: нет выхода",1,0,12300.0,0.0,0.0002875571705889665,0.0,1,False,False
100000001307612100,terminal,0.9,20,0.11938777723779201,"in_deg=1, out_deg=0, in_kzt=38483, pass_through=0; depth=1: нет выхода",1,0,38483.0,0.0,0.000294958936395196,0.0,1,False,False
100000003001564100,peripheral,0.4,3,0.06966367993615756,"in_deg=1, out_deg=1, in_kzt=23520, pass_through=7.653; Нет совпадений",1,1,23520.0,180000.0,0.0002893889689479166,7.653061224489796,1,False,False
100000002762076100,peripheral,0.4,2,0.08643079180782762,"in_deg=2, out_deg=1, in_kzt=140350, pass_through=0.2138; Нет совпадений",2,1,140350.0,30000.0,0.0003004831723747164,0.21375133594584966,1,False,False
100000005514161100,consolidator,0.8,2,0.27456808452013926,"in_deg=4, out_deg=1, in_kzt=401500, pass_through=0.1245; Средства накапливаются",4,1,401500.0,50000.0,0.0008096380965182424,0.12453300124533001,1,False,False
100000008746673100,terminal,0.9,20,0.11958953649729738,"in_deg=1, out_deg=0, in_kzt=53048, pass_through=0; depth=1: нет выхода",1,0,53048.0,0.0,0.00029802843197798944,0.0,1,False,False
100000003265158100,coordinator,0.8,6,0.27129352946476404,"in_deg=3, out_deg=2, in_kzt=146100, pass_through=1.055; BC=0.00018 >= p95=0.000158",3,2,146100.4,154200.0,0.0003863693139115083,1.055438588806054,1,False,False
100000001567366100,terminal,0.9,3,0.12470458093436812,"in_deg=1, out_deg=0, in_kzt=824070, pass_through=0; depth=1: нет выхода",1,0,824070.0,0.0,0.00037584694867889493,0.0,1,False,False
100000008777088100,terminal,0.9,20,0.11910403985966304,"in_deg=1, out_deg=0, in_kzt=18000, pass_through=0; depth=1: нет выхода",1,0,18000.0,0.0,0.00029064225407302935,0.0,1,False,False
100000002589019100,terminal,0.9,6,0.11923494085269046,"in_deg=1, out_deg=0, in_kzt=34710, pass_through=0; depth=1: нет выхода",1,0,34710.0,0.0,0.0002926337365004826,0.0,1,False,False
100000008666075100,terminal,0.9,20,0.119217864496488,"in_deg=1, out_deg=0, in_kzt=26217, pass_through=0; depth=1: нет выхода",1,0,26217.0,0.0,0.00029237394272416654,0.0,1,False,False
100000008137435100,coordinator,0.8,27,0.24321728927787706,"in_deg=2, out_deg=6, in_kzt=93906, pass_through=15.12; BC=0.000304 >= p95=0.000158",2,6,93906.0,1419700.0,0.00031567491223442575,15.118309799160864,1,False,False
100000004403675100,coordinator,0.8,38,0.3794655132162311,"in_deg=4, out_deg=5, in_kzt=182980, pass_through=1.447; BC=0.00284 >= p95=0.000158",4,5,182980.0,264699.0,0.00074315807328016,1.4466007213903158,1,False,False
100000004677680100,peripheral,0.4,10,0.12362159755717612,"in_deg=2, out_deg=1, in_kzt=63000, pass_through=2.667; Нет совпадений",2,1,63000.0,168000.0,0.0010991088713129958,2.6666666666666665,1,False,False
100000005958064100,peripheral,0.4,38,0.0530681851272829,"in_deg=1, out_deg=2, in_kzt=5746, pass_through=28.54; Нет совпадений",1,2,5746.0,163986.84,0.0002874694084810645,28.539303863557258,1,False,False
100000002881669100,terminal,0.9,6,0.11905845813573401,"in_deg=1, out_deg=0, in_kzt=18600, pass_through=0; depth=1: нет выхода",1,0,18600.0,0.0,0.0002899487894925225,0.0,1,False,False
100000002938501100,peripheral,0.4,3,0.06951367747760545,"in_deg=1, out_deg=1, in_kzt=8395, pass_through=0.5956; Нет совпадений",1,1,8395.0,5000.0,0.00028775549578142974,0.5955926146515783,1,False,False
100000006734554100,peripheral,0.4,25,0.0706147094209116,"in_deg=1, out_deg=1, in_kzt=16500, pass_through=1.515; Нет совпадений",1,1,16500.0,25000.0,0.0003133229719587716,1.5151515151515151,1,False,False
100000008003034100,peripheral,0.4,11,0.10551867349204538,"in_deg=1, out_deg=4, in_kzt=12201, pass_through=11.06; Нет совпадений",1,4,12201.0,135000.0,0.0002881665370291421,11.064666830587656,1,False,False
100000003970394100,terminal,0.9,6,0.1197858605197134,"in_deg=1, out_deg=0, in_kzt=85000, pass_through=0; depth=1: нет выхода",1,0,85000.0,0.0,0.00030101523774382936,0.0,1,False,False
100000003205210100,terminal,0.9,1,0.12067244452803973,"in_deg=1, out_deg=0, in_kzt=137563, pass_through=0; depth=1: нет выхода",1,0,137563.0,0.0,0.00031450342016482285,0.0,1,False,False
100000004559194100,terminal,0.9,3,0.12085758019211129,"in_deg=1, out_deg=0, in_kzt=282145, pass_through=0; depth=1: нет выхода",1,0,282145.0,0.0,0.0003173200101170182,0.0,1,False,False
100000008173359100,terminal,0.9,3,0.11889807131193625,"in_deg=1, out_deg=0, in_kzt=6110, pass_through=0; depth=1: нет выхода",1,0,6110.0,0.0,0.0002875087198352861,0.0,1,False,False
100000007953156100,peripheral,0.4,38,0.03220363914332245,"in_deg=1, out_deg=1, in_kzt=18000, pass_through=0.5556; Нет совпадений",1,1,18000.0,10000.0,0.0004798654843226402,0.5555555555555556,2,False,False
100000002224132100,peripheral,0.4,19,0.40020849072067727,"in_deg=5, out_deg=4, in_kzt=3.95102e+06, pass_through=3.066; Нет совпадений",5,4,3951020.0,12115000.0,0.0060854616344619755,3.0662968043695047,2,False,False
100000008547844100,coordinator,0.8,39,0.2824461241366507,"in_deg=3, out_deg=19, in_kzt=177600, pass_through=11.5; BC=0.00182 >= p95=0.000158",3,19,177600.0,2042199.0,0.000345868828398246,11.498868243243244,2,False,False
100000002635780100,terminal,0.9,2,0.03666480816968742,"in_deg=1, out_deg=0, in_kzt=163000, pass_through=0; depth=2: нет выхода",1,0,163000.02,0.0,0.000557805708628852,0.0,2,False,False
100000001279875100,terminal,0.9,22,0.020023317993094026,"in_deg=1, out_deg=0, in_kzt=49235, pass_through=0; depth=2: нет выхода",1,0,49235.0,0.0,0.0003046278336040146,0.0,2,False,False
100000001961048100,terminal,0.9,31,0.020091528071760303,"in_deg=1, out_deg=0, in_kzt=150000, pass_through=0; depth=2: нет выхода",1,0,150000.0,0.0,0.0003056655581460328,0.0,2,False,False
100000000993112100,terminal,0.9,24,0.02912152126034581,"in_deg=1, out_deg=0, in_kzt=141000, pass_through=0; depth=2: нет выхода",1,0,141000.0,0.0,0.0004430447509175079,0.0,2,False,False
100000005547096100,peripheral,0.4,67,0.058894190901242836,"in_deg=1, out_deg=2, in_kzt=8000, pass_through=28.29; Нет совпадений",1,2,8000.0,226300.0,0.0008957944572170975,28.2875,2,False,False
100000000331309100,coordinator,0.8,9,0.4100287318938034,"in_deg=5, out_deg=99, in_kzt=984635, pass_through=23.36; BC=0.00464 >= p95=0.000158",5,99,984635.0,23001375.0,0.0008793827745051868,23.360306103276848,2,False,False
100000006684930100,terminal,0.9,11,0.01972341017628483,"in_deg=1, out_deg=0, in_kzt=10000, pass_through=0; depth=2: нет выхода",1,0,10000.0,0.0,0.0003000651398213456,0.0,2,False,False
100000004479404100,peripheral,0.4,48,0.060431868559957205,"in_deg=2, out_deg=1, in_kzt=1.492e+06, pass_through=0.2011; Нет совпадений",2,1,1492000.0,300000.0,0.0008705522657429225,0.20107238605898123,2,False,False
100000004134060100,terminal,0.9,33,0.0216562130210588,"in_deg=1, out_deg=0, in_kzt=88179, pass_through=0; depth=2: нет выхода",1,0,88179.0,0.0,0.00032947013371847304,0.0,2,False,False
100000001083990100,terminal,0.9,6,0.03314873289395309,"in_deg=1, out_deg=0, in_kzt=49900, pass_through=0; depth=2: нет выхода",1,0,49900.0,0.0,0.0005043133556429481,0.0,2,False,False
100000004573782100,terminal,0.9,2,0.020460222457278895,"in_deg=1, out_deg=0, in_kzt=15000, pass_through=0; depth=2: нет выхода",1,0,15000.0,0.0,0.0003112747469908201,0.0,2,False,False
100000005660203100,peripheral,0.4,3,0.06329279072576888,"in_deg=1, out_deg=2, in_kzt=572899, pass_through=0.07157; Нет совпадений",1,2,572899.0,41000.0,0.0009530464731684012,0.07156584319400104,2,False,False
100000008771627100,terminal,0.9,20,0.01922455327433185,"in_deg=1, out_deg=0, in_kzt=16500, pass_through=0; depth=2: нет выхода",1,0,16500.0,0.0,0.00029247570347654204,0.0,2,False,False
100000000031787100,transit,0.8,2,0.028501083102856435,"in_deg=1, out_deg=2, in_kzt=90000, pass_through=1; Вход близок к выходу",1,2,90000.0,90000.0,0.0004334042285692288,1.0,2,False,False
100000001346560100,peripheral,0.4,1,0.03958586852563642,"in_deg=2, out_deg=1, in_kzt=10000, pass_through=2.22; Нет совпадений",2,1,10000.0,22200.0,0.0005891553059540461,2.22,2,False,False
100000001703168100,peripheral,0.4,1,0.01996498947993311,"in_deg=1, out_deg=1, in_kzt=45000, pass_through=2; Нет совпадений",1,1,45000.0,90000.0,0.000293972988119775,2.0,2,False,False
100000004904960100,terminal,0.9,0,0.05135362734327695,"in_deg=2, out_deg=0, in_kzt=32000, pass_through=0; depth=2: нет выхода",2,0,32000.0,0.0,0.0007812763224699232,0.0,2,False,False
100000004467157100,peripheral,0.4,14,0.02551889568221329,"in_deg=1, out_deg=1, in_kzt=20000, pass_through=0.35; Нет совпадений",1,1,20000.0,7000.0,0.00038823565156986584,0.35,2,False,False
100000008346837100,coordinator,0.8,11,0.539262603788534,"in_deg=9, out_deg=25, in_kzt=254359, pass_through=4.948; BC=0.00914 >= p95=0.000158",9,25,254359.0,1258643.0,0.0005497850035412785,4.948293553599441,2,False,False
100000006385877100,peripheral,0.4,4,0.1404443611993478,"in_deg=1, out_deg=1, in_kzt=53706.6, pass_through=0.6815; Нет совпадений",1,1,53706.62,36602.93,0.0021366719296378777,0.6815347903107661,2,False,False
100000002459093100,peripheral,0.4,2,0.025738388682319417,"in_deg=1, out_deg=1, in_kzt=500000, pass_through=0.11; Нет совпадений",1,1,500000.0,55000.0,0.0003909707696326593,0.11,2,False,False
100000005053653100,peripheral,0.4,11,0.021346933292026717,"in_deg=2, out_deg=1, in_kzt=63073, pass_through=0.3964; Нет совпадений",2,1,63073.0,25000.0,0.00031499740324346945,0.3963661154535221,2,False,False
100000001557930100,terminal,0.9,2,0.019287690756124354,"in_deg=1, out_deg=0, in_kzt=34610, pass_through=0; depth=2: нет выхода",1,0,34610.0,0.0,0.0002934362552844041,0.0,2,False,False
100000002820010100,terminal,0.9,2,0.019230016748834577,"in_deg=1, out_deg=0, in_kzt=30000, pass_through=0; depth=2: нет выхода",1,0,30000.0,0.0,0.00029255882288773506,0.0,2,False,False
100000000769919100,terminal,0.9,35,0.04854794967655603,"in_deg=1, out_deg=0, in_kzt=250000, pass_through=0; depth=2: нет выхода",1,0,250000.0,0.0,0.0007385917129711809,0.0,2,False,False
100000003188607100,peripheral,0.4,2,0.020801183641971126,"in_deg=1, out_deg=1, in_kzt=18000, pass_through=0.2778; Нет совпадений",1,1,18000.0,5000.0,0.00031615992625395645,0.2777777777777778,2,False,False
100000002836052100,terminal,0.9,1,0.02018108141895327,"in_deg=1, out_deg=0, in_kzt=15000, pass_through=0; depth=2: нет выхода",1,0,15000.0,0.0,0.00030702799179248394,0.0,2,False,False
100000001102676100,transit,0.8,1,0.07146827305912389,"in_deg=1, out_deg=1, in_kzt=50000, pass_through=1; Вход близок к выходу",1,1,50000.0,50000.0,0.0003144267344263659,1.0,2,False,False
100000003390036100,peripheral,0.4,10,0.08999204347310016,"in_deg=2, out_deg=2, in_kzt=231300, pass_through=0.2681; Нет совпадений",2,2,231300.0,62000.0,0.0013293331293250184,0.2680501513186338,2,False,False
100000008335401100,terminal,0.9,16,0.036391285826008854,"in_deg=1, out_deg=0, in_kzt=150000, pass_through=0; depth=2: нет выхода",1,0,150000.0,0.0,0.0005536444343072919,0.0,2,False,False
100000006994985100,peripheral,0.4,2,0.03375172684556993,"in_deg=1, out_deg=1, in_kzt=48500, pass_through=0.2103; Нет совпадений",1,1,48500.0,10200.0,0.0005035182505388559,0.21030927835051547,2,False,False
100000008356606100,terminal,0.9,11,0.04137840942575493,"in_deg=2, out_deg=0, in_kzt=168500, pass_through=0; depth=2: нет выхода",2,0,168500.0,0.0,0.0006295168076387285,0.0,2,False,False
100000007930878100,terminal,0.9,21,0.03192318285681628,"in_deg=1, out_deg=0, in_kzt=5000, pass_through=0; depth=2: нет выхода",1,0,5000.0,0.0,0.00048566826131267427,0.0,2,False,False
100000008389800100,coordinator,0.8,3,0.2386659131770354,"in_deg=3, out_deg=7, in_kzt=189000, pass_through=2.125; BC=0.000162 >= p95=0.000158",3,7,189000.0,401620.0,0.000507290710970135,2.124973544973545,2,False,False
100000005474472100,terminal,0.9,19,0.0359766503216014,"in_deg=1, out_deg=0, in_kzt=100000, pass_through=0; depth=2: нет выхода",1,0,100000.0,0.0,0.0005473363131713985,0.0,2,False,False
100000004486525100,transit,0.8,0,0.053353612113017035,"in_deg=8, out_deg=2, in_kzt=360924, pass_through=0.751; Вход близок к выходу",8,2,360924.0,271045.0,0.0008092867088737128,0.7509752745730403,2,False,False
100000003031890100,terminal,0.9,32,0.025887038324819606,"in_deg=1, out_deg=0, in_kzt=215000, pass_through=0; depth=2: нет выхода",1,0,215000.0,0.0,0.00039383644638884126,0.0,2,False,False
100000008624978100,terminal,0.9,33,0.022317712332754095,"in_deg=1, out_deg=0, in_kzt=109000, pass_through=0; depth=2: нет выхода",1,0,109000.0,0.0,0.0003395339554248348,0.0,2,False,False
100000000790311100,terminal,0.9,3,0.019826820772599604,"in_deg=1, out_deg=0, in_kzt=46300, pass_through=0; depth=2: нет выхода",1,0,46300.0,0.0,0.00030163839286252155,0.0,2,False,False
100000008546855100,consolidator,0.8,40,0.296096612123236,"in_deg=6, out_deg=2, in_kzt=71790, pass_through=0.1393; Средства накапливаются",6,2,71790.0,10000.0,0.0014320740761942126,0.1392951664577239,2,False,False
100000002863356100,peripheral,0.4,20,0.01990972576869498,"in_deg=1, out_deg=1, in_kzt=45000, pass_through=0.4444; Нет совпадений",1,1,45000.0,20000.0,0.00030219481286078475,0.4444444444444444,2,False,False
100000000332284100,peripheral,0.4,9,0.05098530232426732,"in_deg=10, out_deg=3, in_kzt=107426, pass_through=2.695; Нет совпадений",10,3,107426.0,289500.0,0.0007202107423552581,2.69487833485376,2,False,False
100000002605308100,terminal,0.9,38,0.05844414030768846,"in_deg=3, out_deg=0, in_kzt=2.56952e+06, pass_through=0; depth=2: нет выхода",3,0,2569521.84,0.0,0.000889148934003877,0.0,2,False,False
100000005931985100,terminal,0.9,22,0.02065860018425581,"in_deg=1, out_deg=0, in_kzt=76000, pass_through=0; depth=2: нет выхода",1,0,76000.0,0.0,0.0003142927971074446,0.0,2,False,False
100000001166289100,peripheral,0.4,20,0.13442583667564204,"in_deg=2, out_deg=1, in_kzt=721039, pass_through=0.03467; Нет совпадений",2,1,721039.0,25000.0,0.0020451081794251777,0.0346721883282319,2,False,False
100000008477350100,coordinator,0.8,0,0.35235071991997763,"in_deg=11, out_deg=39, in_kzt=610100, pass_through=5.532; BC=0.00256 >= p95=0.000158",11,39,610100.0,3374866.0,0.0010386088331617244,5.531660383543682,2,False,False
100000003824464100,terminal,0.9,27,0.02134177254653051,"in_deg=1, out_deg=0, in_kzt=200000, pass_through=0; depth=2: нет выхода",1,0,200000.0,0.0,0.00032468634510831316,0.0,2,False,False
100000002738256100,transit,0.8,56,0.033538147313651075,"in_deg=1, out_deg=1, in_kzt=150200, pass_through=1.165; Вход близок к выходу",1,1,150200.0,175000.0,0.0005102377719203939,1.1651131824234353,2,False,False
100000001857829100,coordinator,0.8,7,0.30641679017810153,"in_deg=6, out_deg=16, in_kzt=888535, pass_through=2.691; BC=0.00199 >= p95=0.000158",6,16,888535.0,2390993.0,0.0006231476278116462,2.690938454872346,2,False,False
100000008672762100,terminal,0.9,20,0.019146099089038682,"in_deg=1, out_deg=0, in_kzt=13000, pass_through=0; depth=2: нет выхода",1,0,13000.0,0.0,0.00029128212863988067,0.0,2,False,False
100000001737722100,terminal,0.9,1,0.021046622060279026,"in_deg=1, out_deg=0, in_kzt=60460, pass_through=0; depth=2: нет выхода",1,0,60460.0,0.0,0.00032019602770712264,0.0,2,False,False
100000005572303100,peripheral,0.4,3,0.021967704705725392,"in_deg=1, out_deg=1, in_kzt=75000, pass_through=0.2667; Нет совпадений",1,1,75000.0,20000.0,0.00031467414913640464,0.26666666666666666,2,False,False
100000008733049100,terminal,0.9,3,0.019064659588173424,"in_deg=1, out_deg=0, in_kzt=10000, pass_through=0; depth=2: нет выхода",1,0,10000.0,0.0,0.00029004313624476756,0.0,2,False,False
100000000850297100,transit,0.8,10,0.019405654584599013,"in_deg=1, out_deg=1, in_kzt=17520, pass_through=1; Вход близок к выходу",1,1,17520.0,17520.0,0.00029523091616549607,1.0,2,False,False
100000005140601100,peripheral,0.4,7,0.17960422689686573,"in_deg=3, out_deg=2, in_kzt=52685, pass_through=3.707; Нет совпадений",3,2,52685.0,195300.0,0.0027224677339201656,3.706937458479643,2,False,False
100000004410489100,terminal,0.9,0,0.02074589418215331,"in_deg=1, out_deg=0, in_kzt=54000, pass_through=0; depth=2: нет выхода",1,0,54000.0,0.0,0.00031562085779525466,0.0,2,False,False
100000006852430100,terminal,0.9,10,0.03539913240322339,"in_deg=1, out_deg=0, in_kzt=37000, pass_through=0; depth=2: нет выхода",1,0,37000.0,0.0,0.0005385501553326393,0.0,2,False,False
100000003166755100,terminal,0.9,1,0.019104547279786603,"in_deg=1, out_deg=0, in_kzt=24010, pass_through=0; depth=2: нет выхода",1,0,24010.0,0.0,0.00029064997378726564,0.0,2,False,False
100000008258083100,peripheral,0.4,31,0.07190279885931944,"in_deg=2, out_deg=2, in_kzt=3.1495e+06, pass_through=0.6495; Нет совпадений",2,2,3149500.0,2045650.0,0.001054431705348694,0.6495157961581204,2,False,False
100000003054328100,peripheral,0.4,22,0.022204150863670544,"in_deg=1, out_deg=2, in_kzt=140000, pass_through=1.384; Нет совпадений",1,2,140000.0,193720.0,0.000337403488839913,1.3837142857142857,2,False,False
100000008473207100,terminal,0.9,1,0.03671666350232081,"in_deg=1, out_deg=0, in_kzt=202000, pass_through=0; depth=2: нет выхода",1,0,202000.0,0.0,0.0005585946177220589,0.0,2,False,False
100000008104567100,coordinator,0.8,16,0.3198632846908317,"in_deg=3, out_deg=3, in_kzt=53550, pass_through=0.747; BC=0.00206 >= p95=0.000158",3,3,53550.0,40000.0,0.0005404037708096601,0.7469654528478058,2,False,False
100000002721825100,terminal,0.9,0,0.035083066775694845,"in_deg=1, out_deg=0, in_kzt=11000, pass_through=0; depth=2: нет выхода",1,0,11000.0,0.0,0.0005337416422068964,0.0,2,False,False
100000003509750100,transit,0.8,2,0.11132601634025423,"in_deg=3, out_deg=3, in_kzt=82290, pass_through=0.9527; Вход близок к выходу",3,3,82290.0,78400.0,0.0016926685491983375,0.9527281565196257,2,False,False
100000007322059100,transit,0.8,24,0.046226589605794434,"in_deg=2, out_deg=1, in_kzt=29000, pass_through=0.7759; Вход близок к выходу",2,1,29000.0,22500.0,0.0006829348691683643,0.7758620689655172,2,False,False
100000004441291100,terminal,0.9,1,0.03623292186959306,"in_deg=1, out_deg=0, in_kzt=20000, pass_through=0; depth=2: нет выхода",1,0,20000.0,0.0,0.0005512351398546671,0.0,2,False,False
100000006122699100,terminal,0.9,6,0.026718560282980214,"in_deg=2, out_deg=0, in_kzt=45865, pass_through=0; depth=2: нет выхода",2,0,45865.0,0.0,0.00040648693382533895,0.0,2,False,False
100000008254069100,peripheral,0.4,46,0.06573536899022098,"in_deg=1, out_deg=5, in_kzt=10200, pass_through=10.54; Нет совпадений",1,5,10200.0,107500.0,0.0003440074767659772,10.53921568627451,2,False,False
100000003336565100,terminal,0.9,20,0.01922567404840747,"in_deg=1, out_deg=0, in_kzt=16550, pass_through=0; depth=2: нет выхода",1,0,16550.0,0.0,0.0002924927545456372,0.0,2,False,False
100000002492277100,terminal,0.9,1,0.02029593684985083,"in_deg=1, out_deg=0, in_kzt=138500, pass_through=0; depth=2: нет выхода",1,0,138500.0,0.0,0.0003087753625880756,0.0,2,False,False
100000001339466100,terminal,0.9,1,0.020064596371106365,"in_deg=1, out_deg=0, in_kzt=30000, pass_through=0; depth=2: нет выхода",1,0,30000.0,0.0,0.0003052558285683319,0.0,2,False,False
100000005022964100,terminal,0.9,1,0.021613577995916337,"in_deg=1, out_deg=0, in_kzt=20000, pass_through=0; depth=2: нет выхода",1,0,20000.0,0.0,0.00032882149919400105,0.0,2,False,False
100000003112436100,terminal,0.9,3,0.01994805245861006,"in_deg=1, out_deg=0, in_kzt=100000, pass_through=0; depth=2: нет выхода",1,0,100000.0,0.0,0.000303482769797766,0.0,2,False,False
100000000489417100,transit,0.8,11,0.03689503142201839,"in_deg=3, out_deg=1, in_kzt=73504, pass_through=1.088; Вход близок к выходу",3,1,73504.0,80000.0,0.0005541705311196952,1.0883761427949499,2,False,False
100000002217161100,peripheral,0.4,36,0.06401644778756198,"in_deg=2, out_deg=7, in_kzt=404750, pass_through=2.459; Нет совпадений",2,7,404750.0,995132.0,0.0008950795792368226,2.4586337245213095,2,False,False
100000002469065100,terminal,0.9,3,0.021041407087841787,"in_deg=1, out_deg=0, in_kzt=200000, pass_through=0; depth=2: нет выхода",1,0,200000.0,0.0,0.00032011668892039367,0.0,2,False,False
100000007337374100,terminal,0.9,20,0.01930300745962502,"in_deg=1, out_deg=0, in_kzt=20000, pass_through=0; depth=2: нет выхода",1,0,20000.0,0.0,0.0002936692783132034,0.0,2,False,False
100000003249054100,consolidator,0.8,1,0.22980854277463125,"in_deg=7, out_deg=1, in_kzt=99700, pass_through=0.1505; Средства накапливаются",7,1,99700.0,15000.0,0.00043335777474713975,0.15045135406218657,2,False,False
100000003024542100,terminal,0.9,1,0.02099177722329631,"in_deg=1, out_deg=0, in_kzt=8500, pass_through=0; depth=2: нет выхода",1,0,8500.0,0.0,0.0003193616373288561,0.0,2,False,False
100000002718366100,terminal,0.9,4,0.04496998824219592,"in_deg=6, out_deg=0, in_kzt=2.525e+06, pass_through=0; depth=2: нет выхода",6,0,2525000.0,0.0,0.0006841578453752235,0.0,2,False,False
100000005059998100,terminal,0.9,0,0.019537775624240222,"in_deg=1, out_deg=0, in_kzt=18000, pass_through=0; depth=2: нет выхода",1,0,18000.0,0.0,0.00029724095996010055,0.0,2,False,False
100000004071070100,peripheral,0.4,0,0.07853050400076055,"in_deg=2, out_deg=1, in_kzt=41000, pass_through=0.1463; Нет совпадений",2,1,41000.0,6000.0,0.0011947359230789773,0.14634146341463414,2,False,False
100000001584286100,terminal,0.9,22,0.02168722185610429,"in_deg=2, out_deg=0, in_kzt=738699, pass_through=0; depth=2: нет выхода",2,0,738699.0,0.0,0.0003299418914084697,0.0,2,False,False
100000008701256100,terminal,0.9,1,0.020054300834879173,"in_deg=1, out_deg=0, in_kzt=58250, pass_through=0; depth=2: нет выхода",1,0,58250.0,0.0,0.0003050991958415399,0.0,2,False,False
100000001490461100,peripheral,0.4,16,0.021927591149410702,"in_deg=1, out_deg=1, in_kzt=20000, pass_through=0.25; Нет совпадений",1,1,20000.0,5000.0,0.0003224215951594255,0.25,2,False,False
100000008531186100,terminal,0.9,1,0.023895941753245126,"in_deg=1, out_deg=0, in_kzt=125000, pass_through=0; depth=2: нет выхода",1,0,125000.0,0.0,0.0003635445918967781,0.0,2,False,False
100000004765639100,peripheral,0.4,0,0.02388774100648027,"in_deg=1, out_deg=2, in_kzt=5000, pass_through=2.2; Нет совпадений",1,2,5000.0,11000.0,0.00036341982857224947,2.2,2,False,False
100000002983879100,terminal,0.9,1,0.02364016227201431,"in_deg=2, out_deg=0, in_kzt=200050, pass_through=0; depth=2: нет выхода",2,0,200050.0,0.0,0.0003596532513469963,0.0,2,False,False
100000008734364100,terminal,0.9,20,0.01944198344500149,"in_deg=1, out_deg=0, in_kzt=26200, pass_through=0; depth=2: нет выхода",1,0,26200.0,0.0,0.0002957836108810036,0.0,2,False,False
100000003192220100,terminal,0.9,3,0.033231249022942375,"in_deg=1, out_deg=0, in_kzt=60000, pass_through=0; depth=2: нет выхода",1,0,60000.0,0.0,0.0005055687274859196,0.0,2,False,False
100000008060273100,terminal,0.9,1,0.019738953555761628,"in_deg=1, out_deg=0, in_kzt=10000, pass_through=0; depth=2: нет выхода",1,0,10000.0,0.0,0.0003003016114200354,0.0,2,False,False
100000008205937100,terminal,0.9,11,0.02189519104355106,"in_deg=1, out_deg=0, in_kzt=35000, pass_through=0; depth=2: нет выхода",1,0,35000.0,0.0,0.0003331058626868636,0.0,2,False,False
100000005507142100,peripheral,0.4,24,0.03705180724763224,"in_deg=3, out_deg=3, in_kzt=51000, pass_through=1.961; Нет совпадений",3,3,51000.0,100000.0,0.0005613773840909432,1.9607843137254901,2,False,False
100000005539910100,peripheral,0.4,1,0.03452672491376618,"in_deg=1, out_deg=2, in_kzt=102000, pass_through=0.2157; Нет совпадений",1,2,102000.0,22000.0,0.0005009093581213382,0.21568627450980393,2,False,False
100000002459163100,terminal,0.9,37,0.023864661057007377,"in_deg=1, out_deg=0, in_kzt=20180, pass_through=0; depth=2: нет выхода",1,0,20180.0,0.0,0.0003630686982046429,0.0,2,False,False
100000004666651100,terminal,0.9,71,0.030206337337053874,"in_deg=1, out_deg=0, in_kzt=429250, pass_through=0; depth=2: нет выхода",1,0,429250.0,0.0,0.0004595487674556441,0.0,2,False,False
100000003927792100,terminal,0.9,3,0.019129054859595884,"in_deg=1, out_deg=0, in_kzt=13067, pass_through=0; depth=2: нет выхода",1,0,13067.0,0.0,0.00029102282362897285,0.0,2,False,False
100000000607941100,peripheral,0.4,3,0.040113520203404654,"in_deg=2, out_deg=1, in_kzt=50000, pass_through=1.4; Нет совпадений",2,1,50000.0,70000.0,0.0005809708535676367,1.4,2,False,False
100000004158362100,terminal,0.9,0,0.019238398566878825,"in_deg=1, out_deg=0, in_kzt=12000, pass_through=0; depth=2: нет выхода",1,0,12000.0,0.0,0.00029268634096807334,0.0,2,False,False
100000005664922100,peripheral,0.4,19,0.05333797873923983,"in_deg=2, out_deg=3, in_kzt=22000, pass_through=24.41; Нет совпадений",2,3,22000.0,537000.0,0.000809451649809636,24.40909090909091,2,False,False
100000007594394100,peripheral,0.4,0,0.027984802890295514,"in_deg=6, out_deg=1, in_kzt=395385, pass_through=8.539; Нет совпадений",6,1,395385.0,3376312.0,0.00040735504047843195,8.539302199122375,2,False,False
100000000979567100,terminal,0.9,20,0.03503796985911222,"in_deg=1, out_deg=0, in_kzt=10000, pass_through=0; depth=2: нет выхода",1,0,10000.0,0.0,0.0005330555533176562,0.0,2,False,False
100000002831727100,peripheral,0.4,40,0.019838447750817067,"in_deg=1, out_deg=1, in_kzt=6000, pass_through=12.83; Нет совпадений",1,1,6000.0,77000.0,0.0002920478260255396,12.833333333333334,2,False,False
100000003062895100,terminal,0.9,39,0.026913244120536785,"in_deg=2, out_deg=0, in_kzt=328444, pass_through=0; depth=2: нет выхода",2,0,328444.0,0.0,0.0004094487863860898,0.0,2,False,False
100000008376089100,terminal,0.9,31,0.01996784504752211,"in_deg=1, out_deg=0, in_kzt=135000, pass_through=0; depth=2: нет выхода",1,0,135000.0,0.0,0.00030378388739894335,0.0,2,False,False
100000003219438100,terminal,0.9,14,0.02951741439391426,"in_deg=1, out_deg=0, in_kzt=32000, pass_through=0; depth=2: нет выхода",1,0,32000.0,0.0,0.0004490677321067023,0.0,2,False,False
100000000967918100,terminal,0.9,0,0.031640634847798985,"in_deg=1, out_deg=0, in_kzt=21200, pass_through=0; depth=2: нет выхода",1,0,21200.0,0.0,0.0004813696736407533,0.0,2,False,False
100000003254723100,terminal,0.9,1,0.034991744559082834,"in_deg=1, out_deg=0, in_kzt=269850, pass_through=0; depth=2: нет выхода",1,0,269850.0,0.0,0.0005323522975929804,0.0,2,False,False
100000003823811100,peripheral,0.4,38,0.10272599491899242,"in_deg=1, out_deg=3, in_kzt=30000, pass_through=2.204; Нет совпадений",1,3,30000.0,66130.0,0.0003585326715909026,2.2043333333333335,2,False,False
100000008587459100,peripheral,0.4,0,0.04544923762373407,"in_deg=2, out_deg=2, in_kzt=181507, pass_through=3.782; Нет совпадений",2,2,181507.0,686500.0,0.0003021002483098455,3.782223275135394,2,False,False
100000008603331100,coordinator,0.8,39,0.22926654609687122,"in_deg=2, out_deg=6, in_kzt=39500, pass_through=18.78; BC=0.000199 >= p95=0.000158",2,6,39500.0,741774.0,0.0003457640344523482,18.779088607594936,2,False,False
100000008758168100,peripheral,0.4,33,0.022890918824827397,"in_deg=2, out_deg=5, in_kzt=75410, pass_through=20.34; Нет совпадений",2,5,75410.0,1533600.0,0.00031978594648258453,20.33682535472749,2,False,False
100000003724440100,terminal,0.9,0,0.02034104015722625,"in_deg=2, out_deg=0, in_kzt=50000, pass_through=0; depth=2: нет выхода",2,0,50000.0,0.0,0.0003094615487046268,0.0,2,False,False
100000000291906100,transit,0.8,5,0.05296978962297923,"in_deg=2, out_deg=2, in_kzt=388000, pass_through=1.175; Вход близок к выходу",2,2,388000.0,455854.0,0.0007661900611786528,1.1748814432989692,2,False,False
100000005077484100,peripheral,0.4,25,0.03563692587065167,"in_deg=1, out_deg=2, in_kzt=150000, pass_through=0.09033; Нет совпадений",1,2,150000.0,13550.0,0.0005419664720516559,0.09033333333333333,2,False,False
100000004192107100,terminal,0.9,1,0.0197610508854901,"in_deg=1, out_deg=0, in_kzt=25000, pass_through=0; depth=2: нет выхода",1,0,25000.0,0.0,0.0003006377925507521,0.0,2,False,False
100000002193259100,transit,0.8,6,0.060956974996082686,"in_deg=2, out_deg=3, in_kzt=48000, pass_through=1.208; Вход близок к выходу",2,3,48000.0,58000.0,0.0008946523204913115,1.2083333333333333,2,False,False
100000005481280100,peripheral,0.4,3,0.0709996640989383,"in_deg=1, out_deg=3, in_kzt=32700, pass_through=1.529; Нет совпадений",1,3,32700.0,50000.0,0.00029729416448782584,1.529051987767584,2,False,False
100000004527381100,peripheral,0.4,3,0.03552666509208745,"in_deg=1, out_deg=1, in_kzt=119333, pass_through=2.295; Нет совпадений",1,1,119333.17,273866.11,0.00037716242361583973,2.2949705433954364,2,False,False
100000001578517100,terminal,0.9,3,0.019182704218147852,"in_deg=1, out_deg=0, in_kzt=30000, pass_through=0; depth=2: нет выхода",1,0,30000.0,0.0,0.00029183902641192664,0.0,2,False,False
100000003741418100,consolidator,0.8,0,0.24351700324379366,"in_deg=9, out_deg=3, in_kzt=151900, pass_through=0.2628; Средства накапливаются",9,3,151900.0,39920.0,0.0006352433648149033,0.2628044766293614,2,False,False
100000008737514100,terminal,0.9,3,0.020639372779136606,"in_deg=1, out_deg=0, in_kzt=85000, pass_through=0; depth=2: нет выхода",1,0,85000.0,0.0,0.0003140002780169866,0.0,2,False,False
100000002870463100,consolidator,0.8,2,0.3291709681376615,"in_deg=3, out_deg=1, in_kzt=207000, pass_through=0.04831; Средства накапливаются",3,1,207000.0,10000.0,0.001955294276139281,0.04830917874396135,2,False,False
100000008545727100,peripheral,0.4,16,0.0268448023073017,"in_deg=1, out_deg=6, in_kzt=30000, pass_through=62.22; Нет совпадений",1,6,30000.0,1866500.0,0.0003402079674015691,62.21666666666667,2,False,False
100000000425407100,terminal,0.9,1,0.020143548634356717,"in_deg=1, out_deg=0, in_kzt=20000, pass_through=0; depth=2: нет выхода",1,0,20000.0,0.0,0.00030645698099074175,0.0,2,False,False
100000001418900100,terminal,0.9,20,0.019754455257283428,"in_deg=1, out_deg=0, in_kzt=40140, pass_through=0; depth=2: нет выхода",1,0,40140.0,0.0,0.00030053744894473493,0.0,2,False,False
100000001677929100,peripheral,0.4,2,0.21978367473403845,"in_deg=3, out_deg=2, in_kzt=126777, pass_through=2.257; Нет совпадений",3,2,126777.0,286098.0,0.003343108628672498,2.2567027142147236,2,False,False
100000002539625100,terminal,0.9,39,0.022779037125782817,"in_deg=1, out_deg=0, in_kzt=94700, pass_through=0; depth=2: нет выхода",1,0,94700.0,0.0,0.0003465523912473408,0.0,2,False,False
100000001965374100,peripheral,0.4,19,0.08463876012661416,"in_deg=2, out_deg=3, in_kzt=1.75972e+06, pass_through=1.751; Нет совпадений",2,3,1759720.0,3082100.0,0.001286859255493813,1.7514718250630783,2,False,False
100000001287955100,peripheral,0.4,22,0.04213004001290964,"in_deg=1, out_deg=4, in_kzt=17520, pass_through=17.69; Нет совпадений",1,4,17520.0,310000.0,0.00029523091616549607,17.69406392694064,2,False,False
100000005402643100,transit,0.8,4,0.019661755781933545,"in_deg=1, out_deg=1, in_kzt=127800, pass_through=0.7042; Вход близок к выходу",1,1,127800.0,90000.0,0.0002989257603544092,0.704225352112676,2,False,False
100000008752616100,peripheral,0.4,4,0.02530441651406116,"in_deg=2, out_deg=7, in_kzt=64510, pass_through=19.61; Нет совпадений",2,7,64510.0,1265000.0,0.00031445686786814097,19.6093628894745,2,False,False
100000000733373100,terminal,0.9,3,0.02018892430950028,"in_deg=1, out_deg=0, in_kzt=10710, pass_through=0; depth=2: нет выхода",1,0,10710.0,0.0,0.0003071473108163017,0.0,2,False,False
100000008531133100,peripheral,0.4,3,0.03595123417510024,"in_deg=1, out_deg=3, in_kzt=25000, pass_through=6.331; Нет совпадений",1,3,25000.0,158271.68,0.0005350843638155049,6.3308672,2,False,False
100000005933757100,coordinator,0.8,38,0.3959559919801641,"in_deg=4, out_deg=34, in_kzt=1.246e+06, pass_through=2.41; BC=0.00396 >= p95=0.000158",4,34,1246000.0,3002628.0,0.0010029471243756176,2.409813804173355,2,False,False
100000006490557100,terminal,0.9,2,0.01889383517722636,"in_deg=1, out_deg=0, in_kzt=5000, pass_through=0; depth=2: нет выхода",1,0,5000.0,0.0,0.0002874442727471477,0.0,2,False,False
100000008497298100,terminal,0.9,4,0.022581554385624654,"in_deg=1, out_deg=0, in_kzt=600000, pass_through=0; depth=2: нет выхода",1,0,600000.0,0.0,0.0003435479571505885,0.0,2,False,False
100000005168487100,peripheral,0.4,10,0.1208023752535771,"in_deg=1, out_deg=1, in_kzt=15000, pass_through=6.901; Нет совпадений",1,1,15000.0,103510.0,0.0018378455498938055,6.900666666666667,2,False,False
100000005799271100,terminal,0.9,10,0.03542996684734387,"in_deg=1, out_deg=0, in_kzt=45000, pass_through=0; depth=2: нет выхода",1,0,45000.0,0.0,0.000539019259899427,0.0,2,False,False
100000000912487100,terminal,0.9,1,0.019257997343287682,"in_deg=1, out_deg=0, in_kzt=10000, pass_through=0; depth=2: нет выхода",1,0,10000.0,0.0,0.0002929845099728696,0.0,2,False,False
100000007982908100,terminal,0.9,20,0.01955137099478168,"in_deg=1, out_deg=0, in_kzt=31080, pass_through=0; depth=2: нет выхода",1,0,31080.0,0.0,0.00029744779522469144,0.0,2,False,False
100000005413948100,peripheral,0.4,39,0.12408585698619028,"in_deg=2, out_deg=1, in_kzt=28215, pass_through=0.1772; Нет совпадений",2,1,28215.0,5000.0,0.0018767228090608417,0.177210703526493,2,False,False
100000000724540100,peripheral,0.4,33,0.021105111896131942,"in_deg=1, out_deg=1, in_kzt=50000, pass_through=2; Нет совпадений",1,1,50000.0,100000.0,0.0003110163299181184,2.0,2,False,False
100000005730108100,terminal,0.9,0,0.023679579723121978,"in_deg=1, out_deg=0, in_kzt=8000, pass_through=0; depth=2: нет выхода",1,0,8000.0,0.0,0.0003602529348131063,0.0,2,False,False
100000002566204100,terminal,0.9,10,0.021395797179013416,"in_deg=1, out_deg=0, in_kzt=80805, pass_through=0; depth=2: нет выхода",1,0,80805.0,0.0,0.00032550825717903974,0.0,2,False,False
100000000625169100,terminal,0.9,20,0.019078852644501678,"in_deg=1, out_deg=0, in_kzt=10000, pass_through=0; depth=2: нет выхода",1,0,10000.0,0.0,0.00029025906449417087,0.0,2,False,False
100000001114385100,terminal,0.9,1,0.01916167653771002,"in_deg=1, out_deg=0, in_kzt=29500, pass_through=0; depth=2: нет выхода",1,0,29500.0,0.0,0.0002915191185555113,0.0,2,False,False
100000002964966100,terminal,0.9,1,0.02610552227827245,"in_deg=1, out_deg=0, in_kzt=200000, pass_through=0; depth=2: нет выхода",1,0,200000.0,0.0,0.00039716038568004836,0.0,2,False,False
100000008771814100,terminal,0.9,20,0.019385944741220656,"in_deg=1, out_deg=0, in_kzt=23700, pass_through=0; depth=2: нет выхода",1,0,23700.0,0.0,0.00029493105742624547,0.0,2,False,False
100000001241318100,terminal,0.9,0,0.0350450649954028,"in_deg=1, out_deg=0, in_kzt=53000, pass_through=0; depth=2: нет выхода",1,0,53000.0,0.0,0.0005331634962668753,0.0,2,False,False
100000001250022100,terminal,0.9,2,0.019480229361805403,"in_deg=1, out_deg=0, in_kzt=50000, pass_through=0; depth=2: нет выхода",1,0,50000.0,0.0,0.0002963654710294662,0.0,2,False,False
100000006534886100,peripheral,0.4,3,0.07456746537102109,"in_deg=1, out_deg=1, in_kzt=71700, pass_through=2.336; Нет совпадений",1,1,71700.0,167500.0,0.0011344436242360517,2.336122733612273,2,False,False
100000008655035100,terminal,0.9,2,0.03565913610302864,"in_deg=1, out_deg=0, in_kzt=30000, pass_through=0; depth=2: нет выхода",1,0,30000.0,0.0,0.0005425057616825969,0.0,2,False,False
100000005932987100,terminal,0.9,14,0.02718494514542203,"in_deg=1, out_deg=0, in_kzt=25000, pass_through=0; depth=2: нет выхода",1,0,25000.0,0.0,0.0004135823517935477,0.0,2,False,False
100000008636603100,coordinator,0.8,6,0.38128082092434956,"in_deg=2, out_deg=6, in_kzt=35460, pass_through=4.495; BC=0.00353 >= p95=0.000158",2,6,35460.0,159375.0,0.00034020505875882197,4.494500846023689,2,False,False
100000008710843100,coordinator,0.8,33,0.26061507988668015,"in_deg=2, out_deg=13, in_kzt=33944, pass_through=58.49; BC=0.00126 >= p95=0.000158",2,13,33944.0,1985500.0,0.0002941861965161754,58.49340089559274,2,False,False
100000000917179100,terminal,0.9,38,0.02811559803081398,"in_deg=1, out_deg=0, in_kzt=94465, pass_through=0; depth=2: нет выхода",1,0,94465.0,0.0,0.0004277409828661828,0.0,2,False,False
100000004209339100,peripheral,0.4,10,0.054796081111501194,"in_deg=1, out_deg=2, in_kzt=138500, pass_through=1.722; Нет совпадений",1,2,138500.0,238500.0,0.0008229749088728874,1.7220216606498195,2,False,False
100000008765627100,terminal,0.9,2,0.019605335668290817,"in_deg=1, out_deg=0, in_kzt=60000, pass_through=0; depth=2: нет выхода",1,0,60000.0,0.0,0.00029826879510033174,0.0,2,False,False
100000002443664100,terminal,0.9,22,0.022366533699783985,"in_deg=3, out_deg=0, in_kzt=556880, pass_through=0; depth=2: нет выхода",3,0,556880.0,0.0,0.00034027670681484074,0.0,2,False,False
100000008144528100,terminal,0.9,3,0.06969765445617067,"in_deg=5, out_deg=0, in_kzt=1.0682e+06, pass_through=0; depth=2: нет выхода",5,0,1068202.6,0.0,0.0010603560055125359,0.0,2,False,False
100000003988112100,peripheral,0.4,38,0.033304243145498784,"in_deg=1, out_deg=1, in_kzt=92000, pass_through=0.6957; Нет совпадений",1,1,92000.0,64000.0,0.0005066792348168151,0.6956521739130435,2,False,False
100000008008463100,terminal,0.9,2,0.01953252379791631,"in_deg=1, out_deg=0, in_kzt=54180, pass_through=0; depth=2: нет выхода",1,0,54180.0,0.0,0.000297161060491088,0.0,2,False,False
100000006679055100,terminal,0.9,1,0.019862946614151694,"in_deg=1, out_deg=0, in_kzt=25000, pass_through=0; depth=2: нет выхода",1,0,25000.0,0.0,0.0003021879989194663,0.0,2,False,False
100000007382543100,coordinator,0.8,14,0.28672439972388086,"in_deg=3, out_deg=5, in_kzt=218000, pass_through=1.959; BC=0.000249 >= p95=0.000158",3,5,218000.0,427000.0,0.001195155233692197,1.9587155963302751,2,False,False
100000007749092100,peripheral,0.4,3,0.12025229103581783,"in_deg=1, out_deg=1, in_kzt=7650, pass_through=9.199; Нет совпадений",1,1,7650.0,70375.0,0.0018294767588865628,9.199346405228757,2,False,False
100000004221668100,peripheral,0.4,2,0.20450538416631348,"in_deg=4, out_deg=3, in_kzt=1.1283e+06, pass_through=0.6483; Нет совпадений",4,3,1128300.0,731440.0,0.003108958178821098,0.6482673047948241,2,False,False
100000008174521100,terminal,0.9,3,0.029083767510313243,"in_deg=1, out_deg=0, in_kzt=82110, pass_through=0; depth=2: нет выхода",1,0,82110.0,0.0,0.0004424703784240573,0.0,2,False,False
100000002692750100,peripheral,0.4,2,0.13464506884586255,"in_deg=3, out_deg=1, in_kzt=112830, pass_through=0.6824; Нет совпадений",3,1,112830.0,77000.0,0.002038373959908243,0.682442612780289,2,False,False
100000002173070100,terminal,0.9,3,0.019182704218147852,"in_deg=1, out_deg=0, in_kzt=30000, pass_through=0; depth=2: нет выхода",1,0,30000.0,0.0,0.00029183902641192664,0.0,2,False,False
100000005911352100,peripheral,0.4,17,0.03968075054897225,"in_deg=2, out_deg=3, in_kzt=15000, pass_through=1.6; Нет совпадений",2,3,15000.0,24000.0,0.0005541470664884719,1.6,2,False,False
100000003068941100,consolidator,0.8,0,0.22180071369199006,"in_deg=3, out_deg=1, in_kzt=94000, pass_through=0.266; Средства накапливаются",3,1,94000.0,25000.0,0.0003215989750220119,0.26595744680851063,2,False,False
100000001420847100,terminal,0.9,40,0.01999380075209049,"in_deg=1, out_deg=0, in_kzt=20000, pass_through=0; depth=2: нет выхода",1,0,20000.0,0.0,0.0003041787685098091,0.0,2,False,False
100000005602999100,peripheral,0.4,10,0.021530068255256492,"in_deg=1, out_deg=2, in_kzt=5000, pass_through=3.2; Нет совпадений",1,2,5000.0,16000.0,0.0003062035820180174,3.2,2,False,False
100000000723383100,peripheral,0.4,30,0.03368185271330763,"in_deg=1, out_deg=2, in_kzt=6800, pass_through=11.03; Нет совпадений",1,2,6800.0,75000.0,0.00039098538061520943,11.029411764705882,2,False,False
100000006977207100,distributor,0.8,7,0.12406223412971212,"in_deg=1, out_deg=15, in_kzt=414000, pass_through=10.04; Рассылка на 10+ узлов",1,15,414000.0,4157018.0,0.00034941948425511074,10.041106280193237,2,False,False
100000001273783100,terminal,0.9,10,0.019584275267798407,"in_deg=1, out_deg=0, in_kzt=23200, pass_through=0; depth=2: нет выхода",1,0,23200.0,0.0,0.0002979483894523243,0.0,2,False,False
100000000201868100,transit,0.8,3,0.06438044327566445,"in_deg=1, out_deg=1, in_kzt=190000, pass_through=1; Вход близок к выходу",1,1,190000.0,190000.0,0.0009794617939092786,1.0,2,False,False
100000007777377100,peripheral,0.4,3,0.02838403025073698,"in_deg=1, out_deg=2, in_kzt=456290, pass_through=0.02192; Нет совпадений",1,2,456290.0,10000.0,0.000362747760239776,0.021915886826360427,2,False,False
100000004192865100,terminal,0.9,25,0.03669221698626322,"in_deg=1, out_deg=0, in_kzt=66666, pass_through=0; depth=2: нет выхода",1,0,66666.0,0.0,0.000558222696883147,0.0,2,False,False
100000006901046100,peripheral,0.4,3,0.2001311212671759,"in_deg=1, out_deg=1, in_kzt=75800, pass_through=0.07256; Нет совпадений",1,1,75800.0,5500.0,0.0030447256508331394,0.07255936675461741,2,False,False
100000000437046100,coordinator,0.8,0,0.3257073355984833,"in_deg=9, out_deg=42, in_kzt=1.1072e+06, pass_through=6.87; BC=0.00223 >= p95=0.000158",9,42,1107200.0,7606224.0,0.0007959082210455869,6.86978323699422,2,False,False
100000008765494100,terminal,0.9,20,0.01939266938567436,"in_deg=1, out_deg=0, in_kzt=24000, pass_through=0; depth=2: нет выхода",1,0,24000.0,0.0,0.00029503336384081646,0.0,2,False,False
100000008713270100,peripheral,0.4,2,0.01926972926705881,"in_deg=1, out_deg=3, in_kzt=30000, pass_through=6.333; Нет совпадений",1,3,30000.0,190000.0,0.00029255882288773506,6.333333333333333,2,False,False
100000003603979100,terminal,0.9,32,0.038658770508247876,"in_deg=1, out_deg=0, in_kzt=165000, pass_through=0; depth=2: нет выхода",1,0,165000.0,0.0,0.0005881411619085313,0.0,2,False,False
100000000943371100,terminal,0.9,11,0.0202012019670834,"in_deg=1, out_deg=0, in_kzt=15500, pass_through=0; depth=2: нет выхода",1,0,15500.0,0.0,0.00030733409885175955,0.0,2,False,False
100000008672480100,terminal,0.9,20,0.019146099089038682,"in_deg=1, out_deg=0, in_kzt=13000, pass_through=0; depth=2: нет выхода",1,0,13000.0,0.0,0.00029128212863988067,0.0,2,False,False
100000008691168100,terminal,0.9,20,0.01939266938567436,"in_deg=1, out_deg=0, in_kzt=24000, pass_through=0; depth=2: нет выхода",1,0,24000.0,0.0,0.00029503336384081646,0.0,2,False,False
100000003237045100,peripheral,0.4,3,0.026019429973025456,"in_deg=1, out_deg=1, in_kzt=340200, pass_through=0.4409; Нет совпадений",1,1,340200.0,150000.0,0.000395850607128541,0.4409171075837742,2,False,False
100000008736394100,terminal,0.9,20,0.019213345533575683,"in_deg=1, out_deg=0, in_kzt=16000, pass_through=0; depth=2: нет выхода",1,0,16000.0,0.0,0.0002923051927855904,0.0,2,False,False
100000004160650100,distributor,0.8,32,0.13455461294901253,"in_deg=2, out_deg=10, in_kzt=75100, pass_through=19.84; Рассылка на 10+ узлов",2,10,75100.0,1489827.0,0.0003708466113075059,19.83790945406125,2,False,False
100000000629812100,terminal,0.9,29,0.019674097141404546,"in_deg=2, out_deg=0, in_kzt=22000, pass_through=0; depth=2: нет выхода",2,0,22000.0,0.0,0.00029931490836673845,0.0,2,False,False
100000000955444100,terminal,0.9,21,0.02327465670694421,"in_deg=1, out_deg=0, in_kzt=6910, pass_through=0; depth=2: нет выхода",1,0,6910.0,0.0,0.0003540925761134552,0.0,2,False,False
100000008731444100,peripheral,0.4,1,0.02747547014682464,"in_deg=3, out_deg=9, in_kzt=439000, pass_through=2.004; Нет совпадений",3,9,439000.0,879767.8,0.00035492787307828165,2.0040268792710707,2,False,False
100000008413748100,coordinator,0.8,26,0.2466745921489948,"in_deg=2, out_deg=18, in_kzt=26480, pass_through=52.01; BC=0.000635 >= p95=0.000158",2,18,26480.0,1377320.22,0.0003926188919180008,52.01360347432024,2,False,False
100000006787636100,terminal,0.9,3,0.023646881560566352,"in_deg=1, out_deg=0, in_kzt=20000, pass_through=0; depth=2: нет выхода",1,0,20000.0,0.0,0.0003597554762787321,0.0,2,False,False
100000005942793100,terminal,0.9,0,0.02193485560978686,"in_deg=4, out_deg=0, in_kzt=55000, pass_through=0; depth=2: нет выхода",4,0,55000.0,0.0,0.0003337093056770524,0.0,2,False,False
100000008730846100,peripheral,0.4,10,0.04009609753462258,"in_deg=7, out_deg=3, in_kzt=155042, pass_through=2.344; Нет совпадений",7,3,155042.0,363370.0,0.0005383983709869001,2.343687516930896,2,False,False
100000002570206100,terminal,0.9,26,0.02102892327743404,"in_deg=2, out_deg=0, in_kzt=166960, pass_through=0; depth=2: нет выхода",2,0,166959.6,0.0,0.0003199267645471731,0.0,2,False,False
100000000785800100,transit,0.8,37,0.07357170978799835,"in_deg=1, out_deg=1, in_kzt=19000, pass_through=1; Вход близок к выходу",1,1,19000.0,19000.0,0.00035861183893383933,1.0,2,False,False
100000007382152100,terminal,0.9,0,0.018914869681013146,"in_deg=1, out_deg=0, in_kzt=5860, pass_through=0; depth=2: нет выхода",1,0,5860.0,0.0,0.00028776428441163376,0.0,2,False,False
100000000910216100,transit,0.8,0,0.0373802472243759,"in_deg=1, out_deg=1, in_kzt=71000, pass_through=0.7325; Вход близок к выходу",1,1,71000.0,52010.0,0.00032467871188862456,0.7325352112676057,2,False,False
100000003131016100,peripheral,0.4,0,0.11141793126911151,"in_deg=1, out_deg=1, in_kzt=405700, pass_through=0.3106; Нет совпадений",1,1,405700.0,126000.0,0.0016950738653232485,0.31057431599704216,2,False,False
100000003221384100,terminal,0.9,3,0.029587942938983338,"in_deg=1, out_deg=0, in_kzt=511200, pass_through=0; depth=2: нет выхода",1,0,511200.0,0.0,0.000450140728994583,0.0,2,False,False
100000002156381100,peripheral,0.4,10,0.07285210354165836,"in_deg=2, out_deg=1, in_kzt=61000, pass_through=0.3574; Нет совпадений",2,1,61000.0,21800.0,0.0010867978830243887,0.35737704918032787,2,False,False
100000002779485100,terminal,0.9,7,0.03610570912681414,"in_deg=1, out_deg=0, in_kzt=91000, pass_through=0; depth=2: нет выхода",1,0,91000.0,0.0,0.0005492997691906776,0.0,2,False,False
100000008774237100,peripheral,0.4,32,0.02049012585157398,"in_deg=1, out_deg=1, in_kzt=50000, pass_through=0.2; Нет совпадений",1,1,50000.0,10000.0,0.0003117296868876274,0.2,2,False,False
100000002628146100,terminal,0.9,24,0.021075535521892577,"in_deg=1, out_deg=0, in_kzt=30500, pass_through=0; depth=2: нет выхода",1,0,30500.0,0.0,0.00032063590711054455,0.0,2,False,False
100000002852402100,terminal,0.9,3,0.02159072873331764,"in_deg=1, out_deg=0, in_kzt=55000, pass_through=0; depth=2: нет выхода",1,0,55000.0,0.0,0.00032847387841670073,0.0,2,False,False
100000006989106100,terminal,0.9,2,0.03272163180015881,"in_deg=1, out_deg=0, in_kzt=64000, pass_through=0; depth=2: нет выхода",1,0,64000.0,0.0,0.0004978155873421434,0.0,2,False,False
100000002958343100,peripheral,0.4,2,0.04156759708730528,"in_deg=1, out_deg=2, in_kzt=2.9e+06, pass_through=0.4793; Нет совпадений",1,2,2900000.0,1390000.0,0.0006321936524405395,0.4793103448275862,2,False,False
100000008461532100,coordinator,0.8,13,0.258247974100956,"in_deg=2, out_deg=8, in_kzt=565300, pass_through=4.476; BC=0.000276 >= p95=0.000158",2,8,565300.0,2530090.0,0.0007483125003170452,4.475658942154608,2,False,False
100000004400305100,coordinator,0.8,0,0.31262598276281794,"in_deg=7, out_deg=82, in_kzt=222800, pass_through=26.17; BC=0.00265 >= p95=0.000158",7,82,222800.0,5830181.0,0.00038751976253122237,26.167778276481148,2,False,False
100000000297649100,peripheral,0.4,6,0.05341383594893077,"in_deg=1, out_deg=1, in_kzt=40000, pass_through=1.765; Нет совпадений",1,1,40000.0,70600.0,0.0008126196235416601,1.765,2,False,False
100000003191430100,terminal,0.9,3,0.03503854279730001,"in_deg=1, out_deg=0, in_kzt=180000, pass_through=0; depth=2: нет выхода",1,0,180000.0,0.0,0.000533064269801058,0.0,2,False,False
100000003275398100,peripheral,0.4,32,0.028667265962552202,"in_deg=1, out_deg=1, in_kzt=300000, pass_through=0.06667; Нет совпадений",1,1,300000.0,20000.0,0.00043613386795007266,0.06666666666666667,2,False,False
100000005203590100,terminal,0.9,2,0.019980654587747056,"in_deg=1, out_deg=0, in_kzt=90000, pass_through=0; depth=2: нет выхода",1,0,90000.0,0.0,0.0003039787673129284,0.0,2,False,False
100000008672603100,terminal,0.9,1,0.01962328522096111,"in_deg=1, out_deg=0, in_kzt=21200, pass_through=0; depth=2: нет выхода",1,0,21200.0,0.0,0.0002985418733856588,0.0,2,False,False
100000000718427100,terminal,0.9,20,0.018989190718452342,"in_deg=1, out_deg=0, in_kzt=6000, pass_through=0; depth=2: нет выхода",1,0,6000.0,0.0,0.00028889497896655787,0.0,2,False,False
100000003104347100,peripheral,0.4,27,0.024694703032851463,"in_deg=1, out_deg=1, in_kzt=418000, pass_through=0.07656; Нет совпадений",1,1,418000.0,32000.0,0.0003659292140404737,0.07655502392344497,2,False,False
100000002974256100,terminal,0.9,6,0.035115562994338566,"in_deg=1, out_deg=0, in_kzt=7200, pass_through=0; depth=2: нет выхода",1,0,7200.0,0.0,0.00053423602843645,0.0,2,False,False
100000007173936100,terminal,0.9,31,0.018937153178870472,"in_deg=1, out_deg=0, in_kzt=10000, pass_through=0; depth=2: нет выхода",1,0,10000.0,0.0,0.0002881032978398647,0.0,2,False,False
100000002744581100,terminal,0.9,2,0.021454747948899674,"in_deg=1, out_deg=0, in_kzt=12000, pass_through=0; depth=2: нет выхода",1,0,12000.0,0.0,0.0003264051138002018,0.0,2,False,False
100000000596954100,peripheral,0.4,1,0.0356542448615623,"in_deg=1, out_deg=2, in_kzt=120000, pass_through=0.4008; Нет совпадений",1,2,120000.0,48100.0,0.0005178616657439633,0.4008333333333333,2,False,False
100000004950490100,terminal,0.9,2,0.02182995342320978,"in_deg=1, out_deg=0, in_kzt=10000, pass_through=0; depth=2: нет выхода",1,0,10000.0,0.0,0.0003321133600975874,0.0,2,False,False
100000008772058100,terminal,0.9,20,0.019975471904995042,"in_deg=1, out_deg=0, in_kzt=50000, pass_through=0; depth=2: нет выхода",1,0,50000.0,0.0,0.000303899919770301,0.0,2,False,False
100000000971908100,terminal,0.9,2,0.019968143957098516,"in_deg=1, out_deg=0, in_kzt=89000, pass_through=0; depth=2: нет выхода",1,0,89000.0,0.0,0.00030378843490584185,0.0,2,False,False
100000008687492100,terminal,0.9,20,0.01919093005206335,"in_deg=1, out_deg=0, in_kzt=15000, pass_through=0; depth=2: нет выхода",1,0,15000.0,0.0,0.00029196417140368717,0.0,2,False,False
100000003159641100,peripheral,0.4,42,0.02211711374446458,"in_deg=4, out_deg=1, in_kzt=64000, pass_through=3.091; Нет совпадений",4,1,64000.0,197800.0,0.00030657557839232434,3.090625,2,False,False
100000005326681100,terminal,0.9,3,0.019510366409743643,"in_deg=1, out_deg=0, in_kzt=31228, pass_through=0; depth=2: нет выхода",1,0,31228.0,0.0,0.00029682396565197645,0.0,2,False,False
100000006888238100,peripheral,0.4,51,0.040261749780159777,"in_deg=1, out_deg=1, in_kzt=18000, pass_through=1.667; Нет совпадений",1,1,18000.0,30000.0,0.0006123269432202909,1.6666666666666667,2,False,False
100000001290243100,terminal,0.9,3,0.021124107479550694,"in_deg=1, out_deg=0, in_kzt=10000, pass_through=0; depth=2: нет выхода",1,0,10000.0,0.0,0.0003213748640726425,0.0,2,False,False
100000008289539100,terminal,0.9,3,0.019167792804093576,"in_deg=1, out_deg=0, in_kzt=14912, pass_through=0; depth=2: нет выхода",1,0,14912.0,0.0,0.00029161216931656946,0.0,2,False,False
100000000821507100,terminal,0.9,31,0.022152911809063584,"in_deg=1, out_deg=0, in_kzt=400000, pass_through=0; depth=2: нет выхода",1,0,400000.0,0.0,0.00033702673726419016,0.0,2,False,False
100000003086040100,terminal,0.9,0,0.036220736814129614,"in_deg=1, out_deg=0, in_kzt=10500, pass_through=0; depth=2: нет выхода",1,0,10500.0,0.0,0.0005510497606358256,0.0,2,False,False
100000002969048100,terminal,0.9,2,0.020211725935825615,"in_deg=1, out_deg=0, in_kzt=108470, pass_through=0; depth=2: нет выхода",1,0,108470.0,0.0,0.0003074942068718171,0.0,2,False,False
100000002826669100,terminal,0.9,0,0.03143843406995862,"in_deg=1, out_deg=0, in_kzt=159900, pass_through=0; depth=2: нет выхода",1,0,159900.0,0.0,0.00047829346095073865,0.0,2,False,False
100000002293421100,transit,0.8,0,0.0649875247568946,"in_deg=2, out_deg=2, in_kzt=41000, pass_through=1.146; Вход близок к выходу",2,2,41000.0,47000.0,0.0009787288750667904,1.146341463414634,2,False,False
100000004732589100,terminal,0.9,10,0.026009588294435854,"in_deg=1, out_deg=0, in_kzt=227520, pass_through=0; depth=2: нет выхода",1,0,227520.0,0.0,0.0003957008792348517,0.0,2,False,False
100000003003821100,terminal,0.9,1,0.028911542036051154,"in_deg=1, out_deg=0, in_kzt=40000, pass_through=0; depth=2: нет выхода",1,0,40000.0,0.0,0.0004398501996338099,0.0,2,False,False
100000005237935150,terminal,0.9,22,0.019673764440721914,"in_deg=1, out_deg=0, in_kzt=34508, pass_through=0; depth=2: нет выхода",1,0,34508.0,0.0,0.00029930984677363866,0.0,2,False,False
100000004463277100,terminal,0.9,25,0.045670882756399245,"in_deg=1, out_deg=0, in_kzt=35000, pass_through=0; depth=2: нет выхода",1,0,35000.0,0.0,0.0006948210120651965,0.0,2,False,False
100000006523053100,terminal,0.9,1,0.03556065678153817,"in_deg=1, out_deg=0, in_kzt=5000, pass_through=0; depth=2: нет выхода",1,0,5000.0,0.0,0.0005410075313508015,0.0,2,False,False
100000001954903100,terminal,0.9,10,0.019707485802441936,"in_deg=1, out_deg=0, in_kzt=27118, pass_through=0; depth=2: нет выхода",1,0,27118.0,0.0,0.0002998228719061612,0.0,2,False,False
100000005328215100,terminal,0.9,10,0.019703775020643074,"in_deg=1, out_deg=0, in_kzt=27000, pass_through=0; depth=2: нет выхода",1,0,27000.0,0.0,0.0002997664173554841,0.0,2,False,False
100000004424023100,peripheral,0.4,2,0.06482139153210822,"in_deg=1, out_deg=1, in_kzt=50000, pass_through=2; Нет совпадений",1,1,50000.0,100000.0,0.0009757985999759042,2.0,2,False,False
100000002299948100,terminal,0.9,24,0.019346194695754437,"in_deg=1, out_deg=0, in_kzt=6750, pass_through=0; depth=2: нет выхода",1,0,6750.0,0.0,0.00029432631398461346,0.0,2,False,False
100000005105153100,terminal,0.9,9,0.026499097121857863,"in_deg=1, out_deg=0, in_kzt=30000, pass_through=0; depth=2: нет выхода",1,0,30000.0,0.0,0.00040314809720736947,0.0,2,False,False
100000001985793100,terminal,0.9,2,0.024603639630540495,"in_deg=1, out_deg=0, in_kzt=420000, pass_through=0; depth=2: нет выхода",1,0,420000.0,0.0,0.00037431126259945596,0.0,2,False,False
100000003134934100,terminal,0.9,1,0.02802274845472524,"in_deg=4, out_deg=0, in_kzt=379354, pass_through=0; depth=2: нет выхода",4,0,379354.0,0.0,0.0004263284015335226,0.0,2,False,False
100000006240939100,peripheral,0.4,2,0.021183764710272543,"in_deg=1, out_deg=5, in_kzt=160000, pass_through=4.863; Нет совпадений",1,5,160000.0,778015.0,0.000320167864741545,4.86259375,2,False,False
100000008656043100,terminal,0.9,20,0.01944198344500149,"in_deg=1, out_deg=0, in_kzt=26200, pass_through=0; depth=2: нет выхода",1,0,26200.0,0.0,0.0002957836108810036,0.0,2,False,False
100000002605184100,terminal,0.9,3,0.02581914013031474,"in_deg=1, out_deg=0, in_kzt=140000, pass_through=0; depth=2: нет выхода",1,0,140000.0,0.0,0.00039280346674456975,0.0,2,False,False
100000003157333100,terminal,0.9,2,0.019230016748834577,"in_deg=1, out_deg=0, in_kzt=30000, pass_through=0; depth=2: нет выхода",1,0,30000.0,0.0,0.00029255882288773506,0.0,2,False,False
100000007898453100,peripheral,0.4,81,0.02278738477568255,"in_deg=1, out_deg=2, in_kzt=24750, pass_through=12.93; Нет совпадений",1,2,24750.0,320000.0,0.00033449524378308354,12.929292929292929,2,False,False
100000002710570100,terminal,0.9,34,0.035589956881974506,"in_deg=1, out_deg=0, in_kzt=225015, pass_through=0; depth=2: нет выхода",1,0,225015.0,0.0,0.0005414532929435295,0.0,2,False,False
100000004979498100,peripheral,0.4,56,0.13728622005967736,"in_deg=1, out_deg=1, in_kzt=700000, pass_through=0.2857; Нет совпадений",1,1,700000.0,200000.0,0.0013279423584759296,0.2857142857142857,2,False,False
100000001541418100,terminal,0.9,4,0.020040943683488823,"in_deg=2, out_deg=0, in_kzt=96900, pass_through=0; depth=2: нет выхода",2,0,96900.0,0.0,0.0003048959847607107,0.0,2,False,False
100000007797290100,peripheral,0.4,0,0.020523540280740726,"in_deg=1, out_deg=1, in_kzt=100000, pass_through=0.2; Нет совпадений",1,1,100000.0,20000.0,0.0003024705867928069,0.2,2,False,False
100000008683818100,terminal,0.9,20,0.01924472720769295,"in_deg=1, out_deg=0, in_kzt=17400, pass_through=0; depth=2: нет выхода",1,0,17400.0,0.0,0.000292782622720255,0.0,2,False,False
100000006567935100,terminal,0.9,31,0.020503804819220962,"in_deg=1, out_deg=0, in_kzt=200000, pass_through=0; depth=2: нет выхода",1,0,200000.0,0.0,0.0003119377939696643,0.0,2,False,False
100000002132479100,peripheral,0.4,38,0.03999980784638986,"in_deg=1, out_deg=1, in_kzt=30000, pass_through=0.6667; Нет совпадений",1,1,30000.0,20000.0,0.0006085432400876414,0.6666666666666666,2,False,False
100000002170580100,terminal,0.9,10,0.023571793336404655,"in_deg=1, out_deg=0, in_kzt=150000, pass_through=0; depth=2: нет выхода",1,0,150000.0,0.0,0.00035861311001039243,0.0,2,False,False
100000001232297100,peripheral,0.4,11,0.019289054002831582,"in_deg=1, out_deg=2, in_kzt=5000, pass_through=9; Нет совпадений",1,2,5000.0,45000.0,0.000293456995248242,9.0,2,False,False
100000002028158100,terminal,0.9,3,0.01958536474998525,"in_deg=1, out_deg=0, in_kzt=34800, pass_through=0; depth=2: нет выхода",1,0,34800.0,0.0,0.000297964964457448,0.0,2,False,False
100000005519998100,transit,0.8,14,0.04506312167966569,"in_deg=3, out_deg=3, in_kzt=182000, pass_through=1.033; Вход близок к выходу",3,3,182000.0,188000.0,0.0006551647286806789,1.032967032967033,2,False,False
100000002335358100,terminal,0.9,3,0.04043199888272661,"in_deg=1, out_deg=0, in_kzt=140000, pass_through=0; depth=2: нет выхода",1,0,140000.0,0.0,0.0006151184450136056,0.0,2,False,False
100000007289427100,terminal,0.9,1,0.02466741085104705,"in_deg=1, out_deg=0, in_kzt=12300, pass_through=0; depth=2: нет выхода",1,0,12300.0,0.0,0.0003752814558888946,0.0,2,False,False
100000004592467100,terminal,0.9,1,0.01892423783381231,"in_deg=1, out_deg=0, in_kzt=7000, pass_through=0; depth=2: нет выхода",1,0,7000.0,0.0,0.00028790680824774655,0.0,2,False,False
100000004993576100,terminal,0.9,3,0.02236105920125634,"in_deg=1, out_deg=0, in_kzt=167000, pass_through=0; depth=2: нет выхода",1,0,167000.0,0.0,0.000340193419687946,0.0,2,False,False
100000001648936100,terminal,0.9,2,0.020014933715724062,"in_deg=1, out_deg=0, in_kzt=92740, pass_through=0; depth=2: нет выхода",1,0,92740.0,0.0,0.0003045002781083456,0.0,2,False,False
100000008512552100,coordinator,0.8,26,0.2425034421130912,"in_deg=4, out_deg=6, in_kzt=394360, pass_through=3.302; BC=0.000438 >= p95=0.000158",4,6,394360.0,1302275.0,0.00042774201035011497,3.3022492139162187,2,False,False
100000007629096100,transit,0.8,1,0.1649841702554616,"in_deg=4, out_deg=1, in_kzt=1.07517e+06, pass_through=0.7117; Вход близок к выходу",4,1,1075170.0,765205.0,0.002502258548680081,0.7117060557865268,2,False,False
100000001601320100,transit,0.8,2,0.053616599415197856,"in_deg=2, out_deg=1, in_kzt=43500, pass_through=1.062; Вход близок к выходу",2,1,43500.0,46200.0,0.0008152009196827959,1.0620689655172413,2,False,False
100000005782781100,coordinator,0.8,2,0.25116788938964085,"in_deg=6, out_deg=10, in_kzt=171888, pass_through=7.351; BC=0.000578 >= p95=0.000158",6,10,171888.0,1263597.0,0.0004896362070138854,7.351281066741134,2,False,False
100000002723538100,coordinator,0.8,1,0.23800731004509754,"in_deg=3, out_deg=12, in_kzt=105647, pass_through=5.305; BC=0.000296 >= p95=0.000158",3,12,105647.0,560499.0,0.00032173676844183234,5.305394379395534,2,False,False
100000002340562100,terminal,0.9,2,0.035046333946083745,"in_deg=1, out_deg=0, in_kzt=36650, pass_through=0; depth=2: нет выхода",1,0,36650.0,0.0,0.0005331828016435874,0.0,2,False,False
100000005939154100,terminal,0.9,3,0.019391195340260087,"in_deg=1, out_deg=0, in_kzt=22000, pass_through=0; depth=2: нет выхода",1,0,22000.0,0.0,0.00029501093822377646,0.0,2,False,False
100000004386258100,peripheral,0.4,6,0.03925344901449222,"in_deg=3, out_deg=3, in_kzt=61700, pass_through=0.6483; Нет совпадений",3,3,61700.0,40000.0,0.0005359655801261068,0.6482982171799028,2,False,False
100000008406609100,terminal,0.9,46,0.02842055646844718,"in_deg=1, out_deg=0, in_kzt=34000, pass_through=0; depth=2: нет выхода",1,0,34000.0,0.0,0.00043238051504698857,0.0,2,False,False
100000007242833100,peripheral,0.4,6,0.03458109029110664,"in_deg=1, out_deg=1, in_kzt=107500, pass_through=0.4186; Нет совпадений",1,1,107500.0,45000.0,0.0005160352036917609,0.4186046511627907,2,False,False
100000004698193100,peripheral,0.4,2,0.054525039939586135,"in_deg=2, out_deg=3, in_kzt=222700, pass_through=0.1706; Нет совпадений",2,3,222700.0,38000.0,0.0008287195333211077,0.17063313875168387,2,False,False
100000002733905100,peripheral,0.4,20,0.19316897975199285,"in_deg=3, out_deg=2, in_kzt=100000, pass_through=7.178; Нет совпадений",3,2,100000.0,717839.0,0.002937899779349556,7.17839,2,False,False
100000006912294100,peripheral,0.4,4,0.03321694727053132,"in_deg=1, out_deg=2, in_kzt=6335.09, pass_through=4.736; Нет совпадений",1,2,6335.09,30000.0,0.0005050490593143352,4.7355286191672095,2,False,False
100000003036198100,terminal,0.9,1,0.019010788698021565,"in_deg=1, out_deg=0, in_kzt=15000, pass_through=0; depth=2: нет выхода",1,0,15000.0,0.0,0.0002892235631566839,0.0,2,False,False
100000004687099100,terminal,0.9,2,0.022065747085179457,"in_deg=1, out_deg=0, in_kzt=30000, pass_through=0; depth=2: нет выхода",1,0,30000.0,0.0,0.00033570064330650185,0.0,2,False,False
100000005242320100,distributor,0.8,22,0.1340103587269778,"in_deg=2, out_deg=21, in_kzt=365700, pass_through=24.44; Рассылка на 10+ узлов",2,21,365700.0,8936295.0,0.0005023175201394411,24.43613617719442,2,False,False
100000008762832100,peripheral,0.4,1,0.020344840781535017,"in_deg=1, out_deg=1, in_kzt=150000, pass_through=0.5667; Нет совпадений",1,1,150000.0,85000.0,0.0003095193700881718,0.5666666666666667,2,False,False
100000002489253100,terminal,0.9,3,0.019928775840330728,"in_deg=1, out_deg=0, in_kzt=51000, pass_through=0; depth=2: нет выхода",1,0,51000.0,0.0,0.00030318950199531336,0.0,2,False,False
100000004756901100,terminal,0.9,3,0.02053024193158337,"in_deg=1, out_deg=0, in_kzt=153248, pass_through=0; depth=2: нет выхода",1,0,153248.0,0.0,0.0003123399990521828,0.0,2,False,False
100000008749989100,terminal,0.9,20,0.019213345533575683,"in_deg=1, out_deg=0, in_kzt=16000, pass_through=0; depth=2: нет выхода",1,0,16000.0,0.0,0.0002923051927855904,0.0,2,False,False
100000001380986100,terminal,0.9,4,0.019290553703631343,"in_deg=1, out_deg=0, in_kzt=70170, pass_through=0; depth=2: нет выхода",1,0,70170.0,0.0,0.00029347981117744225,0.0,2,False,False
100000003089018100,terminal,0.9,4,0.020283326175939424,"in_deg=1, out_deg=0, in_kzt=230000, pass_through=0; depth=2: нет выхода",1,0,230000.0,0.0,0.0003085835081573942,0.0,2,False,False
100000008742266100,terminal,0.9,20,0.019325422941137354,"in_deg=1, out_deg=0, in_kzt=21000, pass_through=0; depth=2: нет выхода",1,0,21000.0,0.0,0.00029401029969510666,0.0,2,False,False
100000003044431100,terminal,0.9,0,0.019969521977288934,"in_deg=2, out_deg=0, in_kzt=60000, pass_through=0; depth=2: нет выхода",2,0,60000.0,0.0,0.0003038093996283426,0.0,2,False,False
100000003321423100,terminal,0.9,10,0.04429859346848406,"in_deg=1, out_deg=0, in_kzt=100000, pass_through=0; depth=2: нет выхода",1,0,100000.0,0.0,0.000673943477532719,0.0,2,False,False
100000002540623100,terminal,0.9,10,0.021999428167395883,"in_deg=1, out_deg=0, in_kzt=100000, pass_through=0; depth=2: нет выхода",1,0,100000.0,0.0,0.0003346916902319744,0.0,2,False,False
100000004225615100,terminal,0.9,4,0.019413726312815283,"in_deg=1, out_deg=0, in_kzt=90000, pass_through=0; depth=2: нет выхода",1,0,90000.0,0.0,0.00029535371664645587,0.0,2,False,False
100000004820260100,transit,0.8,3,0.09335945245374071,"in_deg=1, out_deg=3, in_kzt=234200, pass_through=0.9195; Вход близок к выходу",1,3,234200.0,215350.0,0.0014103695688040057,0.9195132365499573,2,False,False
100000000795129100,terminal,0.9,3,0.025825428221375325,"in_deg=1, out_deg=0, in_kzt=332000, pass_through=0; depth=2: нет выхода",1,0,332000.0,0.0,0.00039289913158682774,0.0,2,False,False
100000008213966100,peripheral,0.4,14,0.1291660027254627,"in_deg=3, out_deg=1, in_kzt=187004, pass_through=2.336; Нет совпадений",3,1,187004.0,436900.0,0.0019431352837726214,2.336313661739856,2,False,False
100000008478414100,terminal,0.9,20,0.019078852644501678,"in_deg=1, out_deg=0, in_kzt=10000, pass_through=0; depth=2: нет выхода",1,0,10000.0,0.0,0.00029025906449417087,0.0,2,False,False
100000001330595100,peripheral,0.4,32,0.044634308404469566,"in_deg=3, out_deg=1, in_kzt=87000, pass_through=1.77; Нет совпадений",3,1,87000.0,154000.0,0.0006784467559252045,1.7701149425287357,2,False,False
100000000076451100,peripheral,0.4,3,0.09536633099508154,"in_deg=3, out_deg=4, in_kzt=87707, pass_through=0.6613; Нет совпадений",3,4,87707.0,58000.0,0.0014012275295631398,0.661292713238396,2,False,False
100000005664632100,terminal,0.9,71,0.024107260762434867,"in_deg=1, out_deg=0, in_kzt=198620, pass_through=0; depth=2: нет выхода",1,0,198620.0,0.0,0.0003667595262044198,0.0,2,False,False
100000002457464100,terminal,0.9,1,0.021270926314605566,"in_deg=1, out_deg=0, in_kzt=66647, pass_through=0; depth=2: нет выхода",1,0,66647.0,0.0,0.00032360851504249956,0.0,2,False,False
100000002757240100,terminal,0.9,1,0.020918905731420526,"in_deg=1, out_deg=0, in_kzt=51183, pass_through=0; depth=2: нет выхода",1,0,51183.0,0.0,0.00031825299565871584,0.0,2,False,False
100000003718221100,transit,0.8,27,0.07037965766808986,"in_deg=2, out_deg=4, in_kzt=350000, pass_through=1.21; Вход близок к выходу",2,4,350000.0,423500.0,0.0010507940734642523,1.21,2,False,False
100000008629581100,terminal,0.9,1,0.020819091189072728,"in_deg=1, out_deg=0, in_kzt=54184, pass_through=0; depth=2: нет выхода",1,0,54184.0,0.0,0.0003167344517386686,0.0,2,False,False
100000004806903100,terminal,0.9,1,0.03522320691881354,"in_deg=1, out_deg=0, in_kzt=18000, pass_through=0; depth=2: нет выхода",1,0,18000.0,0.0,0.0005358736858678885,0.0,2,False,False
100000000913911100,transit,0.8,1,0.030979016430433964,"in_deg=2, out_deg=1, in_kzt=467000, pass_through=1.285; Вход близок к выходу",2,1,467000.0,600000.0,0.0004614358888210906,1.284796573875803,2,False,False
100000004905207100,terminal,0.9,38,0.0287069988191668,"in_deg=1, out_deg=0, in_kzt=380000, pass_through=0; depth=2: нет выхода",1,0,380000.0,0.0,0.000436738349886462,0.0,2,False,False
100000003831201100,terminal,0.9,0,0.035275666753463865,"in_deg=1, out_deg=0, in_kzt=40500, pass_through=0; depth=2: нет выхода",1,0,40500.0,0.0,0.0005366717916456754,0.0,2,False,False
100000003073398100,terminal,0.9,2,0.02001768605446674,"in_deg=1, out_deg=0, in_kzt=92960, pass_through=0; depth=2: нет выхода",1,0,92960.0,0.0,0.0003045421512379046,0.0,2,False,False
100000008418934100,terminal,0.9,4,0.02109081176312613,"in_deg=1, out_deg=0, in_kzt=360000, pass_through=0; depth=2: нет выхода",1,0,360000.0,0.0,0.00032086831456040846,0.0,2,False,False
100000002741024100,peripheral,0.4,1,0.19336297014228837,"in_deg=5, out_deg=6, in_kzt=817981, pass_through=0.5318; Нет совпадений",5,6,817980.85,434989.0,0.0028814407847201134,0.5317838431058625,2,False,False
100000008106997100,peripheral,0.4,0,0.02080379378167174,"in_deg=2, out_deg=1, in_kzt=35600, pass_through=0.5787; Нет совпадений",2,1,35600.0,20600.0,0.0003067342666124052,0.5786516853932584,2,False,False
100000007998965100,consolidator,0.8,10,0.23181704156348543,"in_deg=5, out_deg=1, in_kzt=278000, pass_through=0.09353; Средства накапливаются",5,1,278000.0,26000.0,0.000473983922472455,0.09352517985611511,2,False,False
100000001822623100,terminal,0.9,27,0.021357938532192,"in_deg=1, out_deg=0, in_kzt=201300, pass_through=0; depth=2: нет выхода",1,0,201300.0,0.0,0.0003249322888221288,0.0,2,False,False
100000006424479100,peripheral,0.4,11,0.06473263504549327,"in_deg=1, out_deg=2, in_kzt=500000, pass_through=0.44; Нет совпадений",1,2,500000.0,220000.0,0.0009476633079854991,0.44,2,False,False
100000008696692100,terminal,0.9,20,0.019280591978112688,"in_deg=1, out_deg=0, in_kzt=19000, pass_through=0; depth=2: нет выхода",1,0,19000.0,0.0,0.00029332825693130016,0.0,2,False,False
100000002748532100,peripheral,0.4,33,0.023428410676042406,"in_deg=3, out_deg=2, in_kzt=355575, pass_through=1.819; Нет совпадений",3,2,355575.0,646685.0,0.00034062255500050286,1.8187021022287844,2,False,False
100000004456564100,terminal,0.9,38,0.02590306783504885,"in_deg=1, out_deg=0, in_kzt=10000, pass_through=0; depth=2: нет выхода",1,0,10000.0,0.0,0.00039408031381263944,0.0,2,False,False
100000001530740100,terminal,0.9,3,0.034977932180190435,"in_deg=1, out_deg=0, in_kzt=15000, pass_through=0; depth=2: нет выхода",1,0,15000.0,0.0,0.0005321421608384045,0.0,2,False,False
100000001386612100,terminal,0.9,38,0.028633898802888375,"in_deg=1, out_deg=0, in_kzt=62264, pass_through=0; depth=2: нет выхода",1,0,62264.0,0.0,0.00043562623152510973,0.0,2,False,False
100000003360542100,peripheral,0.4,10,0.0961390802255657,"in_deg=2, out_deg=2, in_kzt=317000, pass_through=0.1634; Нет совпадений",2,2,317000.0,51800.0,0.001462123233616894,0.16340694006309148,2,False,False
100000008352542100,terminal,0.9,1,0.021884852675450345,"in_deg=1, out_deg=0, in_kzt=50220, pass_through=0; depth=2: нет выхода",1,0,50220.0,0.0,0.00033294857833076393,0.0,2,False,False
100000001138376100,terminal,0.9,3,0.019175939320334828,"in_deg=1, out_deg=0, in_kzt=15300, pass_through=0; depth=2: нет выхода",1,0,15300.0,0.0,0.00029173610759667106,0.0,2,False,False
100000003246024100,peripheral,0.4,0,0.07839435668718187,"in_deg=1, out_deg=1, in_kzt=25000, pass_through=0.2; Нет совпадений",1,1,25000.0,5000.0,0.00037362633493987277,0.2,2,False,False
100000002680477100,terminal,0.9,22,0.019448086761903825,"in_deg=1, out_deg=0, in_kzt=25000, pass_through=0; depth=2: нет выхода",1,0,25000.0,0.0,0.00029587646463313387,0.0,2,False,False
100000005882013100,peripheral,0.4,11,0.03474976672680496,"in_deg=2, out_deg=1, in_kzt=135000, pass_through=0.07407; Нет совпадений",2,1,135000.0,10000.0,0.0005286709305561872,0.07407407407407407,2,False,False
100000005665181100,coordinator,0.8,9,0.2352745954814694,"in_deg=4, out_deg=11, in_kzt=45498, pass_through=3.998; BC=0.000273 >= p95=0.000158",4,11,45498.0,181915.0,0.0004002985549973445,3.998307617917271,2,False,False
100000008141170100,terminal,0.9,3,0.0410535444166018,"in_deg=1, out_deg=0, in_kzt=11000, pass_through=0; depth=2: нет выхода",1,0,11000.0,0.0,0.0006245744237647772,0.0,2,False,False
100000001382002100,transit,0.8,0,0.04377733703222394,"in_deg=1, out_deg=1, in_kzt=55000, pass_through=1.027; Вход близок к выходу",1,1,55000.0,56500.0,0.0006660132624212756,1.0272727272727273,2,False,False
100000002481735100,terminal,0.9,3,0.023946345320505037,"in_deg=1, out_deg=0, in_kzt=22436, pass_through=0; depth=2: нет выхода",1,0,22436.0,0.0,0.00036431141433377863,0.0,2,False,False
100000000806727100,peripheral,0.4,1,0.022833848598103144,"in_deg=1, out_deg=1, in_kzt=45000, pass_through=0.1111; Нет совпадений",1,1,45000.0,5000.0,0.0003473862740271751,0.1111111111111111,2,False,False
100000003039473100,terminal,0.9,3,0.020612699618997005,"in_deg=1, out_deg=0, in_kzt=23000, pass_through=0; depth=2: нет выхода",1,0,23000.0,0.0,0.0003135944817852381,0.0,2,False,False
100000005205745100,terminal,0.9,2,0.020616566587995877,"in_deg=1, out_deg=0, in_kzt=6000, pass_through=0; depth=2: нет выхода",1,0,6000.0,0.0,0.0003136533125139488,0.0,2,False,False
100000004356593100,peripheral,0.4,1,0.020017019769480855,"in_deg=1, out_deg=1, in_kzt=50000, pass_through=0.2; Нет совпадений",1,1,50000.0,10000.0,0.00029476455894695685,0.2,2,False,False
100000008688881100,terminal,0.9,20,0.01984570868252014,"in_deg=1, out_deg=0, in_kzt=44211, pass_through=0; depth=2: нет выхода",1,0,44211.0,0.0,0.00030192574699046306,0.0,2,False,False
100000008111003100,consolidator,0.8,0,0.2604621036598766,"in_deg=6, out_deg=1, in_kzt=222716, pass_through=0.1572; Средства накапливаются",6,1,222716.0,35000.0,0.00047167789687580923,0.15715081089818422,2,False,False
100000003016773100,terminal,0.9,39,0.02078392291854529,"in_deg=1, out_deg=0, in_kzt=46555, pass_through=0; depth=2: нет выхода",1,0,46555.0,0.0,0.00031619941383605584,0.0,2,False,False
100000004674799100,terminal,0.9,0,0.052185347806190344,"in_deg=1, out_deg=0, in_kzt=140000, pass_through=0; depth=2: нет выхода",1,0,140000.0,0.0,0.0007939298298890643,0.0,2,False,False
100000005834479100,peripheral,0.4,7,0.018998920996866356,"in_deg=1, out_deg=2, in_kzt=7500, pass_through=1.929; Нет совпадений",1,2,7500.0,14470.0,0.00028803620691591114,1.9293333333333333,2,False,False
100000003278020100,terminal,0.9,0,0.021427945669986567,"in_deg=1, out_deg=0, in_kzt=190000, pass_through=0; depth=2: нет выхода",1,0,190000.0,0.0,0.0003259973532000971,0.0,2,False,False
100000000831684100,peripheral,0.4,6,0.1261972848213348,"in_deg=1, out_deg=1, in_kzt=15000, pass_through=3.333; Нет совпадений",1,1,15000.0,50000.0,0.0019199218378837585,3.3333333333333335,2,False,False
100000000307908100,terminal,0.9,8,0.01957947526925555,"in_deg=1, out_deg=0, in_kzt=5000, pass_through=0; depth=2: нет выхода",1,0,5000.0,0.0,0.00029787536393487927,0.0,2,False,False
100000001782980100,peripheral,0.4,25,0.02446421760022332,"in_deg=1, out_deg=1, in_kzt=50000, pass_through=11.92; Нет совпадений",1,1,50000.0,596200.0,0.0003718880578006442,11.924,2,False,False
100000002454724100,terminal,0.9,31,0.019885389698029977,"in_deg=1, out_deg=0, in_kzt=125000, pass_through=0; depth=2: нет выхода",1,0,125000.0,0.0,0.0003025294402342171,0.0,2,False,False
100000005904580100,terminal,0.9,6,0.034503933278694686,"in_deg=2, out_deg=0, in_kzt=72000, pass_through=0; depth=2: нет выхода",2,0,72000.0,0.0,0.0005249309055138308,0.0,2,False,False
100000008474308100,transit,0.8,0,0.029376927984601703,"in_deg=1, out_deg=1, in_kzt=14000, pass_through=0.7143; Вход близок к выходу",1,1,14000.0,10000.0,0.0004469304204716151,0.7142857142857143,2,False,False
100000000795033100,terminal,0.9,0,0.03518887709441167,"in_deg=1, out_deg=0, in_kzt=18200, pass_through=0; depth=2: нет выхода",1,0,18200.0,0.0,0.0005353514037946001,0.0,2,False,False
100000000861294100,terminal,0.9,2,0.02073129242665954,"in_deg=1, out_deg=0, in_kzt=150000, pass_through=0; depth=2: нет выхода",1,0,150000.0,0.0,0.0003153987117381218,0.0,2,False,False
100000006557763100,terminal,0.9,1,0.022921135958134987,"in_deg=1, out_deg=0, in_kzt=10000, pass_through=0; depth=2: нет выхода",1,0,10000.0,0.0,0.00034871423372879323,0.0,2,False,False
100000005608515100,terminal,0.9,2,0.019355655881833005,"in_deg=1, out_deg=0, in_kzt=64000, pass_through=0; depth=2: нет выхода",1,0,64000.0,0.0,0.00029447025319685754,0.0,2,False,False
100000003922499100,terminal,0.9,6,0.03533558373071228,"in_deg=1, out_deg=0, in_kzt=50000, pass_through=0; depth=2: нет выхода",1,0,50000.0,0.0,0.0005375833478114208,0.0,2,False,False
100000008603629100,coordinator,0.8,7,0.47109359162708003,"in_deg=19, out_deg=61, in_kzt=1.8173e+06, pass_through=2.744; BC=0.00586 >= p95=0.000158",19,61,1817300.0,4986156.0,0.0011969051333826275,2.7437165025037142,2,False,False
100000004825069100,terminal,0.9,20,0.019527162274748357,"in_deg=1, out_deg=0, in_kzt=30000, pass_through=0; depth=2: нет выхода",1,0,30000.0,0.0,0.0002970794921322359,0.0,2,False,False
100000004331458100,terminal,0.9,67,0.0873470499752273,"in_deg=2, out_deg=0, in_kzt=250000, pass_through=0; depth=2: нет выхода",2,0,250000.0,0.0,0.0013288678037691965,0.0,2,False,False
100000002911170100,terminal,0.9,31,0.021328358314142273,"in_deg=1, out_deg=0, in_kzt=300000, pass_through=0; depth=2: нет выхода",1,0,300000.0,0.0,0.00032448226561692723,0.0,2,False,False
100000008011159100,peripheral,0.4,62,0.036170420000079265,"in_deg=3, out_deg=5, in_kzt=363000, pass_through=0.4216; Нет совпадений",3,5,363000.0,153037.0,0.00048822818856943286,0.4215895316804408,2,False,False
100000003854444100,distributor,0.8,40,0.16673247375050032,"in_deg=1, out_deg=14, in_kzt=210000, pass_through=11.06; Рассылка на 10+ узлов",1,14,210000.0,2322909.0,0.00046881298793918145,11.061471428571428,2,False,False
100000008547948100,coordinator,0.8,4,0.2661146229252057,"in_deg=6, out_deg=26, in_kzt=212665, pass_through=24.38; BC=0.00115 >= p95=0.000158",6,26,212665.0,5185600.0,0.00043046983886426077,24.383890155878966,2,False,False
100000005175148100,peripheral,0.4,3,0.047485235255741075,"in_deg=2, out_deg=1, in_kzt=79000, pass_through=0.1899; Нет совпадений",2,1,79000.0,15000.0,0.0007224239433805337,0.189873417721519,2,False,False
100000002087788100,terminal,0.9,9,0.043471453568555994,"in_deg=1, out_deg=0, in_kzt=100500, pass_through=0; depth=2: нет выхода",1,0,100500.0,0.0,0.0006613596572143565,0.0,2,False,False
100000004150593100,distributor,0.8,3,0.1276482478637776,"in_deg=1, out_deg=11, in_kzt=57000, pass_through=15.28; Рассылка на 10+ узлов",1,11,57000.0,871165.0,0.00030799607750570075,15.28359649122807,2,False,False
100000001597505100,peripheral,0.4,24,0.021108331945618838,"in_deg=1, out_deg=1, in_kzt=26460, pass_through=0.4883; Нет совпадений",1,1,26460.0,12920.0,0.0003161605068482809,0.48828420256991684,2,False,False
100000007629121100,terminal,0.9,1,0.02614590987921613,"in_deg=1, out_deg=0, in_kzt=29000, pass_through=0; depth=2: нет выхода",1,0,29000.0,0.0,0.0003977748286701752,0.0,2,False,False
100000005614315100,terminal,0.9,3,0.03796714825021162,"in_deg=1, out_deg=0, in_kzt=455000, pass_through=0; depth=2: нет выхода",1,0,455000.0,0.0,0.0005776190601164823,0.0,2,False,False
100000008324800100,transit,0.8,9,0.1240018023831499,"in_deg=3, out_deg=1, in_kzt=526500, pass_through=0.9706; Вход близок к выходу",3,1,526500.0,511000.0,0.0018767530718553356,0.9705603038936372,2,False,False
100000005030592100,terminal,0.9,3,0.019064659588173424,"in_deg=1, out_deg=0, in_kzt=10000, pass_through=0; depth=2: нет выхода",1,0,10000.0,0.0,0.00029004313624476756,0.0,2,False,False
100000001633685100,terminal,0.9,0,0.020215647802737824,"in_deg=3, out_deg=0, in_kzt=45000, pass_through=0; depth=2: нет выхода",3,0,45000.0,0.0,0.0003075538727983914,0.0,2,False,False
100000001848426100,terminal,0.9,2,0.020049838375233494,"in_deg=1, out_deg=0, in_kzt=95530, pass_through=0; depth=2: нет выхода",1,0,95530.0,0.0,0.0003050313055241171,0.0,2,False,False
100000004580202100,peripheral,0.4,27,0.023228992746270955,"in_deg=1, out_deg=3, in_kzt=9000, pass_through=5; Нет совпадений",1,3,9000.0,45000.0,0.0003231892346538889,5.0,2,False,False
100000008717375100,terminal,0.9,1,0.019924411960323685,"in_deg=1, out_deg=0, in_kzt=29506, pass_through=0; depth=2: нет выхода",1,0,29506.0,0.0,0.00030312311143441273,0.0,2,False,False
100000007861311100,terminal,0.9,2,0.02367127171308002,"in_deg=1, out_deg=0, in_kzt=45000, pass_through=0; depth=2: нет выхода",1,0,45000.0,0.0,0.00036012653962218364,0.0,2,False,False
100000005578559100,coordinator,0.8,16,0.25810777676799823,"in_deg=2, out_deg=21, in_kzt=131000, pass_through=6.818; BC=0.000983 >= p95=0.000158",2,21,131000.0,893163.67,0.00039274226148974404,6.818043282442749,2,False,False
100000008764436100,terminal,0.9,20,0.019148340637189912,"in_deg=1, out_deg=0, in_kzt=13100, pass_through=0; depth=2: нет выхода",1,0,13100.0,0.0,0.000291316230778071,0.0,2,False,False
100000000190228100,peripheral,0.4,4,0.03914563174277991,"in_deg=1, out_deg=1, in_kzt=5000, pass_through=5.712; Нет совпадений",1,1,5000.0,28560.0,0.000584572299626703,5.712,2,False,False
100000003971049100,terminal,0.9,0,0.01942869211374449,"in_deg=1, out_deg=0, in_kzt=55900, pass_through=0; depth=2: нет выхода",1,0,55900.0,0.0,0.0002955814011649151,0.0,2,False,False
100000008743913100,coordinator,0.8,33,0.23215027233058683,"in_deg=3, out_deg=13, in_kzt=149300, pass_through=12.4; BC=0.000311 >= p95=0.000158",3,13,149300.0,1850600.0,0.000333585190840509,12.395177494976558,2,False,False
100000004400361100,terminal,0.9,3,0.018964033292301508,"in_deg=1, out_deg=0, in_kzt=10000, pass_through=0; depth=2: нет выхода",1,0,10000.0,0.0,0.0002885122425874011,0.0,2,False,False
100000002175422100,coordinator,0.8,34,0.2611286893745195,"in_deg=3, out_deg=6, in_kzt=68500, pass_through=23.67; BC=0.000161 >= p95=0.000158",3,6,68500.0,1621188.0,0.0008493337041109501,23.66697810218978,2,False,False
100000004544958100,peripheral,0.4,10,0.08094168439397643,"in_deg=1, out_deg=2, in_kzt=168000, pass_through=0.1381; Нет совпадений",1,2,168000.0,23200.0,0.001220845768505495,0.1380952380952381,2,False,False
100000008466579100,coordinator,0.8,39,0.24028519337218543,"in_deg=2, out_deg=17, in_kzt=36952, pass_through=52.31; BC=0.000514 >= p95=0.000158",2,17,36952.0,1933000.0,0.0003559298666444721,52.31110630006495,2,False,False
100000001184915100,terminal,0.9,3,0.023074929181159644,"in_deg=1, out_deg=0, in_kzt=201000, pass_through=0; depth=2: нет выхода",1,0,201000.0,0.0,0.00035105399062468524,0.0,2,False,False
100000004435304100,terminal,0.9,20,0.01944198344500149,"in_deg=1, out_deg=0, in_kzt=26200, pass_through=0; depth=2: нет выхода",1,0,26200.0,0.0,0.0002957836108810036,0.0,2,False,False
100000008762728100,terminal,0.9,3,0.02097575665762822,"in_deg=1, out_deg=0, in_kzt=17026, pass_through=0; depth=2: нет выхода",1,0,17026.0,0.0,0.0003191179059845172,0.0,2,False,False
100000004285800100,peripheral,0.4,0,0.022726034793733363,"in_deg=1, out_deg=1, in_kzt=5000, pass_through=3; Нет совпадений",1,1,5000.0,15000.0,0.00034574603210178083,3.0,2,False,False
100000008557672100,terminal,0.9,20,0.019955858358671752,"in_deg=1, out_deg=0, in_kzt=49125, pass_through=0; depth=2: нет выхода",1,0,49125.0,0.0,0.00030360152606113565,0.0,2,False,False
100000005142589100,terminal,0.9,0,0.020491772573170655,"in_deg=1, out_deg=0, in_kzt=50000, pass_through=0; depth=2: нет выхода",1,0,50000.0,0.0,0.0003117547395403754,0.0,2,False,False
100000003747133100,transit,0.8,55,0.028170673555091386,"in_deg=5, out_deg=2, in_kzt=237068, pass_through=1.055; Вход близок к выходу",5,2,237068.0,250000.0,0.0003797416045329042,1.0545497494389795,2,False,False
100000003289405100,terminal,0.9,1,0.022381369482815817,"in_deg=1, out_deg=0, in_kzt=355000, pass_through=0; depth=2: нет выхода",1,0,355000.0,0.0,0.0003405024132859843,0.0,2,False,False
100000002691858100,terminal,0.9,24,0.022604636883951562,"in_deg=1, out_deg=0, in_kzt=51500, pass_through=0; depth=2: нет выхода",1,0,51500.0,0.0,0.0003438991262955783,0.0,2,False,False
100000007534354100,peripheral,0.4,10,0.02012090073087777,"in_deg=1, out_deg=3, in_kzt=50000, pass_through=2.956; Нет совпадений",1,3,50000.0,147810.0,0.00030490407859112926,2.9562,2,False,False
100000000765628100,terminal,0.9,3,0.020825478608181364,"in_deg=1, out_deg=0, in_kzt=5000, pass_through=0; depth=2: нет выхода",1,0,5000.0,0.0,0.00031683162772349065,0.0,2,False,False
100000004962193100,terminal,0.9,0,0.043392922238737634,"in_deg=8, out_deg=0, in_kzt=900468, pass_through=0; depth=2: нет выхода",8,0,900468.0,0.0,0.0006601649087275743,0.0,2,False,False
100000005032294100,terminal,0.9,38,0.02590306783504885,"in_deg=1, out_deg=0, in_kzt=10000, pass_through=0; depth=2: нет выхода",1,0,10000.0,0.0,0.00039408031381263944,0.0,2,False,False
100000001251686100,terminal,0.9,1,0.019580636954415157,"in_deg=1, out_deg=0, in_kzt=18000, pass_through=0; depth=2: нет выхода",1,0,18000.0,0.0,0.0002978930374110545,0.0,2,False,False
100000002398779100,consolidator,0.8,0,0.3060732038045048,"in_deg=13, out_deg=1, in_kzt=1.09569e+06, pass_through=0.06024; Средства накапливаются",13,1,1095690.0,66000.0,0.0016072661759540486,0.06023601566136407,2,False,False
100000008512827100,distributor,0.8,22,0.12671961077684232,"in_deg=3, out_deg=10, in_kzt=107949, pass_through=18.01; Рассылка на 10+ узлов",3,10,107949.0,1944500.0,0.00033674656361513174,18.01313583266172,2,False,False
100000003943483100,terminal,0.9,6,0.02171923391446346,"in_deg=1, out_deg=0, in_kzt=10000, pass_through=0; depth=2: нет выхода",1,0,10000.0,0.0,0.00033042891179093194,0.0,2,False,False
100000005031696100,peripheral,0.4,44,0.03883391375375015,"in_deg=1, out_deg=2, in_kzt=5000, pass_through=23; Нет совпадений",1,2,5000.0,115000.0,0.000542069147772073,23.0,2,False,False
100000002703376100,terminal,0.9,0,0.01933218098174525,"in_deg=1, out_deg=0, in_kzt=46501, pass_through=0; depth=2: нет выхода",1,0,46501.0,0.0,0.0002941131141872154,0.0,2,False,False
100000003617552100,terminal,0.9,25,0.03637796368430845,"in_deg=1, out_deg=0, in_kzt=25000, pass_through=0; depth=2: нет выхода",1,0,25000.0,0.0,0.0005534417558517753,0.0,2,False,False
100000007617808100,terminal,0.9,3,0.02377479366092109,"in_deg=1, out_deg=0, in_kzt=450000, pass_through=0; depth=2: нет выхода",1,0,450000.0,0.0,0.0003617014867269627,0.0,2,False,False
100000002613776100,terminal,0.9,0,0.019905362469808875,"in_deg=1, out_deg=0, in_kzt=30000, pass_through=0; depth=2: нет выхода",1,0,30000.0,0.0,0.00030283329907520294,0.0,2,False,False
100000002578405100,coordinator,0.8,20,0.2433421639066201,"in_deg=2, out_deg=116, in_kzt=1.20035e+06, pass_through=2.59; BC=0.000174 >= p95=0.000158",2,116,1200351.0,3108352.0,0.0005724925422578232,2.589535894084314,2,False,False
100000006161893100,terminal,0.9,3,0.03511222984550498,"in_deg=1, out_deg=0, in_kzt=14000, pass_through=0; depth=2: нет выхода",1,0,14000.0,0.0,0.0005341853190630782,0.0,2,False,False
100000002633701100,terminal,0.9,4,0.020512217282768887,"in_deg=1, out_deg=0, in_kzt=266850, pass_through=0; depth=2: нет выхода",1,0,266850.0,0.0,0.0003120657782800948,0.0,2,False,False
100000002432143100,terminal,0.9,1,0.022133926176975207,"in_deg=1, out_deg=0, in_kzt=81310, pass_through=0; depth=2: нет выхода",1,0,81310.0,0.0,0.0003367378964249906,0.0,2,False,False
100000000490383100,peripheral,0.4,3,0.037905508994847154,"in_deg=3, out_deg=8, in_kzt=62600, pass_through=7.37; Нет совпадений",3,8,62600.0,461375.0,0.0005504333625377887,7.37020766773163,2,False,False
100000005809252100,terminal,0.9,9,0.03743924639881383,"in_deg=1, out_deg=0, in_kzt=25000, pass_through=0; depth=2: нет выхода",1,0,25000.0,0.0,0.0005695877439578756,0.0,2,False,False
100000006612238100,peripheral,0.4,20,0.022441174871351794,"in_deg=1, out_deg=1, in_kzt=160000, pass_through=0.1562; Нет совпадений",1,1,160000.0,25000.0,0.00034141227177965876,0.15625,2,False,False
100000002593038100,terminal,0.9,6,0.04347808373955945,"in_deg=1, out_deg=0, in_kzt=28500, pass_through=0; depth=2: нет выхода",1,0,28500.0,0.0,0.0006614605263425352,0.0,2,False,False
100000002947299100,terminal,0.9,1,0.022282743697607757,"in_deg=1, out_deg=0, in_kzt=85000, pass_through=0; depth=2: нет выхода",1,0,85000.0,0.0,0.0003390019547058534,0.0,2,False,False
100000004336312100,transit,0.8,14,0.04707145729075443,"in_deg=3, out_deg=2, in_kzt=90415, pass_through=0.8035; Вход близок к выходу",3,2,90415.0,72650.0,0.0006989602995804726,0.8035171155228668,2,False,False
100000001308856100,terminal,0.9,20,0.019459915830211356,"in_deg=1, out_deg=0, in_kzt=27000, pass_through=0; depth=2: нет выхода",1,0,27000.0,0.0,0.00029605642798652616,0.0,2,False,False
100000008238989100,terminal,0.9,27,0.02134177254653051,"in_deg=1, out_deg=0, in_kzt=200000, pass_through=0; depth=2: нет выхода",1,0,200000.0,0.0,0.00032468634510831316,0.0,2,False,False
100000005561741100,terminal,0.9,16,0.021777462495483426,"in_deg=1, out_deg=0, in_kzt=25000, pass_through=0; depth=2: нет выхода",1,0,25000.0,0.0,0.0003313147812804973,0.0,2,False,False
100000006248077100,terminal,0.9,3,0.0194013751439942,"in_deg=1, out_deg=0, in_kzt=50000, pass_through=0; depth=2: нет выхода",1,0,50000.0,0.0,0.0002951658102364522,0.0,2,False,False
100000000646541100,terminal,0.9,0,0.03339587636986815,"in_deg=3, out_deg=0, in_kzt=25300, pass_through=0; depth=2: нет выхода",3,0,25300.0,0.0,0.0005080733109951697,0.0,2,False,False
100000006595426100,terminal,0.9,0,0.02207275321850543,"in_deg=1, out_deg=0, in_kzt=84800, pass_through=0; depth=2: нет выхода",1,0,84800.0,0.0,0.0003358072321954047,0.0,2,False,False
100000002956898100,terminal,0.9,3,0.02487855639086914,"in_deg=2, out_deg=0, in_kzt=290240, pass_through=0; depth=2: нет выхода",2,0,290240.0,0.0,0.00037849375109358233,0.0,2,False,False
100000001262647100,terminal,0.9,3,0.020031191118072236,"in_deg=1, out_deg=0, in_kzt=23650, pass_through=0; depth=2: нет выхода",1,0,23650.0,0.0,0.0003047476126040102,0.0,2,False,False
100000005849100100,terminal,0.9,1,0.032395936798137986,"in_deg=1, out_deg=0, in_kzt=33300, pass_through=0; depth=2: нет выхода",1,0,33300.0,0.0,0.0004928605762438091,0.0,2,False,False
100000000533217100,terminal,0.9,0,0.04313705177415811,"in_deg=1, out_deg=0, in_kzt=53587, pass_through=0; depth=2: нет выхода",1,0,53587.0,0.0,0.0006562721839885975,0.0,2,False,False
100000002812641100,transit,0.8,4,0.1379547696340261,"in_deg=1, out_deg=1, in_kzt=10000, pass_through=0.7024; Вход близок к выходу",1,1,10000.0,7023.95,0.002098796144747264,0.702395,2,False,False
100000008647905100,peripheral,0.4,40,0.022986493225408893,"in_deg=1, out_deg=2, in_kzt=50000, pass_through=6.884; Нет совпадений",1,2,50000.0,344222.0,0.0003301736452618153,6.88444,2,False,False
100000002842337100,terminal,0.9,2,0.02420644658904687,"in_deg=1, out_deg=0, in_kzt=50000, pass_through=0; depth=2: нет выхода",1,0,50000.0,0.0,0.00036826850506074414,0.0,2,False,False
100000002445750100,peripheral,0.4,0,0.03611940176306997,"in_deg=1, out_deg=1, in_kzt=70000, pass_through=0.1429; Нет совпадений",1,1,70000.0,10000.0,0.0005396399331413593,0.14285714285714285,2,False,False
100000005619339100,transit,0.8,3,0.021181981987866503,"in_deg=1, out_deg=1, in_kzt=5000, pass_through=1.089; Вход близок к выходу",1,1,5000.0,5442.6,0.00032225534682256554,1.0885200000000002,2,False,False
100000006844768100,peripheral,0.4,9,0.0920093267740108,"in_deg=1, out_deg=2, in_kzt=282000, pass_through=0.6667; Нет совпадений",1,2,282000.0,188000.0,0.0013800617680781104,0.6666666666666666,2,False,False
100000002488629100,terminal,0.9,2,0.01976859939825428,"in_deg=1, out_deg=0, in_kzt=73050, pass_through=0; depth=2: нет выхода",1,0,73050.0,0.0,0.0003007526330128113,0.0,2,False,False
100000002796853100,peripheral,0.4,39,0.14130624258590616,"in_deg=1, out_deg=1, in_kzt=199000, pass_through=0.232; Нет совпадений",1,1,199000.0,46167.62,0.002149784294916272,0.23199809045226133,2,False,False
100000006755850100,terminal,0.9,9,0.04285603948866539,"in_deg=1, out_deg=0, in_kzt=443476, pass_through=0; depth=2: нет выхода",1,0,443475.8,0.0,0.0006519969602831516,0.0,2,False,False
100000008733194100,coordinator,0.8,11,0.2741355091071998,"in_deg=4, out_deg=8, in_kzt=251424, pass_through=0.6352; BC=0.000204 >= p95=0.000158",4,8,251424.0,159695.0,0.0004727805244094759,0.6351621165839378,2,False,False
100000001904863100,terminal,0.9,38,0.03181825176331053,"in_deg=1, out_deg=0, in_kzt=500000, pass_through=0; depth=2: нет выхода",1,0,500000.0,0.0,0.0004840718759531958,0.0,2,False,False
100000001641951100,terminal,0.9,1,0.021065337145336566,"in_deg=1, out_deg=0, in_kzt=25000, pass_through=0; depth=2: нет выхода",1,0,25000.0,0.0,0.00032048075253738104,0.0,2,False,False
100000004816564100,peripheral,0.4,3,0.025490705164085654,"in_deg=1, out_deg=1, in_kzt=285480, pass_through=0.01751; Нет совпадений",1,1,285480.0,5000.0,0.00037803931511691275,0.01751436177665686,2,False,False
100000002205022100,peripheral,0.4,29,0.03784220921026624,"in_deg=1, out_deg=3, in_kzt=7100, pass_through=72.96; Нет совпадений",1,3,7100.0,518000.0,0.0005480158521231138,72.95774647887323,2,False,False
100000002267998100,peripheral,0.4,27,0.1068936421800957,"in_deg=2, out_deg=3, in_kzt=420000, pass_through=2.655; Нет совпадений",2,3,420000.0,1115000.0,0.001596336356637094,2.6547619047619047,2,False,False
100000002199091100,terminal,0.9,20,0.020311704127680054,"in_deg=1, out_deg=0, in_kzt=65000, pass_through=0; depth=2: нет выхода",1,0,65000.0,0.0,0.0003090152404988498,0.0,2,False,False
100000008571443100,terminal,0.9,11,0.020780678526224672,"in_deg=2, out_deg=0, in_kzt=65000, pass_through=0; depth=2: нет выхода",2,0,65000.0,0.0,0.00031615005477357013,0.0,2,False,False
100000002742067100,terminal,0.9,3,0.019121979148324485,"in_deg=1, out_deg=0, in_kzt=12730, pass_through=0; depth=2: нет выхода",1,0,12730.0,0.0,0.0002909151762052763,0.0,2,False,False
100000003292979100,terminal,0.9,1,0.02180822390893279,"in_deg=1, out_deg=0, in_kzt=48950, pass_through=0; depth=2: нет выхода",1,0,48950.0,0.0,0.0003317827747839172,0.0,2,False,False
100000002558173100,terminal,0.9,24,0.019531871289718745,"in_deg=1, out_deg=0, in_kzt=9300, pass_through=0; depth=2: нет выхода",1,0,9300.0,0.0,0.0002971511334570819,0.0,2,False,False
100000004687282100,terminal,0.9,3,0.02193716940842809,"in_deg=1, out_deg=0, in_kzt=20000, pass_through=0; depth=2: нет выхода",1,0,20000.0,0.0,0.0003337445070092051,0.0,2,False,False
100000003034546100,terminal,0.9,4,0.02187789281066738,"in_deg=1, out_deg=0, in_kzt=486715, pass_through=0; depth=2: нет выхода",1,0,486715.0,0.0,0.0003328426933554695,0.0,2,False,False
100000003798151100,terminal,0.9,3,0.03798627310466597,"in_deg=1, out_deg=0, in_kzt=350000, pass_through=0; depth=2: нет выхода",1,0,350000.0,0.0,0.0005779100190365989,0.0,2,False,False
100000008710791100,coordinator,0.8,4,0.23257797699654006,"in_deg=3, out_deg=23, in_kzt=181510, pass_through=30.42; BC=0.00032 >= p95=0.000158",3,23,181510.0,5521511.0,0.0003357504918816128,30.41987218335078,2,False,False
100000008688476100,terminal,0.9,20,0.01939266938567436,"in_deg=1, out_deg=0, in_kzt=24000, pass_through=0; depth=2: нет выхода",1,0,24000.0,0.0,0.00029503336384081646,0.0,2,False,False
100000003242289100,coordinator,0.8,26,0.2624774601450043,"in_deg=3, out_deg=23, in_kzt=550791, pass_through=4.317; BC=0.00102 >= p95=0.000158",3,23,550791.0,2377741.0,0.00044164083204680177,4.316956885642648,2,False,False
100000006564102100,terminal,0.9,1,0.0282610540420429,"in_deg=1, out_deg=0, in_kzt=233235, pass_through=0; depth=2: нет выхода",1,0,233235.0,0.0,0.0004299539003057715,0.0,2,False,False
100000001526235100,coordinator,0.8,12,0.2665213291847514,"in_deg=3, out_deg=8, in_kzt=82000, pass_through=5.277; BC=0.000261 >= p95=0.000158",3,8,82000.0,432750.0,0.0008816319237140674,5.277439024390244,2,False,False
100000004398811100,peripheral,0.4,1,0.023136344461283605,"in_deg=1, out_deg=3, in_kzt=426000, pass_through=2.443; Нет совпадений",1,3,426000.0,1040672.0,0.00035123312580815345,2.4428920187793426,2,False,False
100000002957787100,coordinator,0.8,0,0.3833772047523141,"in_deg=4, out_deg=34, in_kzt=84956, pass_through=15.02; BC=0.00435 >= p95=0.000158",4,34,84956.0,1276153.96,0.0006165068183473814,15.02135175855737,2,False,False
100000002621915100,terminal,0.9,3,0.03512449088713253,"in_deg=1, out_deg=0, in_kzt=5000, pass_through=0; depth=2: нет выхода",1,0,5000.0,0.0,0.0005343718543091357,0.0,2,False,False
100000008283183100,terminal,0.9,20,0.01950474679323603,"in_deg=1, out_deg=0, in_kzt=29000, pass_through=0; depth=2: нет выхода",1,0,29000.0,0.0,0.0002967384707503327,0.0,2,False,False
100000003843844100,peripheral,0.4,11,0.01990423493506417,"in_deg=1, out_deg=1, in_kzt=16680, pass_through=14.27; Нет совпадений",1,1,16680.0,238000.0,0.0002930486894899771,14.268585131894485,3,False,False
100000000954884100,terminal,0.9,36,0.020565895916297296,"in_deg=1, out_deg=0, in_kzt=34000, pass_through=0; depth=3: нет выхода",1,0,34000.0,0.0,0.0003128824264424135,0.0,3,False,False
100000005893892100,terminal,0.9,9,0.01907450830200502,"in_deg=1, out_deg=0, in_kzt=102780, pass_through=0; depth=3: нет выхода",1,0,102780.0,0.0,0.0002901929711701949,0.0,3,False,False
100000001819396100,terminal,0.9,13,0.021602767561182568,"in_deg=1, out_deg=0, in_kzt=166080, pass_through=0; depth=3: нет выхода",1,0,166080.0,0.0,0.0003286570329794405,0.0,3,False,False
100000008472324100,terminal,0.9,9,0.019293548860541937,"in_deg=1, out_deg=0, in_kzt=205200, pass_through=0; depth=3: нет выхода",1,0,205200.0,0.0,0.0002935253784586138,0.0,3,False,False
100000002646745100,terminal,0.9,20,0.018981403856791527,"in_deg=1, out_deg=0, in_kzt=12300, pass_through=0; depth=3: нет выхода",1,0,12300.0,0.0,0.0002887765123468335,0.0,3,False,False
100000008405209100,terminal,0.9,26,0.01941983556298127,"in_deg=1, out_deg=0, in_kzt=54400, pass_through=0; depth=3: нет выхода",1,0,54400.0,0.0,0.000295446660665207,0.0,3,False,False
100000004417753100,terminal,0.9,1,0.025955504468637477,"in_deg=2, out_deg=0, in_kzt=192099, pass_through=0; depth=3: нет выхода",2,0,192099.0,0.0,0.0003948780666174993,0.0,3,False,False
100000003457710100,peripheral,0.4,9,0.020195103806175112,"in_deg=1, out_deg=1, in_kzt=326555, pass_through=3.999; Нет совпадений",1,1,326555.0,1306000.0,0.0002974738678794894,3.999326300316945,3,False,False
100000007333038100,peripheral,0.4,22,0.019839704038312086,"in_deg=1, out_deg=2, in_kzt=17500, pass_through=2; Нет совпадений",1,2,17500.0,34994.0,0.00030102883105703315,1.9996571428571428,3,False,False
100000006444163100,terminal,0.9,1,0.021076818461201227,"in_deg=1, out_deg=0, in_kzt=6026, pass_through=0; depth=3: нет выхода",1,0,6026.0,0.0,0.0003206554253053999,0.0,3,False,False
100000008706947100,terminal,0.9,20,0.019031880241695966,"in_deg=1, out_deg=0, in_kzt=17200, pass_through=0; depth=3: нет выхода",1,0,17200.0,0.0,0.00028954444260628927,0.0,3,False,False
100000008761219100,peripheral,0.4,57,0.020728488375964558,"in_deg=2, out_deg=2, in_kzt=50000, pass_through=7.5; Нет совпадений",2,2,50000.0,375000.0,0.0002941512748559038,7.5,3,False,False
100000005022552100,peripheral,0.4,3,0.023619751099071114,"in_deg=1, out_deg=1, in_kzt=241000, pass_through=0.02075; Нет совпадений",1,1,241000.0,5000.0,0.00035934272282234583,0.02074688796680498,3,False,False
100000008735832100,terminal,0.9,20,0.01903600076291266,"in_deg=1, out_deg=0, in_kzt=17600, pass_through=0; depth=3: нет выхода",1,0,17600.0,0.0,0.0002896071307907347,0.0,3,False,False
100000005661528100,terminal,0.9,7,0.019219142259979238,"in_deg=1, out_deg=0, in_kzt=25000, pass_through=0; depth=3: нет выхода",1,0,25000.0,0.0,0.00029239338217592616,0.0,3,False,False
100000002529880100,terminal,0.9,39,0.02021227971087592,"in_deg=2, out_deg=0, in_kzt=147000, pass_through=0; depth=3: нет выхода",2,0,147000.0,0.0,0.000307502631813874,0.0,3,False,False
100000001969496100,terminal,0.9,38,0.01927927858733965,"in_deg=1, out_deg=0, in_kzt=22740, pass_through=0; depth=3: нет выхода",1,0,22740.0,0.0,0.00029330827545839925,0.0,3,False,False
100000003215448100,peripheral,0.4,7,0.02136475274142697,"in_deg=1, out_deg=2, in_kzt=91309, pass_through=1.358; Нет совпадений",1,2,91309.0,124000.0,0.0003055010465210008,1.3580260434349298,3,False,False
100000006894637100,terminal,0.9,0,0.019163907951220516,"in_deg=1, out_deg=0, in_kzt=52831, pass_through=0; depth=3: нет выхода",1,0,52831.0,0.0,0.00029155306650878313,0.0,3,False,False
100000002936322100,terminal,0.9,7,0.024188289697370628,"in_deg=2, out_deg=0, in_kzt=787133, pass_through=0; depth=3: нет выхода",2,0,787133.0,0.0,0.000367992272391502,0.0,3,False,False
100000005061890100,terminal,0.9,1,0.0352949969496151,"in_deg=1, out_deg=0, in_kzt=90000, pass_through=0; depth=3: нет выхода",1,0,90000.0,0.0,0.0005369658745633378,0.0,3,False,False
100000004017410100,peripheral,0.4,14,0.07603410515438175,"in_deg=2, out_deg=5, in_kzt=193650, pass_through=6.873; Нет совпадений",2,5,193650.0,1330915.0,0.0011361307962045452,6.872785954040795,3,False,False
100000002983426100,terminal,0.9,16,0.021042085675604137,"in_deg=1, out_deg=0, in_kzt=88945, pass_through=0; depth=3: нет выхода",1,0,88945.0,0.0,0.00032012701271987715,0.0,3,False,False
100000005530114100,peripheral,0.4,26,0.032819813336687965,"in_deg=2, out_deg=1, in_kzt=136970, pass_through=0.1825; Нет совпадений",2,1,136970.0,25000.0,0.0004970436403447192,0.1825217200846901,3,False,False
100000001169666100,peripheral,0.4,16,0.02183198460579048,"in_deg=1, out_deg=1, in_kzt=220000, pass_through=0.1091; Нет совпадений",1,1,220000.0,24000.0,0.00032096707027641454,0.10909090909090909,3,False,False
100000001784279100,terminal,0.9,0,0.01906349118719095,"in_deg=1, out_deg=0, in_kzt=35674, pass_through=0; depth=3: нет выхода",1,0,35674.0,0.0,0.0002900253605963862,0.0,3,False,False
100000008744364100,terminal,0.9,20,0.01909883871146717,"in_deg=1, out_deg=0, in_kzt=23700, pass_through=0; depth=3: нет выхода",1,0,23700.0,0.0,0.0002905631256035266,0.0,3,False,False
100000008714412100,terminal,0.9,16,0.02057742636113102,"in_deg=1, out_deg=0, in_kzt=169000, pass_through=0; depth=3: нет выхода",1,0,169000.0,0.0,0.00031305784664157325,0.0,3,False,False
100000007754369100,terminal,0.9,0,0.019337110334966344,"in_deg=1, out_deg=0, in_kzt=82424, pass_through=0; depth=3: нет выхода",1,0,82424.0,0.0,0.0002941881076619896,0.0,3,False,False
100000003122817100,terminal,0.9,13,0.02621266777361428,"in_deg=1, out_deg=0, in_kzt=444680, pass_through=0; depth=3: нет выхода",1,0,444680.0,0.0,0.0003987904601830688,0.0,3,False,False
100000003711830100,terminal,0.9,7,0.019526053787059648,"in_deg=1, out_deg=0, in_kzt=50000, pass_through=0; depth=3: нет выхода",1,0,50000.0,0.0,0.0002970626279839811,0.0,3,False,False
100000001110358100,terminal,0.9,0,0.01934413873608437,"in_deg=2, out_deg=0, in_kzt=32000, pass_through=0; depth=3: нет выхода",2,0,32000.0,0.0,0.000294295035325378,0.0,3,False,False
100000006530134100,terminal,0.9,9,0.019746882308753377,"in_deg=2, out_deg=0, in_kzt=144663, pass_through=0; depth=3: нет выхода",2,0,144663.0,0.0,0.0003004222367253865,0.0,3,False,False
100000001639766100,terminal,0.9,2,0.04303158225691442,"in_deg=1, out_deg=0, in_kzt=20000, pass_through=0; depth=3: нет выхода",1,0,20000.0,0.0,0.0006546676072366184,0.0,3,False,False
100000003242795100,terminal,0.9,9,0.019092088007054555,"in_deg=1, out_deg=0, in_kzt=111000, pass_through=0; depth=3: нет выхода",1,0,111000.0,0.0,0.0002904604227217552,0.0,3,False,False
100000004970752100,terminal,0.9,0,0.049036926028731415,"in_deg=1, out_deg=0, in_kzt=10000, pass_through=0; depth=3: нет выхода",1,0,10000.0,0.0,0.0007460308300494871,0.0,3,False,False
100000004564736100,terminal,0.9,27,0.0248771182807525,"in_deg=1, out_deg=0, in_kzt=15000, pass_through=0; depth=3: нет выхода",1,0,15000.0,0.0,0.00037847187218373,0.0,3,False,False
100000005873152100,transit,0.8,10,0.030866225882179462,"in_deg=1, out_deg=1, in_kzt=10000, pass_through=1; Вход близок к выходу",1,1,10000.0,10000.0,0.00046938669267821635,1.0,3,False,False
100000001637376100,peripheral,0.4,9,0.01974629735810085,"in_deg=1, out_deg=1, in_kzt=116700, pass_through=2.007; Нет совпадений",1,1,116700.0,234250.0,0.00029064588182685174,2.0072836332476434,3,False,False
100000006710485100,terminal,0.9,20,0.019060723890212794,"in_deg=1, out_deg=0, in_kzt=20000, pass_through=0; depth=3: нет выхода",1,0,20000.0,0.0,0.0002899832598974069,0.0,3,False,False
100000003582677100,coordinator,0.8,1,0.24200631308529183,"in_deg=2, out_deg=4, in_kzt=29757, pass_through=1.882; BC=0.000182 >= p95=0.000158",2,4,29756.989999999998,56000.0,0.00029460359346959513,1.881910771217116,3,False,False
100000008713685100,terminal,0.9,20,0.01936667259055196,"in_deg=1, out_deg=0, in_kzt=49700, pass_through=0; depth=3: нет выхода",1,0,49700.0,0.0,0.00029463785759247565,0.0,3,False,False
100000008070101100,terminal,0.9,4,0.01931802822637709,"in_deg=1, out_deg=0, in_kzt=100000, pass_through=0; depth=3: нет выхода",1,0,100000.0,0.0,0.00029389779906267827,0.0,3,False,False
100000004475818100,peripheral,0.4,9,0.022772829060452734,"in_deg=1, out_deg=3, in_kzt=13000, pass_through=4.153; Нет совпадений",1,3,13000.0,53989.0,0.00031118891379402743,4.153,3,False,False
100000007197866100,transit,0.8,7,0.019765259257075948,"in_deg=1, out_deg=1, in_kzt=20000, pass_through=0.75; Вход близок к выходу",1,1,20000.0,15000.0,0.00029093436159867544,0.75,3,False,False
100000006965162100,terminal,0.9,14,0.02042090636335322,"in_deg=1, out_deg=0, in_kzt=10000, pass_through=0; depth=3: нет выхода",1,0,10000.0,0.0,0.0003106766055378161,0.0,3,False,False
100000005995391100,terminal,0.9,20,0.019031880241695966,"in_deg=1, out_deg=0, in_kzt=17200, pass_through=0; depth=3: нет выхода",1,0,17200.0,0.0,0.00028954444260628927,0.0,3,False,False
100000003834495100,consolidator,0.8,0,0.24108169666450463,"in_deg=3, out_deg=1, in_kzt=602441, pass_through=0.0332; Средства накапливаются",3,1,602441.0,20000.0,0.0006235433580008246,0.0331982716979754,3,False,False
100000001223977100,peripheral,0.4,44,0.020980370087185233,"in_deg=1, out_deg=1, in_kzt=5000, pass_through=3.6; Нет совпадений",1,1,5000.0,18000.0,0.00030690325196449205,3.6,3,False,False
100000001046057100,terminal,0.9,39,0.02102937029558464,"in_deg=1, out_deg=0, in_kzt=83420, pass_through=0; depth=3: нет выхода",1,0,83420.0,0.0,0.0003199335653266865,0.0,3,False,False
100000002989353100,peripheral,0.4,22,0.020519286767188526,"in_deg=1, out_deg=2, in_kzt=500000, pass_through=0.6423; Нет совпадений",1,2,500000.0,321160.0,0.00031076359510193093,0.64232,3,False,False
100000006714366100,peripheral,0.4,11,0.019753248027548857,"in_deg=1, out_deg=1, in_kzt=10500, pass_through=0.4762; Нет совпадений",1,1,10500.0,5000.0,0.0002907516269075009,0.47619047619047616,3,False,False
100000001063678100,peripheral,0.4,27,0.022973202494047426,"in_deg=1, out_deg=2, in_kzt=35000, pass_through=2.571; Нет совпадений",1,2,35000.0,90000.0,0.00032936727215717636,2.5714285714285716,3,False,False
100000004889043100,terminal,0.9,0,0.019707958951664897,"in_deg=2, out_deg=0, in_kzt=272000, pass_through=0; depth=3: нет выхода",2,0,272000.0,0.0,0.0002998300702347704,0.0,3,False,False
100000002984403100,transit,0.8,12,0.02180226802683403,"in_deg=1, out_deg=1, in_kzt=20000, pass_through=1.25; Вход близок к выходу",1,1,20000.0,25000.0,0.0003215219267154699,1.25,3,False,False
100000003951827100,peripheral,0.4,0,0.01893246485774873,"in_deg=1, out_deg=2, in_kzt=9000, pass_through=1.889; Нет совпадений",1,2,9000.0,17000.0,0.0002873578504393389,1.8888888888888888,3,False,False
100000000933075100,peripheral,0.4,6,0.05408240516059418,"in_deg=1, out_deg=2, in_kzt=40000, pass_through=1.375; Нет совпадений",1,2,40000.0,55000.0,0.000811915898987796,1.375,3,False,False
100000008502995100,terminal,0.9,0,0.04798319459154857,"in_deg=1, out_deg=0, in_kzt=25000, pass_through=0; depth=3: нет выхода",1,0,25000.0,0.0,0.0007299997244644803,0.0,3,False,False
100000008086440100,transit,0.8,7,0.025807034671890564,"in_deg=1, out_deg=5, in_kzt=199733, pass_through=0.8076; Вход близок к выходу",1,5,199733.0,161300.0,0.000339159382330415,0.8075781167859092,3,False,False
100000008465789100,distributor,0.8,39,0.14736877151722882,"in_deg=1, out_deg=16, in_kzt=30099, pass_through=61.73; Рассылка на 10+ узлов",1,16,30099.0,1858100.0,0.0002911860984619856,61.732947938469714,3,False,False
100000002550141100,terminal,0.9,7,0.02032101812923523,"in_deg=1, out_deg=0, in_kzt=100586, pass_through=0; depth=3: нет выхода",1,0,100586.0,0.0,0.0003091569404966681,0.0,3,False,False
100000008739887100,peripheral,0.4,7,0.023288651085765093,"in_deg=2, out_deg=2, in_kzt=214000, pass_through=1.435; Нет совпадений",2,2,214000.0,307000.0,0.00033477057042868727,1.4345794392523366,3,False,False
100000008532050100,terminal,0.9,9,0.019828117322264794,"in_deg=1, out_deg=0, in_kzt=455156, pass_through=0; depth=3: нет выхода",1,0,455156.0,0.0,0.0003016581181206333,0.0,3,False,False
100000008422226100,terminal,0.9,0,0.019179786135852302,"in_deg=1, out_deg=0, in_kzt=87450, pass_through=0; depth=3: нет выхода",1,0,87450.0,0.0,0.0002917946317172872,0.0,3,False,False
100000002369874100,terminal,0.9,4,0.022272629890715774,"in_deg=4, out_deg=0, in_kzt=600000, pass_through=0; depth=3: нет выхода",4,0,600000.0,0.0,0.00033884808674630463,0.0,3,False,False
100000003321895100,peripheral,0.4,52,0.02187400545037467,"in_deg=1, out_deg=2, in_kzt=24000, pass_through=23.08; Нет совпадений",1,2,24000.0,553830.0,0.0003126444685622149,23.07625,3,False,False
100000001875239100,terminal,0.9,4,0.02205024396058781,"in_deg=3, out_deg=0, in_kzt=712000, pass_through=0; depth=3: нет выхода",3,0,712000.0,0.0,0.00033546478413171,0.0,3,False,False
100000002216999100,terminal,0.9,20,0.019098601781497207,"in_deg=1, out_deg=0, in_kzt=23677, pass_through=0; depth=3: нет выхода",1,0,23677.0,0.0,0.00029055952103292093,0.0,3,False,False
100000002653948100,terminal,0.9,9,0.0190369108306217,"in_deg=1, out_deg=0, in_kzt=85200, pass_through=0; depth=3: нет выхода",1,0,85200.0,0.0,0.00028962097624605506,0.0,3,False,False
100000008632060100,peripheral,0.4,0,0.04693913251167843,"in_deg=1, out_deg=9, in_kzt=6000, pass_through=56.53; Нет совпадений",1,9,6000.0,339200.0,0.0002893153080072033,56.53333333333333,3,False,False
100000008746449100,distributor,0.8,4,0.1244937662032977,"in_deg=1, out_deg=10, in_kzt=10000, pass_through=100.9; Рассылка на 10+ узлов",1,10,10000.0,1009000.0,0.0002882898446572797,100.9,3,False,False
100000003031761100,terminal,0.9,7,0.021019105068317126,"in_deg=1, out_deg=0, in_kzt=460408, pass_through=0; depth=3: нет выхода",1,0,460408.0,0.0,0.0003197773937099228,0.0,3,False,False
100000008388049100,terminal,0.9,22,0.020415306354619252,"in_deg=1, out_deg=0, in_kzt=496400, pass_through=0; depth=3: нет выхода",1,0,496400.0,0.0,0.00031059140894205804,0.0,3,False,False
100000002677201100,peripheral,0.4,39,0.021110126500299416,"in_deg=1, out_deg=1, in_kzt=150000, pass_through=0.585; Нет совпадений",1,1,150000.0,87750.0,0.00031028705701776314,0.585,3,False,False
100000002901457100,peripheral,0.4,0,0.027236144566388655,"in_deg=1, out_deg=3, in_kzt=340000, pass_through=0.35; Нет совпадений",1,3,340000.0,119000.0,0.0003758956319421,0.35,3,False,False
100000001160401100,terminal,0.9,0,0.020129781830029076,"in_deg=1, out_deg=0, in_kzt=47190, pass_through=0; depth=3: нет выхода",1,0,47190.0,0.0,0.0003062475375918293,0.0,3,False,False
100000002842321100,terminal,0.9,9,0.019196881869271983,"in_deg=1, out_deg=0, in_kzt=160000, pass_through=0; depth=3: нет выхода",1,0,160000.0,0.0,0.00029205472029188335,0.0,3,False,False
100000002547110100,terminal,0.9,39,0.036417521952775915,"in_deg=6, out_deg=0, in_kzt=1.5e+06, pass_through=0; depth=3: нет выхода",6,0,1500000.0,0.0,0.0005540435816644865,0.0,3,False,False
100000001600934100,peripheral,0.4,7,0.1591938256505288,"in_deg=1, out_deg=1, in_kzt=180300, pass_through=0.06101; Нет совпадений",1,1,180300.0,11000.0,0.0024219197960988043,0.06100942872989462,3,False,False
100000002818726100,terminal,0.9,11,0.01912048853598984,"in_deg=1, out_deg=0, in_kzt=10879, pass_through=0; depth=3: нет выхода",1,0,10879.0,0.0,0.00029089249854484045,0.0,3,False,False
100000008712827100,terminal,0.9,20,0.019637596860549267,"in_deg=1, out_deg=0, in_kzt=76000, pass_through=0; depth=3: нет выхода",1,0,76000.0,0.0,0.00029875960571975875,0.0,3,False,False
100000008259451100,terminal,0.9,38,0.019881608193840616,"in_deg=1, out_deg=0, in_kzt=55000, pass_through=0; depth=3: нет выхода",1,0,55000.0,0.0,0.0003024719097375548,0.0,3,False,False
100000003060517100,terminal,0.9,26,0.023891886037217758,"in_deg=1, out_deg=0, in_kzt=315955, pass_through=0; depth=3: нет выхода",1,0,315955.0,0.0,0.0003634828896360661,0.0,3,False,False
100000002621434100,terminal,0.9,4,0.019130156102185353,"in_deg=1, out_deg=0, in_kzt=81000, pass_through=0; depth=3: нет выхода",1,0,81000.0,0.0,0.00029103957755279405,0.0,3,False,False
100000001860090100,terminal,0.9,2,0.024955736831468286,"in_deg=1, out_deg=0, in_kzt=5000, pass_through=0; depth=3: нет выхода",1,0,5000.0,0.0,0.00037966794761907477,0.0,3,False,False
100000004689658100,peripheral,0.4,7,0.026145641065886273,"in_deg=1, out_deg=1, in_kzt=456100, pass_through=0.01555; Нет совпадений",1,1,456100.0,7092.0,0.0003880032833755113,0.015549221661916246,3,False,False
100000003486970100,terminal,0.9,9,0.019175495366778636,"in_deg=1, out_deg=0, in_kzt=150000, pass_through=0; depth=3: нет выхода",1,0,150000.0,0.0,0.00029172935344083683,0.0,3,False,False
100000004659919100,peripheral,0.4,44,0.04866224221938291,"in_deg=1, out_deg=1, in_kzt=110000, pass_through=0.3545; Нет совпадений",1,1,110000.0,39000.0,0.0007280456790409198,0.35454545454545455,3,False,False
100000006111439100,transit,0.8,0,0.02471657977463318,"in_deg=3, out_deg=4, in_kzt=20570, pass_through=1.167; Вход близок к выходу",3,4,20570.0,24000.0,0.00036710796962674763,1.166747690811862,3,False,False
100000002521039100,terminal,0.9,0,0.02015345256503082,"in_deg=1, out_deg=0, in_kzt=349370, pass_through=0; depth=3: нет выхода",1,0,349370.0,0.0,0.00030660765596611083,0.0,3,False,False
100000008493007100,transit,0.8,20,0.01917040817518099,"in_deg=1, out_deg=1, in_kzt=26150, pass_through=1; Вход близок к выходу",1,1,26150.0,26150.0,0.00029094709073325446,1.0,3,False,False
100000007793871100,terminal,0.9,10,0.045364839541760855,"in_deg=1, out_deg=0, in_kzt=26000, pass_through=0; depth=3: нет выхода",1,0,26000.0,0.0,0.0006901649764622732,0.0,3,False,False
100000001650895100,peripheral,0.4,16,0.021154106219035726,"in_deg=1, out_deg=1, in_kzt=153500, pass_through=0.06515; Нет совпадений",1,1,153500.0,10000.0,0.000310654062987847,0.06514657980456026,3,False,False
100000002567887100,terminal,0.9,9,0.018963587206823243,"in_deg=1, out_deg=0, in_kzt=50915, pass_through=0; depth=3: нет выхода",1,0,50915.0,0.0,0.0002885054559972419,0.0,3,False,False
100000008055972100,terminal,0.9,20,0.01914622470545909,"in_deg=1, out_deg=0, in_kzt=28300, pass_through=0; depth=3: нет выхода",1,0,28300.0,0.0,0.0002912840397246483,0.0,3,False,False
100000008684452100,terminal,0.9,20,0.019388305326939574,"in_deg=1, out_deg=0, in_kzt=51800, pass_through=0; depth=3: нет выхода",1,0,51800.0,0.0,0.0002949669705608138,0.0,3,False,False
100000000764836100,peripheral,0.4,7,0.023518556643502688,"in_deg=1, out_deg=2, in_kzt=251716, pass_through=0.1986; Нет совпадений",1,2,251716.0,50000.0,0.00033826827405659157,0.1986365586613485,3,False,False
100000003072676100,terminal,0.9,26,0.019357611541825664,"in_deg=1, out_deg=0, in_kzt=31545, pass_through=0; depth=3: нет выхода",1,0,31545.0,0.0,0.00029450000593149597,0.0,3,False,False
100000008757369100,peripheral,0.4,0,0.019648661830054696,"in_deg=1, out_deg=1, in_kzt=25961, pass_through=2.249; Нет совпадений",1,1,25961.0,58398.0,0.00028916048867663844,2.249451099726513,3,False,False
100000007618425100,terminal,0.9,26,0.019482012736887523,"in_deg=1, out_deg=0, in_kzt=39348, pass_through=0; depth=3: нет выхода",1,0,39348.0,0.0,0.0002963926026810714,0.0,3,False,False
100000004671609100,terminal,0.9,22,0.01982322171619953,"in_deg=1, out_deg=0, in_kzt=100000, pass_through=0; depth=3: нет выхода",1,0,100000.0,0.0,0.00030158363806341424,0.0,3,False,False
100000004676985100,transit,0.8,0,0.019616640816448823,"in_deg=1, out_deg=1, in_kzt=32260, pass_through=0.8401; Вход близок к выходу",1,1,32260.0,27102.0,0.0002886733320521506,0.8401115933044018,3,False,False
100000002531406100,transit,0.8,7,0.021325725855915433,"in_deg=1, out_deg=1, in_kzt=520000, pass_through=0.9615; Вход близок к выходу",1,1,520000.0,500000.0,0.00032403943463129876,0.9615384615384616,3,False,False
100000002877262100,terminal,0.9,39,0.019801869346478037,"in_deg=1, out_deg=0, in_kzt=100000, pass_through=0; depth=3: нет выхода",1,0,100000.0,0.0,0.0003012587904965518,0.0,3,False,False
100000007591246100,peripheral,0.4,11,0.019702290316938886,"in_deg=1, out_deg=1, in_kzt=12190, pass_through=9.844; Нет совпадений",1,1,12190.0,120000.0,0.0002992235699210814,9.844134536505333,3,False,False
100000008712184100,terminal,0.9,20,0.01904012128412935,"in_deg=1, out_deg=0, in_kzt=18000, pass_through=0; depth=3: нет выхода",1,0,18000.0,0.0,0.00028966981897518004,0.0,3,False,False
100000002975437100,peripheral,0.4,34,0.03438924790242634,"in_deg=1, out_deg=1, in_kzt=530000, pass_through=0.01604; Нет совпадений",1,1,530000.0,8500.0,0.0005231861218705436,0.016037735849056604,3,False,False
100000005008589100,terminal,0.9,0,0.020011343576125017,"in_deg=1, out_deg=0, in_kzt=42806.7, pass_through=0; depth=3: нет выхода",1,0,42806.68,0.0,0.00030444565896636474,0.0,3,False,False
100000000782285100,terminal,0.9,1,0.021122912898469376,"in_deg=1, out_deg=0, in_kzt=6151, pass_through=0; depth=3: нет выхода",1,0,6151.0,0.0,0.00032135669012929347,0.0,3,False,False
100000005198498100,terminal,0.9,20,0.019151375356979954,"in_deg=1, out_deg=0, in_kzt=28800, pass_through=0; depth=3: нет выхода",1,0,28800.0,0.0,0.00029136239995520506,0.0,3,False,False
100000008517538100,coordinator,0.8,4,0.22848119519089052,"in_deg=3, out_deg=17, in_kzt=155500, pass_through=9.254; BC=0.00025 >= p95=0.000158",3,17,155500.0,1439000.0,0.0003083882519562974,9.254019292604502,3,False,False
100000005756535100,terminal,0.9,20,0.03575504660541249,"in_deg=1, out_deg=0, in_kzt=20000, pass_through=0; depth=3: нет выхода",1,0,20000.0,0.0,0.0005439649108890939,0.0,3,False,False
100000004917367100,terminal,0.9,9,0.019412861858825643,"in_deg=2, out_deg=0, in_kzt=120000, pass_through=0; depth=3: нет выхода",2,0,120000.0,0.0,0.0002953405651424841,0.0,3,False,False
100000001222263100,peripheral,0.4,9,0.021091230340400335,"in_deg=1, out_deg=1, in_kzt=745570, pass_through=0.5633; Нет совпадений",1,1,745570.0,420000.0,0.00031110722698861684,0.5633273870998028,3,False,False
100000001149815100,terminal,0.9,20,0.01897831346587901,"in_deg=1, out_deg=0, in_kzt=12000, pass_through=0; depth=3: нет выхода",1,0,12000.0,0.0,0.00028872949620849947,0.0,3,False,False
100000006020215100,transit,0.8,11,0.05494371915740442,"in_deg=1, out_deg=2, in_kzt=30000, pass_through=1.127; Вход близок к выходу",1,2,30000.0,33800.0,0.00029799963991045987,1.1266666666666667,3,False,False
100000000673868100,peripheral,0.4,31,0.07877945945825161,"in_deg=1, out_deg=5, in_kzt=2.03065e+06, pass_through=0.1886; Нет совпадений",1,5,2030650.0,383000.0,0.001177679493519308,0.18860955851574618,3,False,False
100000008749900100,terminal,0.9,20,0.019031365176543885,"in_deg=1, out_deg=0, in_kzt=17150, pass_through=0; depth=3: нет выхода",1,0,17150.0,0.0,0.00028953660658323363,0.0,3,False,False
100000002862113100,terminal,0.9,38,0.019739801208057146,"in_deg=1, out_deg=0, in_kzt=47405, pass_through=0; depth=3: нет выхода",1,0,47405.0,0.0,0.00030031450730884477,0.0,3,False,False
100000001066017100,peripheral,0.4,0,0.02245686416511205,"in_deg=2, out_deg=4, in_kzt=136123, pass_through=0.6061; Нет совпадений",2,4,136123.0,82500.0,0.00030258114062118436,0.6060695106631503,3,False,False
100000008436257100,terminal,0.9,26,0.019449411837464365,"in_deg=2, out_deg=0, in_kzt=35000, pass_through=0; depth=3: нет выхода",2,0,35000.0,0.0,0.00029589662387434994,0.0,3,False,False
100000003016438100,peripheral,0.4,39,0.021623660947927715,"in_deg=1, out_deg=1, in_kzt=200000, pass_through=1.5; Нет совпадений",1,1,200000.0,300000.0,0.00031809979246530477,1.5,3,False,False
100000002534091100,terminal,0.9,1,0.019567377527481684,"in_deg=1, out_deg=0, in_kzt=22200, pass_through=0; depth=3: нет выхода",1,0,22200.0,0.0,0.00029769131307630804,0.0,3,False,False
100000006882208100,terminal,0.9,3,0.042265573236694755,"in_deg=1, out_deg=0, in_kzt=18000, pass_through=0; depth=3: нет выхода",1,0,18000.0,0.0,0.000643013810976122,0.0,3,False,False
100000005362848100,terminal,0.9,16,0.019567882916123495,"in_deg=1, out_deg=0, in_kzt=29000, pass_through=0; depth=3: нет выхода",1,0,29000.0,0.0,0.0002976990018842836,0.0,3,False,False
100000001073568100,peripheral,0.4,38,0.032705864892081736,"in_deg=1, out_deg=2, in_kzt=707465, pass_through=0.3103; Нет совпадений",1,2,707465.0,219503.0,0.00048780825939500087,0.31026693900051594,3,False,False
100000008687733100,terminal,0.9,20,0.019005611918939576,"in_deg=1, out_deg=0, in_kzt=14650, pass_through=0; depth=3: нет выхода",1,0,14650.0,0.0,0.00028914480543045006,0.0,3,False,False
100000007229557100,terminal,0.9,33,0.026025906110415165,"in_deg=3, out_deg=0, in_kzt=878000, pass_through=0; depth=3: нет выхода",3,0,878000.0,0.0,0.00039594913284260246,0.0,3,False,False
100000001052789100,terminal,0.9,40,0.019655841070883393,"in_deg=1, out_deg=0, in_kzt=70975, pass_through=0; depth=3: нет выхода",1,0,70975.0,0.0,0.0002990371668248572,0.0,3,False,False
100000006967370100,peripheral,0.4,26,0.02002641438854019,"in_deg=1, out_deg=1, in_kzt=33225, pass_through=0.4071; Нет совпадений",1,1,33225.0,13526.27,0.0002949074854315968,0.40711121143717083,3,False,False
100000001837130100,terminal,0.9,0,0.01986664971494767,"in_deg=1, out_deg=0, in_kzt=172900, pass_through=0; depth=3: нет выхода",1,0,172900.0,0.0,0.0003022443366140224,0.0,3,False,False
100000005820746100,peripheral,0.4,19,0.06531804000486711,"in_deg=1, out_deg=1, in_kzt=1.989e+06, pass_through=0.03017; Нет совпадений",1,1,1989000.0,60000.0,0.0009937260662196783,0.030165912518853696,3,False,False
100000002883402100,terminal,0.9,4,0.01985059008877964,"in_deg=3, out_deg=0, in_kzt=300000, pass_through=0; depth=3: нет выхода",3,0,300000.0,0.0,0.0003020000110167491,0.0,3,False,False
100000008582730100,transit,0.8,40,0.0589354871580082,"in_deg=1, out_deg=1, in_kzt=5000, pass_through=1; Вход близок к выходу",1,1,5000.0,5000.0,0.0008966241150209632,1.0,3,False,False
100000003116106100,terminal,0.9,9,0.019911297985062443,"in_deg=1, out_deg=0, in_kzt=494050, pass_through=0; depth=3: нет выхода",1,0,494050.0,0.0,0.00030292359995109377,0.0,3,False,False
100000001818442100,terminal,0.9,16,0.019892873982376505,"in_deg=1, out_deg=0, in_kzt=42215, pass_through=0; depth=3: нет выхода",1,0,42215.0,0.0,0.0003026433035473476,0.0,3,False,False
100000008690762100,terminal,0.9,20,0.01913025768574442,"in_deg=1, out_deg=0, in_kzt=26750, pass_through=0; depth=3: нет выхода",1,0,26750.0,0.0,0.00029104112300992253,0.0,3,False,False
100000008712991100,terminal,0.9,20,0.01953561396043621,"in_deg=1, out_deg=0, in_kzt=66100, pass_through=0; depth=3: нет выхода",1,0,66100.0,0.0,0.00029720807315473583,0.0,3,False,False
100000003292191100,terminal,0.9,33,0.019782750401749746,"in_deg=1, out_deg=0, in_kzt=112000, pass_through=0; depth=3: нет выхода",1,0,112000.0,0.0,0.0003009679214849633,0.0,3,False,False
100000005367284100,peripheral,0.4,0,0.02037458073672045,"in_deg=1, out_deg=2, in_kzt=13700, pass_through=3.526; Нет совпадений",1,2,13700.0,48300.0,0.00029043691215560125,3.5255474452554743,3,False,False
100000003216073100,peripheral,0.4,7,0.019055116891691967,"in_deg=1, out_deg=1, in_kzt=37001, pass_through=1.892; Нет совпадений",1,1,37001.0,70000.0,0.00028949517528468045,1.891840761060512,3,False,False
100000006169033100,peripheral,0.4,62,0.028908514011702524,"in_deg=1, out_deg=3, in_kzt=49000, pass_through=23.27; Нет совпадений",1,3,49000.0,1140271.0,0.00041986643931873685,23.270836734693876,3,False,False
100000004407753100,peripheral,0.4,14,0.05800991117875037,"in_deg=1, out_deg=1, in_kzt=250000, pass_through=0.4; Нет совпадений",1,1,250000.0,100000.0,0.0008825427222420808,0.4,3,False,False
100000004420041100,peripheral,0.4,6,0.024942144263548932,"in_deg=1, out_deg=7, in_kzt=69638, pass_through=9.36; Нет совпадений",1,7,69638.0,651830.0,0.0003010741911598022,9.360263074758034,3,False,False
100000004715209100,peripheral,0.4,47,0.021579593809419585,"in_deg=1, out_deg=5, in_kzt=5000, pass_through=70.09; Нет совпадений",1,5,5000.0,350450.0,0.000288831871212872,70.09,3,False,False
100000004580254100,terminal,0.9,26,0.02061767326411631,"in_deg=2, out_deg=0, in_kzt=27940, pass_through=0; depth=3: нет выхода",2,0,27940.0,0.0,0.0003136701491016305,0.0,3,False,False
100000001056414100,terminal,0.9,22,0.019640661027021826,"in_deg=1, out_deg=0, in_kzt=250000, pass_through=0; depth=3: нет выхода",1,0,250000.0,0.0,0.00029880622288853465,0.0,3,False,False
100000008686494100,terminal,0.9,20,0.019016428287133385,"in_deg=1, out_deg=0, in_kzt=15700, pass_through=0; depth=3: нет выхода",1,0,15700.0,0.0,0.00028930936191461917,0.0,3,False,False
100000002822472100,terminal,0.9,22,0.02061565956195819,"in_deg=2, out_deg=0, in_kzt=266722, pass_through=0; depth=3: нет выхода",2,0,266722.0,0.0,0.00031363951333356435,0.0,3,False,False
100000001831496100,peripheral,0.4,10,0.01938325029611909,"in_deg=1, out_deg=1, in_kzt=25000, pass_through=14.92; Нет совпадений",1,1,25000.0,373000.0,0.0002939502411580549,14.92,3,False,False
100000008732488100,peripheral,0.4,7,0.021336232198050215,"in_deg=1, out_deg=1, in_kzt=137000, pass_through=0.07299; Нет совпадений",1,1,137000.0,10000.0,0.0003148346005013675,0.072992700729927,3,False,False
100000004007197100,terminal,0.9,32,0.0189945856583305,"in_deg=1, out_deg=0, in_kzt=10048, pass_through=0; depth=3: нет выхода",1,0,10048.0,0.0,0.0002889770557156798,0.0,3,False,False
100000002815005100,terminal,0.9,4,0.021062467171077418,"in_deg=1, out_deg=0, in_kzt=476500, pass_through=0; depth=3: нет выхода",1,0,476500.0,0.0,0.0003204370897417662,0.0,3,False,False
100000005756189100,transit,0.8,9,0.01963572914021022,"in_deg=1, out_deg=1, in_kzt=65000, pass_through=0.7546; Вход близок к выходу",1,1,65000.0,49050.0,0.00028896373520694105,0.7546153846153846,3,False,False
100000004877085100,peripheral,0.4,11,0.021391543424076058,"in_deg=1, out_deg=3, in_kzt=25000, pass_through=3.824; Нет совпадений",1,3,25000.0,95600.0,0.0002961411750379063,3.824,3,False,False
100000002713074100,peripheral,0.4,26,0.02926808989639945,"in_deg=2, out_deg=1, in_kzt=700000, pass_through=0.6143; Нет совпадений",2,1,700000.0,430000.0,0.00043550713978465777,0.6142857142857143,3,False,False
100000002356167100,peripheral,0.4,9,0.0207803309934291,"in_deg=1, out_deg=2, in_kzt=300000, pass_through=0.09833; Нет совпадений",1,2,300000.0,29500.0,0.00029660985620653523,0.09833333333333333,3,False,False
100000004140487100,distributor,0.8,1,0.13906866759524147,"in_deg=1, out_deg=10, in_kzt=24510, pass_through=10.71; Рассылка на 10+ узлов",1,10,24510.0,262600.0,0.000290722606610002,10.713994288045695,3,False,False
100000003147719100,terminal,0.9,4,0.019194769771115398,"in_deg=1, out_deg=0, in_kzt=100000, pass_through=0; depth=3: нет выхода",1,0,100000.0,0.0,0.00029202258756113307,0.0,3,False,False
100000008745884100,terminal,0.9,20,0.019060723890212794,"in_deg=1, out_deg=0, in_kzt=20000, pass_through=0; depth=3: нет выхода",1,0,20000.0,0.0,0.0002899832598974069,0.0,3,False,False
100000002559089100,terminal,0.9,22,0.02590810629050329,"in_deg=2, out_deg=0, in_kzt=715000, pass_through=0; depth=3: нет выхода",2,0,715000.0,0.0,0.0003941569671310518,0.0,3,False,False
100000004984689100,terminal,0.9,7,0.019566737958095135,"in_deg=1, out_deg=0, in_kzt=53030, pass_through=0; depth=3: нет выхода",1,0,53030.0,0.0,0.000297681582888897,0.0,3,False,False
100000004340038100,peripheral,0.4,11,0.019740494764486884,"in_deg=1, out_deg=1, in_kzt=9978, pass_through=4.911; Нет совпадений",1,1,9978.0,49000.0,0.0002905576031748063,4.910803768290238,3,False,False
100000005052998100,peripheral,0.4,0,0.019034761477479123,"in_deg=1, out_deg=1, in_kzt=9500, pass_through=2.989; Нет совпадений",1,1,9500.0,28400.0,0.00028738612820401673,2.9894736842105263,3,False,False
100000007597382100,terminal,0.9,9,0.0188882746382929,"in_deg=1, out_deg=0, in_kzt=15700, pass_through=0; depth=3: нет выхода",1,0,15700.0,0.0,0.00028735967663128144,0.0,3,False,False
100000008697670100,terminal,0.9,20,0.019115835861486005,"in_deg=1, out_deg=0, in_kzt=25350, pass_through=0; depth=3: нет выхода",1,0,25350.0,0.0,0.0002908217143643637,0.0,3,False,False
100000008460102100,distributor,0.8,43,0.15244588775141915,"in_deg=1, out_deg=31, in_kzt=17500, pass_through=27.23; Рассылка на 10+ узлов",1,31,17500.0,476570.0,0.00030102883105703315,27.23257142857143,3,False,False
100000004399686100,terminal,0.9,19,0.03768298027957641,"in_deg=1, out_deg=0, in_kzt=806000, pass_through=0; depth=3: нет выхода",1,0,806000.0,0.0,0.0005732958269088735,0.0,3,False,False
100000008688155100,terminal,0.9,20,0.019097808581162994,"in_deg=1, out_deg=0, in_kzt=23600, pass_through=0; depth=3: нет выхода",1,0,23600.0,0.0,0.0002905474535574152,0.0,3,False,False
100000004386331100,transit,0.8,6,0.03451921903150288,"in_deg=1, out_deg=2, in_kzt=20000, pass_through=0.875; Вход близок к выходу",1,2,20000.0,17500.0,0.0005148925249118901,0.875,3,False,False
100000007999728100,terminal,0.9,38,0.019288800847082843,"in_deg=1, out_deg=0, in_kzt=23250, pass_through=0; depth=3: нет выхода",1,0,23250.0,0.0,0.00029345314382425074,0.0,3,False,False
100000001597424100,terminal,0.9,38,0.01975277762084444,"in_deg=1, out_deg=0, in_kzt=48100, pass_through=0; depth=3: нет выхода",1,0,48100.0,0.0,0.00030051192596426983,0.0,3,False,False
100000003677936100,peripheral,0.4,2,0.021035491607883258,"in_deg=1, out_deg=1, in_kzt=71000, pass_through=0.1831; Нет совпадений",1,1,71000.0,13000.0,0.0003102592371929013,0.18309859154929578,3,False,False
100000002943472100,terminal,0.9,39,0.020464889408447824,"in_deg=1, out_deg=0, in_kzt=170000, pass_through=0; depth=3: нет выхода",1,0,170000.0,0.0,0.00031134574837154115,0.0,3,False,False
100000004892144100,peripheral,0.4,19,0.185835473785671,"in_deg=2, out_deg=1, in_kzt=4.5e+06, pass_through=0.04007; Нет совпадений",2,1,4500000.0,180300.0,0.0028272366151119127,0.04006666666666667,3,False,False
100000008077552100,terminal,0.9,7,0.021728101328254354,"in_deg=1, out_deg=0, in_kzt=214000, pass_through=0; depth=3: нет выхода",1,0,214000.0,0.0,0.00033056381755698535,0.0,3,False,False
100000002914245100,terminal,0.9,7,0.019515719067659212,"in_deg=1, out_deg=0, in_kzt=140611, pass_through=0; depth=3: нет выхода",1,0,140611.0,0.0,0.00029690539913794544,0.0,3,False,False
100000004906181100,peripheral,0.4,18,0.023562696166687477,"in_deg=1, out_deg=7, in_kzt=100000, pass_through=24.73; Нет совпадений",1,7,100000.0,2473417.91,0.000290102519185604,24.734179100000002,3,False,False
100000008514970100,peripheral,0.4,7,0.020667417131267827,"in_deg=1, out_deg=1, in_kzt=379966, pass_through=0.08159; Нет совпадений",1,1,379966.0,31000.0,0.0003140241534126123,0.0815862471905381,3,False,False
100000008258458100,peripheral,0.4,66,0.020514404018728772,"in_deg=1, out_deg=2, in_kzt=19000, pass_through=82; Нет совпадений",1,2,19000.0,1557988.0,0.0002925641352012668,81.99936842105264,3,False,False
100000003484058100,peripheral,0.4,38,0.02155053760292798,"in_deg=1, out_deg=1, in_kzt=110000, pass_through=0.05455; Нет совпадений",1,1,110000.0,6000.0,0.0003180949687999712,0.05454545454545454,3,False,False
100000003574895100,transit,0.8,0,0.019600685653368363,"in_deg=1, out_deg=1, in_kzt=27968, pass_through=0.7151; Вход близок к выходу",1,1,27968.0,20000.0,0.0002884305957201563,0.7151029748283753,3,False,False
100000000896111100,terminal,0.9,19,0.025561397446564278,"in_deg=1, out_deg=0, in_kzt=287100, pass_through=0; depth=3: нет выхода",1,0,287100.0,0.0,0.000388882258710753,0.0,3,False,False
100000008715887100,terminal,0.9,20,0.01904012128412935,"in_deg=1, out_deg=0, in_kzt=18000, pass_through=0; depth=3: нет выхода",1,0,18000.0,0.0,0.00028966981897518004,0.0,3,False,False
100000000560751100,terminal,0.9,11,0.03647115828889046,"in_deg=1, out_deg=0, in_kzt=25000, pass_through=0; depth=3: нет выхода",1,0,25000.0,0.0,0.0005548595863285818,0.0,3,False,False
100000008708207100,terminal,0.9,4,0.023753829115492023,"in_deg=2, out_deg=0, in_kzt=465000, pass_through=0; depth=3: нет выхода",2,0,465000.0,0.0,0.00036138253938473137,0.0,3,False,False
100000003152964100,peripheral,0.4,7,0.021401313444587844,"in_deg=1, out_deg=1, in_kzt=141847, pass_through=0.03877; Нет совпадений",1,1,141847.0,5500.0,0.00031582472407368673,0.03877417217142414,3,False,False
100000004991812100,terminal,0.9,27,0.02286964479696111,"in_deg=1, out_deg=0, in_kzt=10000, pass_through=0; depth=3: нет выхода",1,0,10000.0,0.0,0.0003479308650141994,0.0,3,False,False
100000000291908100,peripheral,0.4,5,0.04729856312739731,"in_deg=1, out_deg=1, in_kzt=295500, pass_through=0.04501; Нет совпадений",1,1,295500.0,13300.0,0.0007095144362731588,0.045008460236886635,3,False,False
100000003132484100,terminal,0.9,4,0.03557204051757486,"in_deg=1, out_deg=0, in_kzt=90000, pass_through=0; depth=3: нет выхода",1,0,90000.0,0.0,0.0005411807195730717,0.0,3,False,False
100000004077081100,peripheral,0.4,1,0.043028605797382484,"in_deg=1, out_deg=4, in_kzt=140000, pass_through=4.393; Нет совпадений",1,4,140000.0,615000.0,0.00029140398658979025,4.392857142857143,3,False,False
100000004770073100,transit,0.8,0,0.019644312102762792,"in_deg=1, out_deg=1, in_kzt=5462.4, pass_through=1.001; Вход близок к выходу",1,1,5462.4,5466.97,0.0002890943134302503,1.0008366285881665,3,False,False
100000003163886100,terminal,0.9,29,0.04844069154200494,"in_deg=1, out_deg=0, in_kzt=500000, pass_through=0; depth=3: нет выхода",1,0,500000.0,0.0,0.0007369599248141944,0.0,3,False,False
100000000795374100,terminal,0.9,7,0.019526053787059648,"in_deg=1, out_deg=0, in_kzt=50000, pass_through=0; depth=3: нет выхода",1,0,50000.0,0.0,0.0002970626279839811,0.0,3,False,False
100000002391278100,peripheral,0.4,2,0.025975413844456948,"in_deg=1, out_deg=1, in_kzt=30000, pass_through=1.757; Нет совпадений",1,1,30000.0,52700.0,0.00039518096097428796,1.7566666666666666,3,False,False
100000004635886100,terminal,0.9,3,0.019309453950552335,"in_deg=1, out_deg=0, in_kzt=23000, pass_through=0; depth=3: нет выхода",1,0,23000.0,0.0,0.00029376735299624113,0.0,3,False,False
100000000413678100,peripheral,0.4,7,0.021779334744857493,"in_deg=2, out_deg=3, in_kzt=306500, pass_through=1.723; Нет совпадений",2,3,306500.0,528198.0,0.0003020408980498882,1.723321370309951,3,False,False
100000008659950100,terminal,0.9,39,0.021184739761443597,"in_deg=1, out_deg=0, in_kzt=246000, pass_through=0; depth=3: нет выхода",1,0,246000.0,0.0,0.0003222973026358153,0.0,3,False,False
100000003964910100,terminal,0.9,26,0.033625444142148464,"in_deg=2, out_deg=0, in_kzt=1e+06, pass_through=0; depth=3: нет выхода",2,0,1000000.0,0.0,0.0005115658756719716,0.0,3,False,False
100000008764654100,terminal,0.9,20,0.019124076903919388,"in_deg=1, out_deg=0, in_kzt=26150, pass_through=0; depth=3: нет выхода",1,0,26150.0,0.0,0.00029094709073325446,0.0,3,False,False
100000005830339100,transit,0.8,1,0.024131445229324762,"in_deg=5, out_deg=1, in_kzt=476341, pass_through=0.7122; Вход близок к выходу",5,1,476341.0,339251.0,0.0003651974647834223,0.7122019729563485,3,False,False
100000002032323100,peripheral,0.4,39,0.027330641743562825,"in_deg=1, out_deg=1, in_kzt=300000, pass_through=3.5; Нет совпадений",1,1,300000.0,1050000.0,0.00040583008293915704,3.5,3,False,False
100000008668099100,terminal,0.9,20,0.019016428287133385,"in_deg=1, out_deg=0, in_kzt=15700, pass_through=0; depth=3: нет выхода",1,0,15700.0,0.0,0.00028930936191461917,0.0,3,False,False
100000008634520100,terminal,0.9,39,0.01970715219476807,"in_deg=1, out_deg=0, in_kzt=90000, pass_through=0; depth=3: нет выхода",1,0,90000.0,0.0,0.00029981779651441044,0.0,3,False,False
100000002103448100,terminal,0.9,20,0.019132833011504854,"in_deg=1, out_deg=0, in_kzt=27000, pass_through=0; depth=3: нет выхода",1,0,27000.0,0.0,0.00029108030312520087,0.0,3,False,False
100000005996909100,terminal,0.9,3,0.02086546098294725,"in_deg=1, out_deg=0, in_kzt=5500, pass_through=0; depth=3: нет выхода",1,0,5500.0,0.0,0.00031743990574272185,0.0,3,False,False
100000007392365100,peripheral,0.4,61,0.02274254764761638,"in_deg=1, out_deg=6, in_kzt=9613, pass_through=183.7; Нет совпадений",1,6,9613.0,1765600.0,0.0002873925189788339,183.66794965151357,3,False,False
100000008279405100,terminal,0.9,7,0.022006552925262254,"in_deg=1, out_deg=0, in_kzt=234738, pass_through=0; depth=3: нет выхода",1,0,234738.0,0.0,0.000334800083833601,0.0,3,False,False
100000008343874100,peripheral,0.4,7,0.021609491805975937,"in_deg=2, out_deg=2, in_kzt=283535, pass_through=0.6221; Нет совпадений",2,2,283535.0,176400.0,0.00030902303115203344,0.6221454141464017,3,False,False
100000002548759100,terminal,0.9,4,0.020370321598652624,"in_deg=2, out_deg=0, in_kzt=375000, pass_through=0; depth=3: нет выхода",2,0,375000.0,0.0,0.0003099070264256317,0.0,3,False,False
100000003069463100,peripheral,0.4,13,0.019700241000476463,"in_deg=1, out_deg=1, in_kzt=11500, pass_through=1.558; Нет совпадений",1,1,11500.0,17920.0,0.0002897438054951015,1.5582608695652174,3,False,False
100000008474391100,terminal,0.9,27,0.026884591764543886,"in_deg=1, out_deg=0, in_kzt=20000, pass_through=0; depth=3: нет выхода",1,0,20000.0,0.0,0.0004090128793532605,0.0,3,False,False
100000003097324100,terminal,0.9,33,0.02152436073504213,"in_deg=2, out_deg=0, in_kzt=294000, pass_through=0; depth=3: нет выхода",2,0,294000.0,0.0,0.0003274641786485466,0.0,3,False,False
100000001852140100,terminal,0.9,51,0.0531078643218835,"in_deg=1, out_deg=0, in_kzt=30000, pass_through=0; depth=3: нет выхода",1,0,30000.0,0.0,0.0008079646770475849,0.0,3,False,False
100000003293377100,terminal,0.9,9,0.018961630341845104,"in_deg=1, out_deg=0, in_kzt=50000, pass_through=0; depth=3: нет выхода",1,0,50000.0,0.0,0.0002884756849303712,0.0,3,False,False
100000006048193100,terminal,0.9,0,0.019570133945807738,"in_deg=1, out_deg=0, in_kzt=41559, pass_through=0; depth=3: нет выхода",1,0,41559.0,0.0,0.00029773324827123734,0.0,3,False,False
100000002435265100,terminal,0.9,0,0.01934773169914425,"in_deg=1, out_deg=0, in_kzt=132628, pass_through=0; depth=3: нет выхода",1,0,132628.0,0.0,0.00029434969742251537,0.0,3,False,False
100000004587414100,terminal,0.9,9,0.02078850213103824,"in_deg=2, out_deg=0, in_kzt=533603, pass_through=0; depth=3: нет выхода",2,0,533603.0,0.0,0.00031626908039091055,0.0,3,False,False
100000001726614100,terminal,0.9,0,0.019666582905783894,"in_deg=1, out_deg=0, in_kzt=138717, pass_through=0; depth=3: нет выхода",1,0,138717.0,0.0,0.000299200589385284,0.0,3,False,False
100000003934614100,peripheral,0.4,14,0.020699202620644796,"in_deg=2, out_deg=1, in_kzt=17000, pass_through=0.6765; Нет совпадений",2,1,17000.0,11500.0,0.0003148769433899909,0.6764705882352942,3,False,False
100000008772246100,terminal,0.9,20,0.019313105814735002,"in_deg=1, out_deg=0, in_kzt=44500, pass_through=0; depth=3: нет выхода",1,0,44500.0,0.0,0.00029382291119468585,0.0,3,False,False
100000002603371100,terminal,0.9,0,0.01910598583967823,"in_deg=1, out_deg=0, in_kzt=9300, pass_through=0; depth=3: нет выхода",1,0,9300.0,0.0,0.00029067185953983904,0.0,3,False,False
100000004445291100,terminal,0.9,12,0.021076797066542426,"in_deg=1, out_deg=0, in_kzt=19500, pass_through=0; depth=3: нет выхода",1,0,19500.0,0.0,0.0003206550998144616,0.0,3,False,False
100000008571243100,terminal,0.9,16,0.020220648262839046,"in_deg=1, out_deg=0, in_kzt=134000, pass_through=0; depth=3: нет выхода",1,0,134000.0,0.0,0.000307629948068643,0.0,3,False,False
100000001138283100,peripheral,0.4,7,0.020588503603328444,"in_deg=1, out_deg=2, in_kzt=81805, pass_through=0.6112; Нет совпадений",1,2,81805.0,50000.0,0.000303559611730136,0.6112095837662734,3,False,False
100000002593344100,terminal,0.9,4,0.023699295209995835,"in_deg=2, out_deg=0, in_kzt=431000, pass_through=0; depth=3: нет выхода",2,0,431000.0,0.0,0.0003605528794105453,0.0,3,False,False
100000007390016100,peripheral,0.4,9,0.12288967201838062,"in_deg=1, out_deg=1, in_kzt=511000, pass_through=0.6781; Нет совпадений",1,1,511000.0,346500.0,0.0018696009608486764,0.678082191780822,3,False,False
100000001285440100,terminal,0.9,33,0.021151507191940082,"in_deg=2, out_deg=0, in_kzt=243000, pass_through=0; depth=3: нет выхода",2,0,243000.0,0.0,0.0003217917138189948,0.0,3,False,False
100000006746688100,terminal,0.9,20,0.01927705125408897,"in_deg=1, out_deg=0, in_kzt=41000, pass_through=0; depth=3: нет выхода",1,0,41000.0,0.0,0.0002932743895807888,0.0,3,False,False
100000006471232100,terminal,0.9,20,0.019285292296522347,"in_deg=1, out_deg=0, in_kzt=41800, pass_through=0; depth=3: нет выхода",1,0,41800.0,0.0,0.00029339976594967956,0.0,3,False,False
100000008662805100,terminal,0.9,20,0.01902466932956676,"in_deg=1, out_deg=0, in_kzt=16500, pass_through=0; depth=3: нет выхода",1,0,16500.0,0.0,0.0002894347382835099,0.0,3,False,False
100000004292885100,terminal,0.9,20,0.020015654682180493,"in_deg=1, out_deg=0, in_kzt=112700, pass_through=0; depth=3: нет выхода",1,0,112700.0,0.0,0.00030451124664262146,0.0,3,False,False
100000008190442100,terminal,0.9,20,0.018988614768920734,"in_deg=1, out_deg=0, in_kzt=13000, pass_through=0; depth=3: нет выхода",1,0,13000.0,0.0,0.0002888862166696129,0.0,3,False,False
100000007131370100,transit,0.8,3,0.05942337540672302,"in_deg=1, out_deg=1, in_kzt=30000, pass_through=1; Вход близок к выходу",1,1,30000.0,30000.0,0.0009040466780696105,1.0,3,False,False
100000008717802100,terminal,0.9,20,0.019124076903919388,"in_deg=1, out_deg=0, in_kzt=26150, pass_through=0; depth=3: нет выхода",1,0,26150.0,0.0,0.00029094709073325446,0.0,3,False,False
100000005357034100,terminal,0.9,0,0.018890957535968925,"in_deg=1, out_deg=0, in_kzt=9754, pass_through=0; depth=3: нет выхода",1,0,9754.0,0.0,0.00028740049330847306,0.0,3,False,False
100000005532138100,terminal,0.9,2,0.01939751687141713,"in_deg=1, out_deg=0, in_kzt=25046, pass_through=0; depth=3: нет выхода",1,0,25046.0,0.0,0.00029510711181209454,0.0,3,False,False
100000005264874100,peripheral,0.4,24,0.02830086034055133,"in_deg=1, out_deg=2, in_kzt=30000, pass_through=2.6; Нет совпадений",1,2,30000.0,78000.0,0.0004301567178849599,2.6,3,False,False
100000008193258100,peripheral,0.4,26,0.020275858969963347,"in_deg=1, out_deg=1, in_kzt=75000, pass_through=0.4; Нет совпадений",1,1,75000.0,30000.0,0.0002987024490070344,0.4,3,False,False
100000003190207100,peripheral,0.4,46,0.020451127290010696,"in_deg=1, out_deg=1, in_kzt=5000, pass_through=75.4; Нет совпадений",1,1,5000.0,377000.0,0.0003004626618277658,75.4,3,False,False
100000004321983100,peripheral,0.4,2,0.021473981154088346,"in_deg=1, out_deg=2, in_kzt=10840, pass_through=3.339; Нет совпадений",1,2,10840.0,36200.0,0.00032599285319656444,3.339483394833948,3,False,False
100000002633108100,terminal,0.9,38,0.024829449040795242,"in_deg=1, out_deg=0, in_kzt=320000, pass_through=0; depth=3: нет выхода",1,0,320000.0,0.0,0.00037774664885647033,0.0,3,False,False
100000005941908100,terminal,0.9,38,0.04569750716084227,"in_deg=1, out_deg=0, in_kzt=10000, pass_through=0; depth=3: нет выхода",1,0,10000.0,0.0,0.0006952260665446425,0.0,3,False,False
100000001835625100,terminal,0.9,9,0.019015374622610895,"in_deg=1, out_deg=0, in_kzt=75130, pass_through=0; depth=3: нет выхода",1,0,75130.0,0.0,0.00028929333182705117,0.0,3,False,False
100000008671081100,terminal,0.9,20,0.019237906302530423,"in_deg=1, out_deg=0, in_kzt=37200, pass_through=0; depth=3: нет выхода",1,0,37200.0,0.0,0.0002926788518285578,0.0,3,False,False
100000002908521100,terminal,0.9,20,0.019313105814735002,"in_deg=1, out_deg=0, in_kzt=44500, pass_through=0; depth=3: нет выхода",1,0,44500.0,0.0,0.00029382291119468585,0.0,3,False,False
100000000749118100,peripheral,0.4,0,0.01953511781403631,"in_deg=1, out_deg=1, in_kzt=10330, pass_through=1.597; Нет совпадений",1,1,10330.0,16500.0,0.00028743306929338193,1.5972894482090998,3,False,False
100000008652094100,terminal,0.9,0,0.018984807500351336,"in_deg=1, out_deg=0, in_kzt=35000, pass_through=0; depth=3: нет выхода",1,0,35000.0,0.0,0.000288828294202585,0.0,3,False,False
100000007647294100,terminal,0.9,36,0.038231499695960666,"in_deg=1, out_deg=0, in_kzt=385000, pass_through=0; depth=3: нет выхода",1,0,385000.0,0.0,0.0005816408115692833,0.0,3,False,False
100000003270419100,terminal,0.9,11,0.055004292885084766,"in_deg=1, out_deg=0, in_kzt=150000, pass_through=0; depth=3: нет выхода",1,0,150000.0,0.0,0.0008368162852072328,0.0,3,False,False
100000003050771100,terminal,0.9,11,0.024449520130512086,"in_deg=1, out_deg=0, in_kzt=229000, pass_through=0; depth=3: нет выхода",1,0,229000.0,0.0,0.0003719665418380926,0.0,3,False,False
100000008427027100,terminal,0.9,81,0.03639261479799077,"in_deg=1, out_deg=0, in_kzt=300000, pass_through=0; depth=3: нет выхода",1,0,300000.0,0.0,0.0005536646528273149,0.0,3,False,False
100000004291560100,terminal,0.9,0,0.019030122840041647,"in_deg=1, out_deg=0, in_kzt=47190, pass_through=0; depth=3: нет выхода",1,0,47190.0,0.0,0.00028951770610543,0.0,3,False,False
100000003594472100,terminal,0.9,34,0.019440907266097127,"in_deg=1, out_deg=0, in_kzt=20000, pass_through=0; depth=3: нет выхода",1,0,20000.0,0.0,0.0002957672382674178,0.0,3,False,False
100000002575080100,transit,0.8,3,0.03709633341663156,"in_deg=1, out_deg=1, in_kzt=13000, pass_through=0.9615; Вход близок к выходу",1,1,13000.0,12500.0,0.0005543012425460762,0.9615384615384616,3,False,False
100000008038077100,terminal,0.9,9,0.019923702156508585,"in_deg=1, out_deg=0, in_kzt=499850, pass_through=0; depth=3: нет выхода",1,0,499850.0,0.0,0.00030311231272470076,0.0,3,False,False
100000003899325100,terminal,0.9,7,0.019585336023847023,"in_deg=1, out_deg=0, in_kzt=50120, pass_through=0; depth=3: нет выхода",1,0,50120.0,0.0,0.00029796452742791776,0.0,3,False,False
100000001155773100,terminal,0.9,20,0.019076175844775375,"in_deg=1, out_deg=0, in_kzt=21500, pass_through=0; depth=3: нет выхода",1,0,21500.0,0.0,0.00029021834058907703,0.0,3,False,False
100000000611474100,terminal,0.9,27,0.03932013932412876,"in_deg=1, out_deg=0, in_kzt=32000, pass_through=0; depth=3: нет выхода",1,0,32000.0,0.0,0.000598202998296713,0.0,3,False,False
100000006704530100,transit,0.8,13,0.02827473900229795,"in_deg=1, out_deg=3, in_kzt=450500, pass_through=0.9501; Вход близок к выходу",1,3,450500.0,428000.0,0.00040025555905717184,0.9500554938956715,3,False,False
100000003996562100,terminal,0.9,1,0.02169411516509627,"in_deg=1, out_deg=0, in_kzt=7700, pass_through=0; depth=3: нет выхода",1,0,7700.0,0.0,0.00033004676382698264,0.0,3,False,False
100000002646887100,terminal,0.9,39,0.01948958122954602,"in_deg=1, out_deg=0, in_kzt=24354, pass_through=0; depth=3: нет выхода",1,0,24354.0,0.0,0.0002965077471103314,0.0,3,False,False
100000002556775100,terminal,0.9,9,0.019496292904178925,"in_deg=1, out_deg=0, in_kzt=300000, pass_through=0; depth=3: нет выхода",1,0,300000.0,0.0,0.00029660985620653523,0.0,3,False,False
100000002722108100,terminal,0.9,22,0.021369780061837512,"in_deg=1, out_deg=0, in_kzt=800000, pass_through=0; depth=3: нет выхода",1,0,800000.0,0.0,0.00032511244175800655,0.0,3,False,False
100000002737980100,terminal,0.9,3,0.01950519680270984,"in_deg=1, out_deg=0, in_kzt=32900, pass_through=0; depth=3: нет выхода",1,0,32900.0,0.0,0.00029674531703880277,0.0,3,False,False
100000002913340100,terminal,0.9,20,0.019097808581162994,"in_deg=1, out_deg=0, in_kzt=23600, pass_through=0; depth=3: нет выхода",1,0,23600.0,0.0,0.0002905474535574152,0.0,3,False,False
100000003610172100,terminal,0.9,9,0.01900440334683181,"in_deg=1, out_deg=0, in_kzt=70000, pass_through=0; depth=3: нет выхода",1,0,70000.0,0.0,0.0002891264186324643,0.0,3,False,False
100000001052945100,peripheral,0.4,41,0.021836045395970106,"in_deg=1, out_deg=3, in_kzt=56520, pass_through=28.23; Нет совпадений",1,3,56520.0,1595700.0,0.0003029036742789161,28.23248407643312,3,False,False
100000002369510100,terminal,0.9,20,0.01923739123737834,"in_deg=1, out_deg=0, in_kzt=37150, pass_through=0; depth=3: нет выхода",1,0,37150.0,0.0,0.00029267101580550213,0.0,3,False,False
100000001954534100,peripheral,0.4,9,0.02483493902870428,"in_deg=1, out_deg=1, in_kzt=13000, pass_through=3.077; Нет совпадений",1,1,13000.0,40000.0,0.0003678613251334213,3.076923076923077,3,False,False
100000008488166100,terminal,0.9,20,0.018912385126411982,"in_deg=1, out_deg=0, in_kzt=5600, pass_through=0; depth=3: нет выхода",1,0,5600.0,0.0,0.00028772648525737354,0.0,3,False,False
100000005100475100,terminal,0.9,2,0.022299159445672054,"in_deg=1, out_deg=0, in_kzt=40000, pass_through=0; depth=3: нет выхода",1,0,40000.0,0.0,0.00033925169821846915,0.0,3,False,False
100000002708624100,terminal,0.9,12,0.02170354300522974,"in_deg=1, out_deg=0, in_kzt=25000, pass_through=0; depth=3: нет выхода",1,0,25000.0,0.0,0.0003301901957255528,0.0,3,False,False
100000004591973100,peripheral,0.4,6,0.02703113358838396,"in_deg=1, out_deg=1, in_kzt=10000, pass_through=10; Нет совпадений",1,1,10000.0,100000.0,0.00040087068779351426,10.0,3,False,False
100000000802149100,terminal,0.9,0,0.01946413985332607,"in_deg=1, out_deg=0, in_kzt=104128, pass_through=0; depth=3: нет выхода",1,0,104128.0,0.0,0.00029612069081304536,0.0,3,False,False
100000003095610100,terminal,0.9,16,0.019436681452751584,"in_deg=1, out_deg=0, in_kzt=23665, pass_through=0; depth=3: нет выхода",1,0,23665.0,0.0,0.000295702948204946,0.0,3,False,False
100000004183610100,peripheral,0.4,11,0.023152803805615862,"in_deg=1, out_deg=1, in_kzt=22000, pass_through=41.59; Нет совпадений",1,1,22000.0,915000.0,0.0003422699017232171,41.59090909090909,3,False,False
100000005198906100,peripheral,0.4,9,0.019984264971344392,"in_deg=1, out_deg=1, in_kzt=227970, pass_through=0.2632; Нет совпадений",1,1,227970.0,60000.0,0.00029426623877844684,0.26319252533228055,3,False,False
100000008599354100,peripheral,0.4,0,0.022047356586147447,"in_deg=1, out_deg=1, in_kzt=177000, pass_through=0.2158; Нет совпадений",1,1,177000.0,38200.0,0.0003332055573935272,0.21581920903954802,3,False,False
100000001303311100,terminal,0.9,33,0.0331213510519873,"in_deg=5, out_deg=0, in_kzt=1.324e+06, pass_through=0; depth=3: нет выхода",5,0,1324000.0,0.0,0.0005038967777710388,0.0,3,False,False
100000008776420100,terminal,0.9,20,0.019570638390778067,"in_deg=1, out_deg=0, in_kzt=69500, pass_through=0; depth=3: нет выхода",1,0,69500.0,0.0,0.00029774092272252144,0.0,3,False,False
100000004737764100,terminal,0.9,1,0.04466386953712787,"in_deg=1, out_deg=0, in_kzt=600000, pass_through=0; depth=3: нет выхода",1,0,600000.0,0.0,0.0006795006612870166,0.0,3,False,False
100000003154105100,peripheral,0.4,30,0.04103017084120461,"in_deg=1, out_deg=7, in_kzt=60000, pass_through=5.633; Нет совпадений",1,7,60000.0,338000.0,0.0005530271649049961,5.633333333333334,3,False,False
100000008708025100,terminal,0.9,14,0.02042090636335322,"in_deg=1, out_deg=0, in_kzt=10000, pass_through=0; depth=3: нет выхода",1,0,10000.0,0.0,0.0003106766055378161,0.0,3,False,False
100000008740793100,terminal,0.9,20,0.019071025193254515,"in_deg=1, out_deg=0, in_kzt=21000, pass_through=0; depth=3: нет выхода",1,0,21000.0,0.0,0.0002901399803585203,0.0,3,False,False
100000008459449100,terminal,0.9,0,0.01977914065649783,"in_deg=1, out_deg=0, in_kzt=53700, pass_through=0; depth=3: нет выхода",1,0,53700.0,0.0,0.0003009130040693614,0.0,3,False,False
100000008677518100,terminal,0.9,20,0.019356371287510235,"in_deg=1, out_deg=0, in_kzt=48700, pass_through=0; depth=3: нет выхода",1,0,48700.0,0.0,0.0002944811371313622,0.0,3,False,False
100000002212494100,terminal,0.9,34,0.023544373323128677,"in_deg=1, out_deg=0, in_kzt=160000, pass_through=0; depth=3: нет выхода",1,0,160000.0,0.0,0.00035819595141337393,0.0,3,False,False
100000001825934100,peripheral,0.4,24,0.03144737492659654,"in_deg=1, out_deg=1, in_kzt=40000, pass_through=2.425; Нет совпадений",1,1,40000.0,97000.0,0.00047792600695490046,2.425,3,False,False
100000003736419100,peripheral,0.4,0,0.019897825214261974,"in_deg=1, out_deg=1, in_kzt=23300, pass_through=0.4292; Нет совпадений",1,1,23300.0,10000.0,0.0002929511742149037,0.4291845493562232,3,False,False
100000008430691100,peripheral,0.4,52,0.020922918558013107,"in_deg=1, out_deg=2, in_kzt=20000, pass_through=30.25; Нет совпадений",1,2,20000.0,604900.0,0.0003083451989143688,30.245,3,False,False
100000003073635100,terminal,0.9,7,0.02058989786472061,"in_deg=1, out_deg=0, in_kzt=129231, pass_through=0; depth=3: нет выхода",1,0,129231.0,0.0,0.0003132475837831195,0.0,3,False,False
100000001686328100,terminal,0.9,4,0.020800987238201493,"in_deg=1, out_deg=0, in_kzt=140000, pass_through=0; depth=3: нет выхода",1,0,140000.0,0.0,0.00031645902449252086,0.0,3,False,False
100000008707810100,terminal,0.9,20,0.019124591969071472,"in_deg=1, out_deg=0, in_kzt=26200, pass_through=0; depth=3: нет выхода",1,0,26200.0,0.0,0.0002909549267563101,0.0,3,False,False
100000001236706100,consolidator,0.8,11,0.2518938768895787,"in_deg=3, out_deg=2, in_kzt=142700, pass_through=0.2523; Средства накапливаются",3,2,142700.0,36000.0,0.0007695577991874919,0.25227750525578135,3,False,False
100000008536546100,terminal,0.9,33,0.02094614959861311,"in_deg=2, out_deg=0, in_kzt=250000, pass_through=0; depth=3: нет выхода",2,0,250000.0,0.0,0.00031866747443015295,0.0,3,False,False
100000007140834100,terminal,0.9,2,0.04701687098743734,"in_deg=1, out_deg=0, in_kzt=10200, pass_through=0; depth=3: нет выхода",1,0,10200.0,0.0,0.0007152984114162458,0.0,3,False,False
100000007022818100,terminal,0.9,20,0.019031880241695966,"in_deg=1, out_deg=0, in_kzt=17200, pass_through=0; depth=3: нет выхода",1,0,17200.0,0.0,0.00028954444260628927,0.0,3,False,False
100000007484343100,terminal,0.9,0,0.019089909483948064,"in_deg=2, out_deg=0, in_kzt=26757, pass_through=0; depth=3: нет выхода",2,0,26757.0,0.0,0.00029042727942479434,0.0,3,False,False
100000001379511100,terminal,0.9,39,0.020288490512683856,"in_deg=1, out_deg=0, in_kzt=55000, pass_through=0; depth=3: нет выхода",1,0,55000.0,0.0,0.0003086620765902084,0.0,3,False,False
100000004569484100,coordinator,0.8,16,0.3143954987034809,"in_deg=2, out_deg=4, in_kzt=98312, pass_through=1.587; BC=0.00284 >= p95=0.000158",2,4,98312.0,156000.0,0.0003208064267479821,1.586784929611848,3,False,False
100000002948492100,terminal,0.9,38,0.019296455997072474,"in_deg=1, out_deg=0, in_kzt=23660, pass_through=0; depth=3: нет выхода",1,0,23660.0,0.0,0.0002935696066281706,0.0,3,False,False
100000002116705100,terminal,0.9,20,0.01903600076291266,"in_deg=1, out_deg=0, in_kzt=17600, pass_through=0; depth=3: нет выхода",1,0,17600.0,0.0,0.0002896071307907347,0.0,3,False,False
100000002481974100,peripheral,0.4,7,0.023194741903188612,"in_deg=2, out_deg=2, in_kzt=89447, pass_through=3.555; Нет совпадений",2,2,89447.0,318000.0,0.00033314047777107053,3.5551779265934016,3,False,False
100000003920950100,terminal,0.9,2,0.02586132436058977,"in_deg=1, out_deg=0, in_kzt=323290, pass_through=0; depth=3: нет выхода",1,0,323290.0,0.0,0.00039344524303186484,0.0,3,False,False
100000000733451100,peripheral,0.4,11,0.036545234232008804,"in_deg=1, out_deg=1, in_kzt=70000, pass_through=4.286; Нет совпадений",1,1,70000.0,300000.0,0.0005435003201234491,4.285714285714286,3,False,False
100000005182219100,terminal,0.9,9,0.02337972625569744,"in_deg=2, out_deg=0, in_kzt=55000, pass_through=0; depth=3: нет выхода",2,0,55000.0,0.0,0.00035569106788317526,0.0,3,False,False
100000008633099100,peripheral,0.4,2,0.01991864457145656,"in_deg=1, out_deg=1, in_kzt=19468, pass_through=0.6934; Нет совпадений",1,1,19468.0,13500.0,0.0002932679127135582,0.6934456544072324,3,False,False
100000001380107100,terminal,0.9,29,0.019209729753929858,"in_deg=1, out_deg=0, in_kzt=6000, pass_through=0; depth=3: нет выхода",1,0,6000.0,0.0,0.00029225018356480705,0.0,3,False,False
100000008755168100,terminal,0.9,20,0.01903600076291266,"in_deg=1, out_deg=0, in_kzt=17600, pass_through=0; depth=3: нет выхода",1,0,17600.0,0.0,0.0002896071307907347,0.0,3,False,False
100000002628576100,transit,0.8,9,0.02184271534346775,"in_deg=2, out_deg=2, in_kzt=727882, pass_through=0.7405; Вход близок к выходу",2,2,727882.0,539000.0,0.00031277260421456776,0.7405046422359668,3,False,False
100000001611488100,terminal,0.9,9,0.057924297431566775,"in_deg=2, out_deg=0, in_kzt=779300, pass_through=0; depth=3: нет выхода",2,0,779300.0,0.0,0.0008812402243074099,0.0,3,False,False
100000005375968100,peripheral,0.4,0,0.02077100200601222,"in_deg=1, out_deg=2, in_kzt=170082, pass_through=0.5056; Нет совпадений",1,2,170082.0,86000.0,0.0002964679282190007,0.5056384567443939,3,False,False
100000003581109100,terminal,0.9,0,0.019013617498923926,"in_deg=1, out_deg=0, in_kzt=42750, pass_through=0; depth=3: нет выхода",1,0,42750.0,0.0,0.00028926659955509106,0.0,3,False,False
100000002933386100,peripheral,0.4,1,0.0437605703286245,"in_deg=1, out_deg=1, in_kzt=15000, pass_through=3.867; Нет совпадений",1,1,15000.0,58000.0,0.0006555879422541299,3.8666666666666667,3,False,False
100000002284426100,terminal,0.9,9,0.019047176351818514,"in_deg=1, out_deg=0, in_kzt=90000, pass_through=0; depth=3: нет выхода",1,0,90000.0,0.0,0.0002897771523345574,0.0,3,False,False
100000008579978100,peripheral,0.4,9,0.019569430982480825,"in_deg=1, out_deg=1, in_kzt=34000, pass_through=2.265; Нет совпадений",1,1,34000.0,77000.0,0.0002879550979686967,2.264705882352941,3,False,False
100000001549194100,terminal,0.9,38,0.019722903864787353,"in_deg=1, out_deg=0, in_kzt=46500, pass_through=0; depth=3: нет выхода",1,0,46500.0,0.0,0.00030005743697336315,0.0,3,False,False
100000001427082100,peripheral,0.4,30,0.03161938796910268,"in_deg=1, out_deg=5, in_kzt=5000, pass_through=24.98; Нет совпадений",1,5,5000.0,124900.0,0.00044117104497772014,24.98,3,False,False
100000004657034100,terminal,0.9,9,0.019156782177096945,"in_deg=1, out_deg=0, in_kzt=141250, pass_through=0; depth=3: нет выхода",1,0,141250.0,0.0,0.00029144465744617104,0.0,3,False,False
100000003796063100,distributor,0.8,0,0.19794898545951295,"in_deg=1, out_deg=15, in_kzt=35000, pass_through=27.4; Рассылка на 10+ узлов",1,15,35000.0,959150.0,0.000688199194826116,27.404285714285713,3,False,False
100000005268319100,peripheral,0.4,0,0.020739301846431045,"in_deg=1, out_deg=5, in_kzt=19712.8, pass_through=4.616; Нет совпадений",1,5,19712.8,91000.0,0.00029495231402439337,4.6162899232985675,3,False,False
100000008744799100,terminal,0.9,20,0.018984494247704042,"in_deg=1, out_deg=0, in_kzt=12600, pass_through=0; depth=3: нет выхода",1,0,12600.0,0.0,0.00028882352848516753,0.0,3,False,False
100000008677215100,terminal,0.9,27,0.02010045478456703,"in_deg=1, out_deg=0, in_kzt=9000, pass_through=0; depth=3: нет выхода",1,0,9000.0,0.0,0.00030580136606680075,0.0,3,False,False
100000007593823100,coordinator,0.8,0,0.24194450665785094,"in_deg=3, out_deg=13, in_kzt=25000, pass_through=6.516; BC=0.000693 >= p95=0.000158",3,13,25000.0,162900.0,0.0002918918938196882,6.516,3,False,False
100000001282143100,terminal,0.9,22,0.026524472608427413,"in_deg=5, out_deg=0, in_kzt=1.7e+06, pass_through=0; depth=3: нет выхода",5,0,1700000.0,0.0,0.00040353415108230643,0.0,3,False,False
100000008029279100,terminal,0.9,7,0.019082958854989986,"in_deg=1, out_deg=0, in_kzt=17000, pass_through=0; depth=3: нет выхода",1,0,17000.0,0.0,0.00029032153496014494,0.0,3,False,False
100000000594783100,peripheral,0.4,19,0.09211918316031008,"in_deg=1, out_deg=2, in_kzt=2.635e+06, pass_through=0.05787; Нет совпадений",1,2,2635000.0,152500.0,0.0014014693873001065,0.05787476280834915,3,False,False
100000002705460100,terminal,0.9,3,0.03681793427241434,"in_deg=1, out_deg=0, in_kzt=95000, pass_through=0; depth=3: нет выхода",1,0,95000.0,0.0,0.0005601353161873003,0.0,3,False,False
100000002952756100,terminal,0.9,10,0.024276734514785195,"in_deg=1, out_deg=0, in_kzt=47000, pass_through=0; depth=3: нет выхода",1,0,47000.0,0.0,0.0003693378412493604,0.0,3,False,False
100000004634420100,terminal,0.9,20,0.019124076903919388,"in_deg=1, out_deg=0, in_kzt=26150, pass_through=0; depth=3: нет выхода",1,0,26150.0,0.0,0.00029094709073325446,0.0,3,False,False
100000000583220100,peripheral,0.4,23,0.020337874704064004,"in_deg=1, out_deg=1, in_kzt=5000, pass_through=152.3; Нет совпадений",1,1,5000.0,761255.0,0.00029944454409515625,152.251,3,False,False
100000003286537100,terminal,0.9,4,0.01987957107838472,"in_deg=2, out_deg=0, in_kzt=153000, pass_through=0; depth=3: нет выхода",2,0,153000.0,0.0,0.00030244091776767524,0.0,3,False,False
100000002958345100,terminal,0.9,22,0.01981986063608454,"in_deg=1, out_deg=0, in_kzt=307000, pass_through=0; depth=3: нет выхода",1,0,307000.0,0.0,0.000301532503753189,0.0,3,False,False
100000005055454100,terminal,0.9,25,0.033398530160513376,"in_deg=1, out_deg=0, in_kzt=6500, pass_through=0; depth=3: нет выхода",1,0,6500.0,0.0,0.0005081136848480633,0.0,3,False,False
100000008738526100,peripheral,0.4,33,0.01969381591264283,"in_deg=1, out_deg=1, in_kzt=15000, pass_through=9.333; Нет совпадений",1,1,15000.0,140000.0,0.00028873979765859704,9.333333333333334,3,False,False
100000001298099100,terminal,0.9,16,0.019321957024142408,"in_deg=1, out_deg=0, in_kzt=19000, pass_through=0; depth=3: нет выхода",1,0,19000.0,0.0,0.00029395757043285424,0.0,3,False,False
100000006491272100,terminal,0.9,20,0.019124591969071472,"in_deg=1, out_deg=0, in_kzt=26200, pass_through=0; depth=3: нет выхода",1,0,26200.0,0.0,0.0002909549267563101,0.0,3,False,False
100000000552584100,peripheral,0.4,19,0.08836559472779555,"in_deg=1, out_deg=1, in_kzt=2.5e+06, pass_through=0.023; Нет совпадений",1,1,2500000.0,57500.0,0.001344363591306038,0.023,3,False,False
100000005187208100,terminal,0.9,9,0.02059733937518816,"in_deg=1, out_deg=0, in_kzt=14160, pass_through=0; depth=3: нет выхода",1,0,14160.0,0.0,0.00031336079634925135,0.0,3,False,False
100000003528285100,peripheral,0.4,1,0.043033372036644355,"in_deg=4, out_deg=4, in_kzt=118870, pass_through=4.61; Нет совпадений",4,4,118870.0,548000.0,0.0004060592827503921,4.6100782367292,3,False,False
100000001484381100,terminal,0.9,16,0.02121344666676301,"in_deg=2, out_deg=0, in_kzt=95585, pass_through=0; depth=3: нет выхода",2,0,95585.0,0.0,0.0003227340395632289,0.0,3,False,False
100000002508637100,peripheral,0.4,7,0.020321625705255725,"in_deg=1, out_deg=1, in_kzt=306410, pass_through=0.02611; Нет совпадений",1,1,306410.0,8000.0,0.0003087634022713059,0.02610880845925394,3,False,False
100000003149149100,terminal,0.9,9,0.019378667140465485,"in_deg=1, out_deg=0, in_kzt=245000, pass_through=0; depth=3: нет выхода",1,0,245000.0,0.0,0.00029482033852577913,0.0,3,False,False
100000001538095100,terminal,0.9,22,0.02179655322276089,"in_deg=2, out_deg=0, in_kzt=280000, pass_through=0; depth=3: нет выхода",2,0,280000.0,0.0,0.00033160522100154975,0.0,3,False,False
100000008695133100,terminal,0.9,20,0.01923182853373581,"in_deg=1, out_deg=0, in_kzt=36610, pass_through=0; depth=3: нет выхода",1,0,36610.0,0.0,0.0002925863867565009,0.0,3,False,False
100000008749405100,terminal,0.9,20,0.01923739123737834,"in_deg=1, out_deg=0, in_kzt=37150, pass_through=0; depth=3: нет выхода",1,0,37150.0,0.0,0.00029267101580550213,0.0,3,False,False
100000005815602100,peripheral,0.4,3,0.037101559744133046,"in_deg=1, out_deg=1, in_kzt=20000, pass_through=8.25; Нет совпадений",1,1,20000.0,165000.0,0.0005545821449232094,8.25,3,False,False
100000006641671100,transit,0.8,7,0.02923019101446283,"in_deg=2, out_deg=1, in_kzt=22000, pass_through=1.136; Вход близок к выходу",2,1,22000.0,25000.0,0.0004419288909384845,1.1363636363636365,3,False,False
100000002945031100,terminal,0.9,11,0.01922117090587181,"in_deg=1, out_deg=0, in_kzt=15000, pass_through=0; depth=3: нет выхода",1,0,15000.0,0.0,0.0002924242452927991,0.0,3,False,False
100000003497735100,terminal,0.9,40,0.020265658099728908,"in_deg=1, out_deg=0, in_kzt=125000, pass_through=0; depth=3: нет выхода",1,0,125000.0,0.0,0.0003083147121575596,0.0,3,False,False
100000004644615100,peripheral,0.4,10,0.024755978091975387,"in_deg=1, out_deg=2, in_kzt=50810, pass_through=7.472; Нет совпадений",1,2,50810.0,379665.0,0.0003760247147405899,7.472249557173785,3,False,False
100000002755292100,terminal,0.9,9,0.019289699290093137,"in_deg=1, out_deg=0, in_kzt=203400, pass_through=0; depth=3: нет выхода",1,0,203400.0,0.0,0.0002934668124254254,0.0,3,False,False
100000005142492100,peripheral,0.4,2,0.12728285597795638,"in_deg=1, out_deg=1, in_kzt=10000, pass_through=5.7; Нет совпадений",1,1,10000.0,57000.0,0.0019364373419465068,5.7,3,False,False
100000002893020100,terminal,0.9,16,0.019305725915271656,"in_deg=1, out_deg=0, in_kzt=18340, pass_through=0; depth=3: нет выхода",1,0,18340.0,0.0,0.0002937106359570599,0.0,3,False,False
100000004500444100,peripheral,0.4,38,0.0313111039540226,"in_deg=2, out_deg=1, in_kzt=180000, pass_through=0.4111; Нет совпадений",2,1,180000.0,74000.0,0.0004664881535312959,0.4111111111111111,3,False,False
100000008454065100,terminal,0.9,38,0.01930373772511139,"in_deg=1, out_deg=0, in_kzt=24050, pass_through=0; depth=3: нет выхода",1,0,24050.0,0.0,0.00029368038831970413,0.0,3,False,False
100000008416433100,terminal,0.9,38,0.019228119780091896,"in_deg=1, out_deg=0, in_kzt=20000, pass_through=0; depth=3: нет выхода",1,0,20000.0,0.0,0.00029252996306147164,0.0,3,False,False
100000005265073100,peripheral,0.4,46,0.020451127290010696,"in_deg=1, out_deg=1, in_kzt=5000, pass_through=1.8; Нет совпадений",1,1,5000.0,9000.0,0.0003004626618277658,1.8,3,False,False
100000006734214100,consolidator,0.8,9,0.24201423062136376,"in_deg=5, out_deg=3, in_kzt=610000, pass_through=0.05902; Средства накапливаются",5,3,610000.0,36000.0,0.0006089813456116868,0.05901639344262295,3,False,False
100000002611334100,peripheral,0.4,0,0.020801469071999243,"in_deg=1, out_deg=1, in_kzt=48288, pass_through=0.321; Нет совпадений",1,1,48288.0,15500.0,0.00030669889928359713,0.3209907223326706,3,False,False
100000006225798100,consolidator,0.8,26,0.22504911410539627,"in_deg=3, out_deg=2, in_kzt=722000, pass_through=0.03643; Средства накапливаются",3,2,722000.0,26300.0,0.0003615536458408237,0.03642659279778394,3,False,False
100000002849158100,peripheral,0.4,4,0.022961018091754475,"in_deg=3, out_deg=1, in_kzt=723000, pass_through=1.816; Нет совпадений",3,1,723000.0,1313000.0,0.0003377410135067874,1.8160442600276625,3,False,False
100000008686214100,terminal,0.9,1,0.019657265056972198,"in_deg=1, out_deg=0, in_kzt=25000, pass_through=0; depth=3: нет выхода",1,0,25000.0,0.0,0.0002990588308566357,0.0,3,False,False
100000004931931100,peripheral,0.4,0,0.019908808352505965,"in_deg=1, out_deg=1, in_kzt=23938, pass_through=1.88; Нет совпадений",1,1,23938.0,45000.0,0.0002931182678809282,1.8798562954298605,3,False,False
100000007510875100,terminal,0.9,4,0.023526038329811406,"in_deg=1, out_deg=0, in_kzt=5000, pass_through=0; depth=3: нет выхода",1,0,5000.0,0.0,0.000357917009167373,0.0,3,False,False
100000005233755100,peripheral,0.4,26,0.019895285357477286,"in_deg=1, out_deg=1, in_kzt=25000, pass_through=0.2; Нет совпадений",1,1,25000.0,5000.0,0.0002929125337123531,0.2,3,False,False
100000008042075100,terminal,0.9,19,0.019276253260315877,"in_deg=1, out_deg=0, in_kzt=5000, pass_through=0; depth=3: нет выхода",1,0,5000.0,0.0,0.0002932622491795621,0.0,3,False,False
100000001680944100,terminal,0.9,33,0.02281657093385665,"in_deg=1, out_deg=0, in_kzt=393000, pass_through=0; depth=3: нет выхода",1,0,393000.0,0.0,0.0003471234176199122,0.0,3,False,False
100000008417029100,terminal,0.9,4,0.020244904549966303,"in_deg=1, out_deg=0, in_kzt=100000, pass_through=0; depth=3: нет выхода",1,0,100000.0,0.0,0.00030799897483041157,0.0,3,False,False
100000004975919100,peripheral,0.4,7,0.02043884545883121,"in_deg=1, out_deg=2, in_kzt=22351, pass_through=0.6711; Нет совпадений",1,2,22351.0,15000.0,0.00029141461340773724,0.6711109122634334,3,False,False
100000003087877100,terminal,0.9,7,0.01928477932375192,"in_deg=1, out_deg=0, in_kzt=91486, pass_through=0; depth=3: нет выхода",1,0,91486.0,0.0,0.00029339196175939467,0.0,3,False,False
100000008295429100,terminal,0.9,9,0.019607502717144357,"in_deg=1, out_deg=0, in_kzt=352000, pass_through=0; depth=3: нет выхода",1,0,352000.0,0.0,0.0002983017638319773,0.0,3,False,False
100000003254277100,transit,0.8,0,0.019679613897199754,"in_deg=1, out_deg=1, in_kzt=49200, pass_through=0.9146; Вход близок к выходу",1,1,49200.0,44997.0,0.0002896313827194348,0.9145731707317073,3,False,False
100000005314565100,terminal,0.9,0,0.024758615060617717,"in_deg=1, out_deg=0, in_kzt=218500, pass_through=0; depth=3: нет выхода",1,0,218500.0,0.0,0.0003766690051845039,0.0,3,False,False
100000002951898100,terminal,0.9,38,0.019601355019830093,"in_deg=1, out_deg=0, in_kzt=39990, pass_through=0; depth=3: нет выхода",1,0,39990.0,0.0,0.0002982082348916117,0.0,3,False,False
100000001009583100,terminal,0.9,9,0.019696769978551614,"in_deg=1, out_deg=0, in_kzt=393740, pass_through=0; depth=3: нет выхода",1,0,393740.0,0.0,0.00029965984506824566,0.0,3,False,False
100000004064431100,peripheral,0.4,32,0.019249762489544922,"in_deg=1, out_deg=1, in_kzt=26000, pass_through=0.3846; Нет совпадений",1,1,26000.0,10000.0,0.0002923557506606158,0.38461538461538464,3,False,False
100000001927599100,terminal,0.9,16,0.021606243796524566,"in_deg=2, out_deg=0, in_kzt=188000, pass_through=0; depth=3: нет выхода",2,0,188000.0,0.0,0.00032870991922145573,0.0,3,False,False
100000007737775100,terminal,0.9,10,0.02001287857442498,"in_deg=1, out_deg=0, in_kzt=6000, pass_through=0; depth=3: нет выхода",1,0,6000.0,0.0,0.0003044690118995232,0.0,3,False,False
100000003157679100,terminal,0.9,4,0.02461641696702951,"in_deg=4, out_deg=0, in_kzt=541000, pass_through=0; depth=3: нет выхода",4,0,541000.0,0.0,0.00037450565257694227,0.0,3,False,False
100000001229743100,transit,0.8,0,0.019685858387132372,"in_deg=1, out_deg=1, in_kzt=7000, pass_through=1.286; Вход близок к выходу",1,1,7000.0,9000.0,0.0002897263842292141,1.2857142857142858,3,False,False
100000003795588100,terminal,0.9,0,0.021195824227456608,"in_deg=1, out_deg=0, in_kzt=400000, pass_through=0; depth=3: нет выхода",1,0,400000.0,0.0,0.00032246593786746703,0.0,3,False,False
100000002301828100,terminal,0.9,26,0.019342721272603794,"in_deg=1, out_deg=0, in_kzt=46977, pass_through=0; depth=3: нет выхода",1,0,46977.0,0.0,0.0002942734705263048,0.0,3,False,False
100000005409156100,terminal,0.9,9,0.027987220788285028,"in_deg=2, out_deg=0, in_kzt=260080, pass_through=0; depth=3: нет выхода",2,0,260080.0,0.0,0.0004257878959058129,0.0,3,False,False
100000002513028100,peripheral,0.4,54,0.02220192127463478,"in_deg=1, out_deg=3, in_kzt=9500, pass_through=35.02; Нет совпадений",1,3,9500.0,332709.0,0.0003069595520475045,35.022,3,False,False
100000003218308100,terminal,0.9,0,0.018896202814418724,"in_deg=1, out_deg=0, in_kzt=11165, pass_through=0; depth=3: нет выхода",1,0,11165.0,0.0,0.00028748029316039386,0.0,3,False,False
100000008489604100,terminal,0.9,20,0.018968012162837288,"in_deg=1, out_deg=0, in_kzt=11000, pass_through=0; depth=3: нет выхода",1,0,11000.0,0.0,0.00028857277574738605,0.0,3,False,False
100000004450649100,peripheral,0.4,9,0.049372825173846155,"in_deg=2, out_deg=2, in_kzt=192528, pass_through=0.2417; Нет совпадений",2,2,192528.0,46527.0,0.00030028944226482716,0.24166355023684866,3,False,False
100000008767065100,terminal,0.9,33,0.01895550884984852,"in_deg=1, out_deg=0, in_kzt=10000, pass_through=0; depth=3: нет выхода",1,0,10000.0,0.0,0.00028838255466864403,0.0,3,False,False
100000003035737100,peripheral,0.4,9,0.025650228874652414,"in_deg=2, out_deg=1, in_kzt=809170, pass_through=0.008088; Нет совпадений",2,1,809170.0,6544.53,0.0003804662536680154,0.008087954323566123,3,False,False
100000002748761100,terminal,0.9,22,0.021359719732907675,"in_deg=1, out_deg=0, in_kzt=796800, pass_through=0; depth=3: нет выхода",1,0,796800.0,0.0,0.00032495938739367507,0.0,3,False,False
100000008432942100,terminal,0.9,0,0.019020279114077745,"in_deg=1, out_deg=0, in_kzt=44542, pass_through=0; depth=3: нет выхода",1,0,44542.0,0.0,0.0002893679470636963,0.0,3,False,False
100000004278574100,peripheral,0.4,9,0.019550183130236806,"in_deg=1, out_deg=1, in_kzt=25000, pass_through=0.5; Нет совпадений",1,1,25000.0,12500.0,0.0002876622678027548,0.5,3,False,False
100000000926766100,peripheral,0.4,12,0.020991331711266888,"in_deg=1, out_deg=1, in_kzt=18750, pass_through=0.32; Нет совпадений",1,1,18750.0,6000.0,0.0003193548594629492,0.32,3,False,False
100000008661550100,terminal,0.9,20,0.019089567538729618,"in_deg=1, out_deg=0, in_kzt=22800, pass_through=0; depth=3: нет выхода",1,0,22800.0,0.0,0.0002904220771885245,0.0,3,False,False
100000000783406100,terminal,0.9,36,0.019159995699826876,"in_deg=1, out_deg=0, in_kzt=6066, pass_through=0; depth=3: нет выхода",1,0,6066.0,0.0,0.0002914935468693822,0.0,3,False,False
100000008730371100,terminal,0.9,0,0.05665786742061973,"in_deg=2, out_deg=0, in_kzt=520000, pass_through=0; depth=3: нет выхода",2,0,520000.0,0.0,0.000861973196196536,0.0,3,False,False
100000002878467100,terminal,0.9,39,0.02075816689749276,"in_deg=2, out_deg=0, in_kzt=200000, pass_through=0; depth=3: нет выхода",2,0,200000.0,0.0,0.0003158075706411269,0.0,3,False,False
100000003171587100,peripheral,0.4,9,0.02216151124721229,"in_deg=2, out_deg=2, in_kzt=700000, pass_through=0.6161; Нет совпадений",2,2,700000.0,431300.0,0.00031742126397983584,0.6161428571428571,3,False,False
100000002696152100,peripheral,0.4,10,0.08028388311099528,"in_deg=1, out_deg=2, in_kzt=21800, pass_through=3.165; Нет совпадений",1,2,21800.0,69000.0,0.0012105361210712142,3.165137614678899,3,False,False
100000002109656100,terminal,0.9,22,0.02042662422466532,"in_deg=1, out_deg=0, in_kzt=500000, pass_through=0; depth=3: нет выхода",1,0,500000.0,0.0,0.00031076359510193093,0.0,3,False,False
100000001317336100,peripheral,0.4,34,0.024037102605915423,"in_deg=1, out_deg=2, in_kzt=131196, pass_through=13.35; Нет совпадений",1,2,131196.0,1752000.0,0.00034535168960297307,13.354065672733924,3,False,False
100000005222360100,peripheral,0.4,38,0.10347240457716153,"in_deg=1, out_deg=1, in_kzt=5000, pass_through=5.4; Нет совпадений",1,1,5000.0,27000.0,0.0006042126473248455,5.4,3,False,False
100000001445848100,peripheral,0.4,36,0.04633452593107692,"in_deg=1, out_deg=1, in_kzt=546000, pass_through=0.6444; Нет совпадений",1,1,546000.0,351850.0,0.0007049174497613803,0.6444139194139195,3,False,False
100000008720856100,peripheral,0.4,9,0.02173809881418035,"in_deg=1, out_deg=1, in_kzt=18105, pass_through=2.541; Нет совпадений",1,1,18105.0,46000.0,0.0003207470693495604,2.5407346037006353,3,False,False
100000002448088100,transit,0.8,30,0.03427473165994569,"in_deg=3, out_deg=1, in_kzt=20000, pass_through=1.25; Вход близок к выходу",3,1,20000.0,25000.0,0.0005108708923550089,1.25,3,False,False
100000003109805100,terminal,0.9,26,0.019238337008867724,"in_deg=1, out_deg=0, in_kzt=36929, pass_through=0; depth=3: нет выхода",1,0,36929.0,0.0,0.0002926854044457862,0.0,3,False,False
100000008223661100,coordinator,0.8,49,0.24593160792504154,"in_deg=2, out_deg=5, in_kzt=202000, pass_through=1.3; BC=0.000331 >= p95=0.000158",2,5,202000.0,262580.0,0.000316074235622545,1.29990099009901,3,False,False
100000004096559100,terminal,0.9,2,0.06445551673784733,"in_deg=1, out_deg=0, in_kzt=46200, pass_through=0; depth=3: нет выхода",1,0,46200.0,0.0,0.000980603935593979,0.0,3,False,False
100000002257794100,terminal,0.9,32,0.05680478734483854,"in_deg=1, out_deg=0, in_kzt=154000, pass_through=0; depth=3: нет выхода",1,0,154000.0,0.0,0.0008642083851019652,0.0,3,False,False
100000003112578100,terminal,0.9,22,0.019172478469449555,"in_deg=1, out_deg=0, in_kzt=101080, pass_through=0; depth=3: нет выхода",1,0,101080.0,0.0,0.00029168345540845877,0.0,3,False,False
100000007020162100,terminal,0.9,38,0.02046778730097322,"in_deg=1, out_deg=0, in_kzt=86395, pass_through=0; depth=3: нет выхода",1,0,86395.0,0.0,0.0003113898359060014,0.0,3,False,False
100000001934935100,terminal,0.9,0,0.019296829078440443,"in_deg=1, out_deg=0, in_kzt=118935, pass_through=0; depth=3: нет выхода",1,0,118935.0,0.0,0.0002935752825590489,0.0,3,False,False
100000002663511100,terminal,0.9,0,0.020428754163126263,"in_deg=1, out_deg=0, in_kzt=268940, pass_through=0; depth=3: нет выхода",1,0,268940.0,0.0,0.0003107959992489006,0.0,3,False,False
100000003338583100,terminal,0.9,32,0.019157709234348865,"in_deg=1, out_deg=0, in_kzt=21765, pass_through=0; depth=3: нет выхода",1,0,21765.0,0.0,0.0002914587613745198,0.0,3,False,False
100000002904919100,peripheral,0.4,0,0.019849787998913602,"in_deg=1, out_deg=1, in_kzt=60325, pass_through=0.09117; Нет совпадений",1,1,60325.0,5500.0,0.00029222035263733144,0.09117281392457521,3,False,False
100000005127767100,terminal,0.9,17,0.02789450013615448,"in_deg=1, out_deg=0, in_kzt=7000, pass_through=0; depth=3: нет выхода",1,0,7000.0,0.0,0.000424377275977656,0.0,3,False,False
100000004066647100,terminal,0.9,40,0.01943036961968137,"in_deg=1, out_deg=0, in_kzt=51000, pass_through=0; depth=3: нет выхода",1,0,51000.0,0.0,0.00029560692215996624,0.0,3,False,False
100000002394199100,peripheral,0.4,2,0.20047785987374456,"in_deg=1, out_deg=1, in_kzt=277398, pass_through=0.2768; Нет совпадений",1,1,277398.0,76777.0,0.0030500008120517906,0.2767756076107254,3,False,False
100000003968044100,peripheral,0.4,7,0.021735052538816794,"in_deg=1, out_deg=3, in_kzt=40000, pass_through=7.775; Нет совпадений",1,3,40000.0,311000.0,0.00029732494258889855,7.775,3,False,False
100000001808684100,transit,0.8,2,0.07736275814401566,"in_deg=1, out_deg=1, in_kzt=48400, pass_through=0.7789; Вход близок к выходу",1,1,48400.0,37700.0,0.00117697024155392,0.7789256198347108,3,False,False
100000008097580100,terminal,0.9,7,0.04454514350547348,"in_deg=2, out_deg=0, in_kzt=32000, pass_through=0; depth=3: нет выхода",2,0,32000.0,0.0,0.0006776944045104046,0.0,3,False,False
100000008687617100,terminal,0.9,20,0.019301259316237017,"in_deg=1, out_deg=0, in_kzt=43350, pass_through=0; depth=3: нет выхода",1,0,43350.0,0.0,0.00029364268266440536,0.0,3,False,False
100000005667841100,terminal,0.9,39,0.020614377252156833,"in_deg=2, out_deg=0, in_kzt=186000, pass_through=0; depth=3: нет выхода",2,0,186000.0,0.0,0.0003136200047158152,0.0,3,False,False
100000001329153100,terminal,0.9,0,0.019414864571947146,"in_deg=1, out_deg=0, in_kzt=150687, pass_through=0; depth=3: нет выхода",1,0,150687.0,0.0,0.00029537103372714846,0.0,3,False,False
100000007689942100,peripheral,0.4,40,0.0595973624617454,"in_deg=1, out_deg=2, in_kzt=5000, pass_through=5; Нет совпадений",1,2,5000.0,25000.0,0.0008966241150209632,5.0,3,False,False
100000006476758100,terminal,0.9,10,0.034148314458584975,"in_deg=1, out_deg=0, in_kzt=5200, pass_through=0; depth=3: нет выхода",1,0,5200.0,0.0,0.0005195206437981551,0.0,3,False,False
100000002184107100,terminal,0.9,36,0.019159995699826876,"in_deg=1, out_deg=0, in_kzt=6066, pass_through=0; depth=3: нет выхода",1,0,6066.0,0.0,0.0002914935468693822,0.0,3,False,False
100000008663723100,terminal,0.9,20,0.01901539815682921,"in_deg=1, out_deg=0, in_kzt=15600, pass_through=0; depth=3: нет выхода",1,0,15600.0,0.0,0.0002892936898685078,0.0,3,False,False
100000000254336100,peripheral,0.4,0,0.019916877979742564,"in_deg=2, out_deg=1, in_kzt=97177, pass_through=0.6174; Нет совпадений",2,1,97177.0,60000.0,0.00029324103639831006,0.6174300503205491,3,False,False
100000008750464100,terminal,0.9,20,0.01894225890523298,"in_deg=1, out_deg=0, in_kzt=8500, pass_through=0; depth=3: нет выхода",1,0,8500.0,0.0,0.00028818097459460247,0.0,3,False,False
100000001530709100,terminal,0.9,0,0.019055293485246167,"in_deg=1, out_deg=0, in_kzt=53961, pass_through=0; depth=3: нет выхода",1,0,53961.0,0.0,0.0002899006435946969,0.0,3,False,False
100000000656682100,transit,0.8,0,0.020402672679745167,"in_deg=1, out_deg=2, in_kzt=71000, pass_through=1.127; Вход близок к выходу",1,2,71000.0,80000.0,0.00029086429325938726,1.1267605633802817,3,False,False
100000008755754100,terminal,0.9,22,0.019536544702197567,"in_deg=1, out_deg=0, in_kzt=7000, pass_through=0; depth=3: нет выхода",1,0,7000.0,0.0,0.0002972222331379366,0.0,3,False,False
100000002691583100,terminal,0.9,13,0.023573806015256025,"in_deg=1, out_deg=0, in_kzt=285200, pass_through=0; depth=3: нет выхода",1,0,285200.0,0.0,0.0003586437302102237,0.0,3,False,False
100000005241556100,terminal,0.9,33,0.0362483582098178,"in_deg=1, out_deg=0, in_kzt=100000, pass_through=0; depth=3: нет выхода",1,0,100000.0,0.0,0.0005514699829952025,0.0,3,False,False
100000004713684100,terminal,0.9,0,0.018994101048277978,"in_deg=1, out_deg=0, in_kzt=37500, pass_through=0; depth=3: нет выхода",1,0,37500.0,0.0,0.0002889696830259741,0.0,3,False,False
100000006919124100,terminal,0.9,0,0.018947633308644768,"in_deg=1, out_deg=0, in_kzt=25000, pass_through=0; depth=3: нет выхода",1,0,25000.0,0.0,0.00028826273890902887,0.0,3,False,False
100000003006633100,terminal,0.9,36,0.019357991384354505,"in_deg=1, out_deg=0, in_kzt=10000, pass_through=0; depth=3: нет выхода",1,0,10000.0,0.0,0.00029450578472433697,0.0,3,False,False
100000008306857100,terminal,0.9,22,0.019247679428200083,"in_deg=1, out_deg=0, in_kzt=125000, pass_through=0; depth=3: нет выхода",1,0,125000.0,0.0,0.00029282753678183654,0.0,3,False,False
100000003671721100,terminal,0.9,16,0.036886270696273225,"in_deg=1, out_deg=0, in_kzt=5000, pass_through=0; depth=3: нет выхода",1,0,5000.0,0.0,0.0005611749629013743,0.0,3,False,False
100000002613929100,terminal,0.9,4,0.05154887439577373,"in_deg=1, out_deg=0, in_kzt=28560, pass_through=0; depth=3: нет выхода",1,0,28560.0,0.0,0.0007842467435879506,0.0,3,False,False
100000008669310100,terminal,0.9,0,0.01907613333711687,"in_deg=1, out_deg=0, in_kzt=59567, pass_through=0; depth=3: нет выхода",1,0,59567.0,0.0,0.0002902176938922645,0.0,3,False,False
100000006573438100,terminal,0.9,62,0.019746871613146144,"in_deg=1, out_deg=0, in_kzt=5000, pass_through=0; depth=3: нет выхода",1,0,5000.0,0.0,0.0003004220740061178,0.0,3,False,False
100000006165886100,peripheral,0.4,0,0.019735325194472172,"in_deg=2, out_deg=1, in_kzt=184481, pass_through=0.4065; Нет совпадений",2,1,184481.0,75000.0,0.00029989469607229934,0.4065459315593476,3,False,False
100000008491390100,terminal,0.9,0,0.018988524919521993,"in_deg=1, out_deg=0, in_kzt=36000, pass_through=0; depth=3: нет выхода",1,0,36000.0,0.0,0.0002888848497319406,0.0,3,False,False
100000005186131100,transit,0.8,0,0.01953389106570999,"in_deg=1, out_deg=1, in_kzt=10000, pass_through=1; Вход близок к выходу",1,1,10000.0,10000.0,0.00028741440596869453,1.0,3,False,False
100000001550419100,terminal,0.9,38,0.019284133072698925,"in_deg=1, out_deg=0, in_kzt=23000, pass_through=0; depth=3: нет выхода",1,0,23000.0,0.0,0.0002933821299194216,0.0,3,False,False
100000004979283100,terminal,0.9,16,0.019841647619076846,"in_deg=1, out_deg=0, in_kzt=40132, pass_through=0; depth=3: нет выхода",1,0,40132.0,0.0,0.00030186396337601485,0.0,3,False,False
100000002537811100,peripheral,0.4,10,0.08212610282632601,"in_deg=1, out_deg=1, in_kzt=52000, pass_through=0.2885; Нет совпадений",1,1,52000.0,15000.0,0.001236045629091144,0.28846153846153844,3,False,False
100000002990675100,terminal,0.9,9,0.018964074819080093,"in_deg=1, out_deg=0, in_kzt=51143, pass_through=0; depth=3: нет выхода",1,0,51143.0,0.0,0.0002885128743614458,0.0,3,False,False
100000008763688100,terminal,0.9,20,0.019071025193254515,"in_deg=1, out_deg=0, in_kzt=21000, pass_through=0; depth=3: нет выхода",1,0,21000.0,0.0,0.0002901399803585203,0.0,3,False,False
100000002809896100,terminal,0.9,16,0.019789216218906475,"in_deg=1, out_deg=0, in_kzt=38000, pass_through=0; depth=3: нет выхода",1,0,38000.0,0.0,0.00030106629019057004,0.0,3,False,False
100000008716072100,terminal,0.9,20,0.018979343596183182,"in_deg=1, out_deg=0, in_kzt=12100, pass_through=0; depth=3: нет выхода",1,0,12100.0,0.0,0.0002887451682546108,0.0,3,False,False
100000001279272100,peripheral,0.4,0,0.03031200875934105,"in_deg=1, out_deg=2, in_kzt=250000, pass_through=0.547; Нет совпадений",1,2,250000.0,136758.0,0.0003091095301703438,0.547032,3,False,False
100000001714173100,terminal,0.9,33,0.03767472060666865,"in_deg=1, out_deg=0, in_kzt=638905, pass_through=0; depth=3: нет выхода",1,0,638905.0,0.0,0.0005731701671023901,0.0,3,False,False
100000008729597100,terminal,0.9,7,0.01997035715985314,"in_deg=1, out_deg=0, in_kzt=83090, pass_through=0; depth=3: нет выхода",1,0,83090.0,0.0,0.00030382210580697324,0.0,3,False,False
100000002255058100,terminal,0.9,1,0.02813232177796144,"in_deg=1, out_deg=0, in_kzt=491500, pass_through=0; depth=3: нет выхода",1,0,491500.0,0.0,0.0004279954121703086,0.0,3,False,False
100000006111442100,terminal,0.9,39,0.01951202192234256,"in_deg=1, out_deg=0, in_kzt=64000, pass_through=0; depth=3: нет выхода",1,0,64000.0,0.0,0.0002968491520479916,0.0,3,False,False
100000008686247100,peripheral,0.4,19,0.020709541725503523,"in_deg=1, out_deg=1, in_kzt=22000, pass_through=0.2273; Нет совпадений",1,1,22000.0,5000.0,0.00031506780409460284,0.22727272727272727,3,False,False
100000001893287100,peripheral,0.4,2,0.04081843823690215,"in_deg=1, out_deg=1, in_kzt=18000, pass_through=8.483; Нет совпадений",1,1,18000.0,152700.0,0.0006209975996733094,8.483333333333333,3,False,False
100000005172860100,terminal,0.9,0,0.019265653701018456,"in_deg=1, out_deg=0, in_kzt=15209.2, pass_through=0; depth=3: нет выхода",1,0,15209.2,0.0,0.0002931009911509454,0.0,3,False,False
100000001788284100,peripheral,0.4,12,0.02175195419686239,"in_deg=1, out_deg=5, in_kzt=8000, pass_through=37.09; Нет совпадений",1,5,8000.0,296700.0,0.00030071808109127096,37.0875,3,False,False
100000008755580100,terminal,0.9,20,0.019019518678045903,"in_deg=1, out_deg=0, in_kzt=16000, pass_through=0; depth=3: нет выхода",1,0,16000.0,0.0,0.0002893563780529532,0.0,3,False,False
100000003896956100,peripheral,0.4,3,0.019694436926687767,"in_deg=1, out_deg=1, in_kzt=10000, pass_through=2.7; Нет совпадений",1,1,10000.0,27000.0,0.00028985689516257434,2.7,3,False,False
100000002475601100,terminal,0.9,7,0.019946759578984598,"in_deg=1, out_deg=0, in_kzt=232301, pass_through=0; depth=3: нет выхода",1,0,232301.0,0.0,0.00030346310037436915,0.0,3,False,False
100000008619857100,peripheral,0.4,0,0.01902123370957254,"in_deg=1, out_deg=2, in_kzt=29000, pass_through=0.4483; Нет совпадений",1,2,29000.0,13000.0,0.0002884889610264513,0.4482758620689655,3,False,False
100000001373265100,peripheral,0.4,7,0.021409839665250393,"in_deg=1, out_deg=1, in_kzt=142482, pass_through=0.03509; Нет совпадений",1,1,142482.0,5000.0,0.000315954439045509,0.0350921519911287,3,False,False
100000004185681100,terminal,0.9,1,0.035339276184879434,"in_deg=1, out_deg=0, in_kzt=10000, pass_through=0; depth=3: нет выхода",1,0,10000.0,0.0,0.0005376395235318489,0.0,3,False,False
100000003031633100,terminal,0.9,4,0.02077288567295319,"in_deg=1, out_deg=0, in_kzt=414000, pass_through=0; depth=3: нет выхода",1,0,414000.0,0.0,0.0003160314969995537,0.0,3,False,False
100000002632742100,terminal,0.9,39,0.020966733603237184,"in_deg=2, out_deg=0, in_kzt=235500, pass_through=0; depth=3: нет выхода",2,0,235500.0,0.0,0.00031898063235621146,0.0,3,False,False
100000005847078100,terminal,0.9,20,0.019022609068958418,"in_deg=1, out_deg=0, in_kzt=16300, pass_through=0; depth=3: нет выхода",1,0,16300.0,0.0,0.00028940339419128723,0.0,3,False,False
100000002807334100,terminal,0.9,9,0.018971714077770718,"in_deg=1, out_deg=0, in_kzt=54715, pass_through=0; depth=3: нет выхода",1,0,54715.0,0.0,0.00028862909540063964,0.0,3,False,False
100000008748795100,terminal,0.9,0,0.01902962842329195,"in_deg=1, out_deg=0, in_kzt=47057, pass_through=0; depth=3: нет выхода",1,0,47057.0,0.0,0.0002895101842200257,0.0,3,False,False
100000003899899100,peripheral,0.4,3,0.04382155340410139,"in_deg=2, out_deg=1, in_kzt=218500, pass_through=0.04577; Нет совпадений",2,1,218500.0,10000.0,0.0006568178039271219,0.04576659038901602,3,False,False
100000002308091100,terminal,0.9,22,0.037042476128350724,"in_deg=1, out_deg=0, in_kzt=186720, pass_through=0; depth=3: нет выхода",1,0,186720.0,0.0,0.0005635514183113797,0.0,3,False,False
100000008680912100,peripheral,0.4,1,0.03548999586170397,"in_deg=1, out_deg=1, in_kzt=45112, pass_through=0.1328; Нет совпадений",1,1,45112.0,5990.85,0.0005399325205590344,0.13279947685759888,3,False,False
100000008742053100,distributor,0.8,22,0.12294526625915886,"in_deg=1, out_deg=12, in_kzt=10000, pass_through=278.9; Рассылка на 10+ узлов",1,12,10000.0,2789000.0,0.0002875537455138924,278.9,3,False,False
100000008473765100,terminal,0.9,7,0.019257511403987123,"in_deg=1, out_deg=0, in_kzt=30000, pass_through=0; depth=3: нет выхода",1,0,30000.0,0.0,0.000292977117060444,0.0,3,False,False
100000007472293100,peripheral,0.4,57,0.020509599388423033,"in_deg=1, out_deg=3, in_kzt=5000, pass_through=69.18; Нет совпадений",1,3,5000.0,345900.0,0.00028761570267189123,69.18,3,False,False
100000008753061100,terminal,0.9,20,0.019147254835763263,"in_deg=1, out_deg=0, in_kzt=28400, pass_through=0; depth=3: нет выхода",1,0,28400.0,0.0,0.00029129971177075965,0.0,3,False,False
100000008501413100,transit,0.8,10,0.024914363913536717,"in_deg=1, out_deg=1, in_kzt=5000, pass_through=1.02; Вход близок к выходу",1,1,5000.0,5100.0,0.00036826410450355656,1.02,3,False,False
100000002748581100,terminal,0.9,38,0.01962357362589755,"in_deg=1, out_deg=0, in_kzt=41180, pass_through=0; depth=3: нет выхода",1,0,41180.0,0.0,0.00029854626107859853,0.0,3,False,False
100000001384826100,peripheral,0.4,9,0.020275741613826295,"in_deg=1, out_deg=1, in_kzt=364260, pass_through=0.02745; Нет совпадений",1,1,364260.0,10000.0,0.0002987006635913604,0.027452918245209467,3,False,False
100000004099450100,terminal,0.9,1,0.019554144967118204,"in_deg=1, out_deg=0, in_kzt=31000, pass_through=0; depth=3: нет выхода",1,0,31000.0,0.0,0.00029748999748026387,0.0,3,False,False
100000002926970100,terminal,0.9,16,0.0209450679112176,"in_deg=1, out_deg=0, in_kzt=85000, pass_through=0; depth=3: нет выхода",1,0,85000.0,0.0,0.00031865101801228826,0.0,3,False,False
100000002753146100,terminal,0.9,22,0.021380909300716143,"in_deg=1, out_deg=0, in_kzt=803540, pass_through=0; depth=3: нет выхода",1,0,803540.0,0.0,0.00032528175814854825,0.0,3,False,False
100000003943247100,terminal,0.9,0,0.019003394596204624,"in_deg=1, out_deg=0, in_kzt=40000, pass_through=0; depth=3: нет выхода",1,0,40000.0,0.0,0.00028911107184936315,0.0,3,False,False
100000002872399100,terminal,0.9,2,0.04658500981529466,"in_deg=1, out_deg=0, in_kzt=1.09e+06, pass_through=0; depth=3: нет выхода",1,0,1090000.0,0.0,0.0007087282249300255,0.0,3,False,False
100000008417359100,peripheral,0.4,26,0.01927865501519333,"in_deg=1, out_deg=2, in_kzt=40810, pass_through=2.714; Нет совпадений",1,2,40810.0,110760.0,0.0002932987886474674,2.714040676304827,3,False,False
100000002614095100,terminal,0.9,20,0.018909294735499467,"in_deg=1, out_deg=0, in_kzt=5300, pass_through=0; depth=3: нет выхода",1,0,5300.0,0.0,0.0002876794691190395,0.0,3,False,False
100000004717647100,peripheral,0.4,48,0.07013745343032372,"in_deg=1, out_deg=5, in_kzt=300000, pass_through=7.467; Нет совпадений",1,5,300000.0,2240000.0,0.0010275743506493783,7.466666666666667,3,False,False
100000008537380100,terminal,0.9,20,0.01893710825371212,"in_deg=1, out_deg=0, in_kzt=8000, pass_through=0; depth=3: нет выхода",1,0,8000.0,0.0,0.0002881026143640458,0.0,3,False,False
100000001534244100,peripheral,0.4,4,0.023268699976878936,"in_deg=2, out_deg=1, in_kzt=366000, pass_through=0.123; Нет совпадений",2,1,366000.0,45000.0,0.0003430261517908006,0.12295081967213115,3,False,False
100000008767950100,terminal,0.9,20,0.019033425437152224,"in_deg=1, out_deg=0, in_kzt=17350, pass_through=0; depth=3: нет выхода",1,0,17350.0,0.0,0.0002895679506754563,0.0,3,False,False
100000004613582100,peripheral,0.4,2,0.03654965831058297,"in_deg=1, out_deg=1, in_kzt=5000, pass_through=1.9; Нет совпадений",1,1,5000.0,9500.0,0.0005558524676659829,1.9,3,False,False
100000008121806100,peripheral,0.4,7,0.04591482474467385,"in_deg=1, out_deg=4, in_kzt=67000, pass_through=3.709; Нет совпадений",1,4,67000.0,248509.0,0.00030170819509724975,3.709089552238806,3,False,False
100000002369443100,terminal,0.9,20,0.019369762981464478,"in_deg=1, out_deg=0, in_kzt=50000, pass_through=0; depth=3: нет выхода",1,0,50000.0,0.0,0.0002946848737308097,0.0,3,False,False
100000008655779100,peripheral,0.4,14,0.028193678106015037,"in_deg=1, out_deg=2, in_kzt=47000, pass_through=0.5256; Нет совпадений",1,2,47000.0,24704.0,0.0003988392985297235,0.5256170212765957,3,False,False
100000008561016100,transit,0.8,4,0.020214746417728087,"in_deg=1, out_deg=1, in_kzt=180000, pass_through=1.028; Вход близок к выходу",1,1,180000.0,185000.0,0.0002961615770699288,1.0277777777777777,3,False,False
100000002727288100,terminal,0.9,3,0.024175078005005315,"in_deg=1, out_deg=0, in_kzt=16000, pass_through=0; depth=3: нет выхода",1,0,16000.0,0.0,0.0003677912742739635,0.0,3,False,False
100000001270349100,terminal,0.9,2,0.02345757798137078,"in_deg=1, out_deg=0, in_kzt=200000, pass_through=0; depth=3: нет выхода",1,0,200000.0,0.0,0.00035687547710757967,0.0,3,False,False
100000004722765100,peripheral,0.4,55,0.040339620448542675,"in_deg=1, out_deg=3, in_kzt=230000, pass_through=9.933; Нет совпадений",1,3,230000.0,2284500.0,0.0005841085782283845,9.932608695652174,3,False,False
100000001677389100,peripheral,0.4,26,0.01969879439118565,"in_deg=1, out_deg=1, in_kzt=11000, pass_through=0.4909; Нет совпадений",1,1,11000.0,5400.0,0.0002899231881201378,0.4909090909090909,3,False,False
100000005857058100,terminal,0.9,0,0.025742923744433745,"in_deg=3, out_deg=0, in_kzt=80222, pass_through=0; depth=3: нет выхода",3,0,80222.0,0.0,0.0003916439370140794,0.0,3,False,False
100000008760098100,peripheral,0.4,33,0.019169108810370015,"in_deg=1, out_deg=1, in_kzt=7000, pass_through=55.71; Нет совпадений",1,1,7000.0,390000.0,0.00028792244347059236,55.714285714285715,3,False,False
100000002838519100,terminal,0.9,38,0.019730372303801626,"in_deg=1, out_deg=0, in_kzt=46900, pass_through=0; depth=3: нет выхода",1,0,46900.0,0.0,0.0003001710592210898,0.0,3,False,False
100000002597623100,terminal,0.9,0,0.018915730417322186,"in_deg=1, out_deg=0, in_kzt=16418, pass_through=0; depth=3: нет выхода",1,0,16418.0,0.0,0.0002877773793560989,0.0,3,False,False
100000003635660100,terminal,0.9,0,0.019181523659413044,"in_deg=1, out_deg=0, in_kzt=18985, pass_through=0; depth=3: нет выхода",1,0,18985.0,0.0,0.0002918210657997068,0.0,3,False,False
100000008676812100,terminal,0.9,40,0.03123559012219536,"in_deg=1, out_deg=0, in_kzt=230800, pass_through=0; depth=3: нет выхода",1,0,230800.0,0.0,0.0004752074632959982,0.0,3,False,False
100000003213473100,distributor,0.8,1,0.14091549955379412,"in_deg=1, out_deg=11, in_kzt=57500, pass_through=4.174; Рассылка на 10+ узлов",1,11,57500.0,240000.0,0.00029010079361308644,4.173913043478261,3,False,False
100000003071649100,terminal,0.9,4,0.019499134158970068,"in_deg=1, out_deg=0, in_kzt=189500, pass_through=0; depth=3: нет выхода",1,0,189500.0,0.0,0.0002966530820740983,0.0,3,False,False
100000002433697100,transit,0.8,9,0.01977474140641701,"in_deg=1, out_deg=1, in_kzt=130000, pass_through=0.8462; Вход близок к выходу",1,1,130000.0,110000.0,0.0002910786197387437,0.8461538461538461,3,False,False
100000008612257100,terminal,0.9,26,0.01900615385309841,"in_deg=1, out_deg=0, in_kzt=9500, pass_through=0; depth=3: нет выхода",1,0,9500.0,0.0,0.00028915305022928,0.0,3,False,False
100000002736033100,peripheral,0.4,26,0.020131056571121807,"in_deg=1, out_deg=1, in_kzt=34530, pass_through=0.3186; Нет совпадений",1,1,34530.0,11000.0,0.0002964994754002138,0.3185635679119606,3,False,False
100000008687990100,terminal,0.9,20,0.01903600076291266,"in_deg=1, out_deg=0, in_kzt=17600, pass_through=0; depth=3: нет выхода",1,0,17600.0,0.0,0.0002896071307907347,0.0,3,False,False
100000008776310100,terminal,0.9,20,0.019052482847779415,"in_deg=1, out_deg=0, in_kzt=19200, pass_through=0; depth=3: нет выхода",1,0,19200.0,0.0,0.00028985788352851616,0.0,3,False,False
100000007267915100,peripheral,0.4,26,0.01929505750036942,"in_deg=2, out_deg=1, in_kzt=21000, pass_through=0.4762; Нет совпадений",2,1,21000.0,10000.0,0.00029269814065059136,0.47619047619047616,3,False,False
100000004217419100,peripheral,0.4,7,0.03921314207291366,"in_deg=2, out_deg=1, in_kzt=118200, pass_through=0.06514; Нет совпадений",2,1,118200.0,7700.0,0.000586707028047715,0.06514382402707276,3,False,False
100000002773323100,peripheral,0.4,39,0.02220526777133097,"in_deg=2, out_deg=1, in_kzt=285000, pass_through=4.111; Нет совпадений",2,1,285000.0,1171644.0,0.00032694815749070925,4.111031578947369,3,False,False
100000002528544100,terminal,0.9,7,0.019761589389208228,"in_deg=1, out_deg=0, in_kzt=192912, pass_through=0; depth=3: нет выхода",1,0,192912.0,0.0,0.0003006459851600438,0.0,3,False,False
100000003760160100,terminal,0.9,9,0.019078122620926397,"in_deg=1, out_deg=0, in_kzt=104470, pass_through=0; depth=3: нет выхода",1,0,104470.0,0.0,0.0002902479581680218,0.0,3,False,False
100000000640800100,peripheral,0.4,7,0.024870238411769312,"in_deg=1, out_deg=4, in_kzt=80000, pass_through=6.477; Нет совпадений",1,4,80000.0,518135.0,0.00030459135147765937,6.4766875,3,False,False
100000008238112100,terminal,0.9,9,0.019261041376752042,"in_deg=1, out_deg=0, in_kzt=190000, pass_through=0; depth=3: нет выхода",1,0,190000.0,0.0,0.00029303082084502303,0.0,3,False,False
100000008751349100,terminal,0.9,13,0.019047135515920265,"in_deg=1, out_deg=0, in_kzt=11630, pass_through=0; depth=3: нет выхода",1,0,11630.0,0.0,0.00028977653107132716,0.0,3,False,False
100000002963189100,peripheral,0.4,38,0.030856436924307225,"in_deg=1, out_deg=7, in_kzt=490000, pass_through=10.65; Нет совпадений",1,7,490000.0,5219000.0,0.0004260361041403029,10.651020408163266,3,False,False
100000008548853100,terminal,0.9,20,0.018998916071962454,"in_deg=1, out_deg=0, in_kzt=14000, pass_through=0; depth=3: нет выхода",1,0,14000.0,0.0,0.0002890429371307263,0.0,3,False,False
100000003164661100,terminal,0.9,25,0.0396553207075337,"in_deg=1, out_deg=0, in_kzt=596200, pass_through=0; depth=3: нет выхода",1,0,596200.0,0.0,0.0006033023319199546,0.0,3,False,False
100000000791285100,peripheral,0.4,13,0.038684235585232755,"in_deg=1, out_deg=3, in_kzt=1.12e+06, pass_through=0.5804; Нет совпадений",1,3,1120000.0,650000.0,0.0005687922766193726,0.5803571428571429,3,False,False
100000003192309100,peripheral,0.4,20,0.01907821151295757,"in_deg=1, out_deg=1, in_kzt=17200, pass_through=12.38; Нет совпадений",1,1,17200.0,213000.0,0.00028954444260628927,12.383720930232558,3,False,False
100000002891765100,terminal,0.9,38,0.01989236274602117,"in_deg=1, out_deg=0, in_kzt=55576, pass_through=0; depth=3: нет выхода",1,0,55576.0,0.0,0.0003026355257742812,0.0,3,False,False
100000001740277100,peripheral,0.4,2,0.024550923143857845,"in_deg=1, out_deg=1, in_kzt=8700, pass_through=0.5747; Нет совпадений",1,1,8700.0,5000.0,0.0003735092522064287,0.5747126436781609,3,False,False
100000002232266100,terminal,0.9,7,0.01945891819129152,"in_deg=1, out_deg=0, in_kzt=45000, pass_through=0; depth=3: нет выхода",1,0,45000.0,0.0,0.00029604125025309687,0.0,3,False,False
100000006701983100,terminal,0.9,20,0.019132833011504854,"in_deg=1, out_deg=0, in_kzt=27000, pass_through=0; depth=3: нет выхода",1,0,27000.0,0.0,0.00029108030312520087,0.0,3,False,False
100000002871199100,terminal,0.9,38,0.019287605896840563,"in_deg=1, out_deg=0, in_kzt=23186, pass_through=0; depth=3: нет выхода",1,0,23186.0,0.0,0.0002934349642646145,0.0,3,False,False
100000002757791100,terminal,0.9,2,0.02053589980489358,"in_deg=1, out_deg=0, in_kzt=73050, pass_through=0; depth=3: нет выхода",1,0,73050.0,0.0,0.00031242607597958756,0.0,3,False,False
100000000572276100,peripheral,0.4,20,0.019035718637910464,"in_deg=1, out_deg=1, in_kzt=13075, pass_through=2.642; Нет совпадений",1,1,13075.0,34547.0,0.0002888979707041964,2.6422179732313578,3,False,False
100000001853812100,terminal,0.9,7,0.01979459617013217,"in_deg=1, out_deg=0, in_kzt=70000, pass_through=0; depth=3: нет выхода",1,0,70000.0,0.0,0.0003011481389075182,0.0,3,False,False
100000004726132100,peripheral,0.4,0,0.021539349656326718,"in_deg=1, out_deg=1, in_kzt=349000, pass_through=0.06877; Нет совпадений",1,1,349000.0,24000.0,0.0003179247592504452,0.06876790830945559,3,False,False
100000001785161100,terminal,0.9,31,0.021867524865580815,"in_deg=2, out_deg=0, in_kzt=30000, pass_through=0; depth=3: нет выхода",2,0,30000.0,0.0,0.0003326849590253383,0.0,3,False,False
100000002612809100,peripheral,0.4,24,0.02832733535270082,"in_deg=1, out_deg=3, in_kzt=30000, pass_through=3.8; Нет совпадений",1,3,30000.0,114000.0,0.0004301567178849599,3.8,3,False,False
100000008769097100,terminal,0.9,20,0.019175068353975915,"in_deg=1, out_deg=0, in_kzt=31100, pass_through=0; depth=3: нет выхода",1,0,31100.0,0.0,0.0002917228570157659,0.0,3,False,False
100000004488265100,terminal,0.9,7,0.01937486442538982,"in_deg=1, out_deg=0, in_kzt=38740, pass_through=0; depth=3: нет выхода",1,0,38740.0,0.0,0.00029476248533402975,0.0,3,False,False
100000002509598100,terminal,0.9,22,0.019815302049538214,"in_deg=1, out_deg=0, in_kzt=305550, pass_through=0; depth=3: нет выхода",1,0,305550.0,0.0,0.0003014631509943513,0.0,3,False,False
100000008706846100,terminal,0.9,20,0.0190009763325708,"in_deg=1, out_deg=0, in_kzt=14200, pass_through=0; depth=3: нет выхода",1,0,14200.0,0.0,0.000289074281222949,0.0,3,False,False
100000001280798100,terminal,0.9,16,0.019439632563455357,"in_deg=1, out_deg=0, in_kzt=23785, pass_through=0; depth=3: нет выхода",1,0,23785.0,0.0,0.0002957478453823632,0.0,3,False,False
100000006664478100,transit,0.8,2,0.04076045573922379,"in_deg=1, out_deg=2, in_kzt=55000, pass_through=1.091; Вход близок к выходу",1,2,55000.0,60000.0,0.0006195113014954258,1.0909090909090908,3,False,False
100000003781406100,terminal,0.9,6,0.04771735808136201,"in_deg=1, out_deg=0, in_kzt=45000, pass_through=0; depth=3: нет выхода",1,0,45000.0,0.0,0.0007259553797550315,0.0,3,False,False
100000008708595100,terminal,0.9,20,0.019031880241695966,"in_deg=1, out_deg=0, in_kzt=17200, pass_through=0; depth=3: нет выхода",1,0,17200.0,0.0,0.00028954444260628927,0.0,3,False,False
100000004611571100,terminal,0.9,0,0.018938525631676653,"in_deg=1, out_deg=0, in_kzt=22550, pass_through=0; depth=3: нет выхода",1,0,22550.0,0.0,0.00028812417786210754,0.0,3,False,False
100000008576243100,terminal,0.9,0,0.10899680558143073,"in_deg=2, out_deg=0, in_kzt=82920, pass_through=0; depth=3: нет выхода",2,0,82920.0,0.0,0.0016582396966117689,0.0,3,False,False
100000008662216100,terminal,0.9,20,0.019124591969071472,"in_deg=1, out_deg=0, in_kzt=26200, pass_through=0; depth=3: нет выхода",1,0,26200.0,0.0,0.0002909549267563101,0.0,3,False,False
100000002681544100,terminal,0.9,2,0.022164472899005718,"in_deg=2, out_deg=0, in_kzt=166072, pass_through=0; depth=3: нет выхода",2,0,166072.0,0.0,0.00033720262368742873,0.0,3,False,False
100000007864477100,peripheral,0.4,0,0.0351413414822377,"in_deg=2, out_deg=6, in_kzt=76000, pass_through=2.678; Нет совпадений",2,6,76000.0,203500.0,0.0003061302993907704,2.6776315789473686,3,False,False
100000004746397100,peripheral,0.4,9,0.04162987463163377,"in_deg=1, out_deg=1, in_kzt=219520, pass_through=0.03417; Нет совпадений",1,1,219520.0,7500.0,0.00029399130378931246,0.03416545189504373,3,False,False
100000003814002100,terminal,0.9,9,0.018918857336858396,"in_deg=1, out_deg=0, in_kzt=30000, pass_through=0; depth=3: нет выхода",1,0,30000.0,0.0,0.00028782495122827806,0.0,3,False,False
100000003962994100,terminal,0.9,17,0.03176870112477283,"in_deg=1, out_deg=0, in_kzt=10000, pass_through=0; depth=3: нет выхода",1,0,10000.0,0.0,0.00048331802967873505,0.0,3,False,False
100000003366471100,peripheral,0.4,7,0.024440981873593278,"in_deg=2, out_deg=1, in_kzt=329789, pass_through=0.06064; Нет совпадений",2,1,329789.0,20000.0,0.0003620691880891814,0.0606448365470043,3,False,False
100000003561031100,peripheral,0.4,7,0.01967529755874665,"in_deg=1, out_deg=1, in_kzt=13300, pass_through=0.3759; Нет совпадений",1,1,13300.0,5000.0,0.00028956571543929053,0.37593984962406013,3,False,False
100000001690439100,terminal,0.9,0,0.031493372794267,"in_deg=1, out_deg=0, in_kzt=14200, pass_through=0; depth=3: нет выхода",1,0,14200.0,0.0,0.00047912927969830094,0.0,3,False,False
100000002954780100,terminal,0.9,4,0.019308353799655578,"in_deg=1, out_deg=0, in_kzt=133400, pass_through=0; depth=3: нет выхода",1,0,133400.0,0.0,0.0002937506156810553,0.0,3,False,False
100000008720668100,terminal,0.9,20,0.019019518678045903,"in_deg=1, out_deg=0, in_kzt=16000, pass_through=0; depth=3: нет выхода",1,0,16000.0,0.0,0.0002893563780529532,0.0,3,False,False
100000002459164100,terminal,0.9,0,0.03577034673728252,"in_deg=1, out_deg=0, in_kzt=20000, pass_through=0; depth=3: нет выхода",1,0,20000.0,0.0,0.0005441976818028372,0.0,3,False,False
100000005082652100,terminal,0.9,2,0.026935188117451256,"in_deg=1, out_deg=0, in_kzt=30000, pass_through=0; depth=3: нет выхода",1,0,30000.0,0.0,0.0004097826347644142,0.0,3,False,False
100000005041905100,peripheral,0.4,20,0.018906204344586952,"in_deg=1, out_deg=1, in_kzt=5000, pass_through=216.1; Нет совпадений",1,1,5000.0,1080351.0,0.0002876324529807055,216.0702,3,False,False
100000008653041100,terminal,0.9,20,0.019143134314546575,"in_deg=1, out_deg=0, in_kzt=28000, pass_through=0; depth=3: нет выхода",1,0,28000.0,0.0,0.0002912370235863143,0.0,3,False,False
100000008722417100,peripheral,0.4,9,0.02149057298100798,"in_deg=1, out_deg=3, in_kzt=331900, pass_through=2.169; Нет совпадений",1,3,331900.0,720000.0,0.0002976477764613737,2.16932811087677,3,False,False
100000008625905100,peripheral,0.4,42,0.037323856506176485,"in_deg=1, out_deg=2, in_kzt=197800, pass_through=3.21; Нет совпадений",1,2,197800.0,635000.0,0.0005476931582077994,3.210313447927199,3,False,False
100000007487729100,terminal,0.9,1,0.0194187681017492,"in_deg=1, out_deg=0, in_kzt=25000, pass_through=0; depth=3: нет выхода",1,0,25000.0,0.0,0.00029543042067927186,0.0,3,False,False
100000000838385100,peripheral,0.4,14,0.12820673618022918,"in_deg=1, out_deg=2, in_kzt=436900, pass_through=0.4063; Нет совпадений",1,2,436900.0,177500.0,0.001939416439649783,0.40627145799954223,3,False,False
100000004750321100,terminal,0.9,16,0.02063452755894009,"in_deg=2, out_deg=0, in_kzt=50185, pass_through=0; depth=3: нет выхода",2,0,50185.0,0.0,0.0003139265645129456,0.0,3,False,False
100000008664774100,terminal,0.9,20,0.019022609068958418,"in_deg=1, out_deg=0, in_kzt=16300, pass_through=0; depth=3: нет выхода",1,0,16300.0,0.0,0.00028940339419128723,0.0,3,False,False
100000006274203100,peripheral,0.4,9,0.0679738916892802,"in_deg=2, out_deg=3, in_kzt=3.41751e+06, pass_through=0.02107; Нет совпадений",2,3,3417512.0,72000.0,0.0006348128592595731,0.02106795821053445,3,False,False
100000002185328100,peripheral,0.4,30,0.025287133677602103,"in_deg=1, out_deg=4, in_kzt=15000, pass_through=3.667; Нет совпадений",1,4,15000.0,55000.0,0.0003533934292326028,3.6666666666666665,3,False,False
100000008254576100,peripheral,0.4,36,0.0199125892240591,"in_deg=1, out_deg=1, in_kzt=8000, pass_through=7.5; Нет совпадений",1,1,8000.0,60000.0,0.00029297439791449724,7.5,3,False,False
100000001689968100,terminal,0.9,9,0.022390659624783475,"in_deg=3, out_deg=0, in_kzt=344334, pass_through=0; depth=3: нет выхода",3,0,344333.75,0.0,0.0003406437502922915,0.0,3,False,False
100000002236528100,terminal,0.9,2,0.02028510814537931,"in_deg=1, out_deg=0, in_kzt=66000, pass_through=0; depth=3: нет выхода",1,0,66000.0,0.0,0.00030861061842404474,0.0,3,False,False
100000002670960100,terminal,0.9,22,0.020364721763218917,"in_deg=1, out_deg=0, in_kzt=480310, pass_through=0; depth=3: нет выхода",1,0,480310.0,0.0,0.00030982183246640386,0.0,3,False,False
100000003557488100,peripheral,0.4,34,0.039007802420240704,"in_deg=1, out_deg=2, in_kzt=664992, pass_through=0.2075; Нет совпадений",1,2,664992.0,138000.0,0.000583381670763393,0.20752129348924497,3,False,False
100000003888197100,terminal,0.9,9,0.0190325629546648,"in_deg=1, out_deg=0, in_kzt=83167, pass_through=0; depth=3: нет выхода",1,0,83167.0,0.0,0.00028955482916523726,0.0,3,False,False
100000002799941100,terminal,0.9,40,0.025627307127061086,"in_deg=1, out_deg=0, in_kzt=600000, pass_through=0; depth=3: нет выхода",1,0,600000.0,0.0,0.0003898849857907604,0.0,3,False,False
100000001632325100,terminal,0.9,20,0.019736489369749803,"in_deg=1, out_deg=0, in_kzt=85600, pass_through=0; depth=3: нет выхода",1,0,85600.0,0.0,0.0003002641221464476,0.0,3,False,False
100000008620570100,peripheral,0.4,1,0.024116058329021164,"in_deg=2, out_deg=2, in_kzt=145000, pass_through=0.2193; Нет совпадений",2,2,145000.0,31800.0,0.0003500808305991265,0.2193103448275862,3,False,False
100000005308954100,peripheral,0.4,3,0.024392712511169017,"in_deg=1, out_deg=1, in_kzt=69020, pass_through=0.4347; Нет совпадений",1,1,69020.0,30000.0,0.0003610327484487227,0.43465662126919735,3,False,False
100000008468762100,terminal,0.9,33,0.020494120984410114,"in_deg=2, out_deg=0, in_kzt=170000, pass_through=0; depth=3: нет выхода",2,0,170000.0,0.0,0.00031179046745662456,0.0,3,False,False
100000002305007100,terminal,0.9,20,0.019431570799714814,"in_deg=1, out_deg=0, in_kzt=56000, pass_through=0; depth=3: нет выхода",1,0,56000.0,0.0,0.00029562519649749025,0.0,3,False,False
100000008314863100,terminal,0.9,1,0.034136085381843005,"in_deg=1, out_deg=0, in_kzt=12000, pass_through=0; depth=3: нет выхода",1,0,12000.0,0.0,0.0005193345948548097,0.0,3,False,False
100000005709551100,terminal,0.9,11,0.019454736413290322,"in_deg=1, out_deg=0, in_kzt=24560, pass_through=0; depth=3: нет выхода",1,0,24560.0,0.0,0.00029597763012912157,0.0,3,False,False
100000008297199100,terminal,0.9,0,0.019582339345517754,"in_deg=1, out_deg=0, in_kzt=42268, pass_through=0; depth=3: нет выхода",1,0,42268.0,0.0,0.0002979189370004088,0.0,3,False,False
100000003271151100,terminal,0.9,7,0.020563889534920037,"in_deg=1, out_deg=0, in_kzt=127294, pass_through=0; depth=3: нет выхода",1,0,127294.0,0.0,0.00031285190205017496,0.0,3,False,False
100000007005380100,terminal,0.9,9,0.020011536143687114,"in_deg=1, out_deg=0, in_kzt=9400, pass_through=0; depth=3: нет выхода",1,0,9400.0,0.0,0.00030444858862264273,0.0,3,False,False
100000004451012100,transit,0.8,40,0.0218106995221987,"in_deg=1, out_deg=3, in_kzt=91245, pass_through=0.7205; Вход близок к выходу",1,3,91245.0,65740.0,0.0003025180709228466,0.7204778344018851,3,False,False
100000004779204100,peripheral,0.4,0,0.01960991228774993,"in_deg=1, out_deg=1, in_kzt=30450, pass_through=0.6568; Нет совпадений",1,1,30450.0,20000.0,0.00028857096654401695,0.6568144499178982,3,False,False
100000002793881100,terminal,0.9,4,0.024763484018719525,"in_deg=3, out_deg=0, in_kzt=785600, pass_through=0; depth=3: нет выхода",3,0,785600.0,0.0,0.0003767430798288248,0.0,3,False,False
100000008671129100,terminal,0.9,20,0.019124591969071472,"in_deg=1, out_deg=0, in_kzt=26200, pass_through=0; depth=3: нет выхода",1,0,26200.0,0.0,0.0002909549267563101,0.0,3,False,False
100000002095257100,terminal,0.9,6,0.02618868525505402,"in_deg=1, out_deg=0, in_kzt=8500, pass_through=0; depth=3: нет выхода",1,0,8500.0,0.0,0.00039842559844157813,0.0,3,False,False
100000002194329100,terminal,0.9,0,0.018948265269903775,"in_deg=1, out_deg=0, in_kzt=25170, pass_through=0; depth=3: нет выхода",1,0,25170.0,0.0,0.00028827235334901927,0.0,3,False,False
100000001884825100,terminal,0.9,4,0.022454255697696185,"in_deg=3, out_deg=0, in_kzt=495000, pass_through=0; depth=3: нет выхода",3,0,495000.0,0.0,0.00034161127894682334,0.0,3,False,False
100000008692291100,transit,0.8,39,0.022470226112989558,"in_deg=3, out_deg=3, in_kzt=160000, pass_through=0.975; Вход близок к выходу",3,3,160000.0,156000.0,0.00030922893150241496,0.975,3,False,False
100000002697752100,terminal,0.9,7,0.02175905689503706,"in_deg=2, out_deg=0, in_kzt=190785, pass_through=0; depth=3: нет выхода",2,0,190785.0,0.0,0.00033103476484205836,0.0,3,False,False
100000007170072100,transit,0.8,7,0.021596513641032117,"in_deg=1, out_deg=2, in_kzt=100000, pass_through=0.995; Вход близок к выходу",1,2,100000.0,99500.0,0.00030902697667828963,0.995,3,False,False
100000002373144100,peripheral,0.4,0,0.019768685527668178,"in_deg=1, out_deg=1, in_kzt=46468, pass_through=0.2316; Нет совпадений",1,1,46468.0,10764.0,0.0002909864876942712,0.2316432813979513,3,False,False
100000000287768100,terminal,0.9,0,0.01906052966229738,"in_deg=1, out_deg=0, in_kzt=35168, pass_through=0; depth=3: нет выхода",1,0,35168.0,0.0,0.0002899803049810879,0.0,3,False,False
100000004508696100,peripheral,0.4,17,0.02920501323755414,"in_deg=1, out_deg=3, in_kzt=7000, pass_through=15.86; Нет совпадений",1,3,7000.0,111000.0,0.000424377275977656,15.857142857142858,3,False,False
100000008688109100,terminal,0.9,20,0.01898655450831239,"in_deg=1, out_deg=0, in_kzt=12800, pass_through=0; depth=3: нет выхода",1,0,12800.0,0.0,0.00028885487257739024,0.0,3,False,False
100000008724461100,transit,0.8,4,0.019943066344193766,"in_deg=1, out_deg=1, in_kzt=100111, pass_through=1.299; Вход близок к выходу",1,1,100111.0,130000.0,0.0002920283304090765,1.298558599954051,3,False,False
100000001714413100,terminal,0.9,9,0.019389728239555044,"in_deg=1, out_deg=0, in_kzt=250172, pass_through=0; depth=3: нет выхода",1,0,250172.0,0.0,0.0002949886182611404,0.0,3,False,False
100000008672493100,terminal,0.9,20,0.018998916071962454,"in_deg=1, out_deg=0, in_kzt=14000, pass_through=0; depth=3: нет выхода",1,0,14000.0,0.0,0.0002890429371307263,0.0,3,False,False
100000003241965100,terminal,0.9,16,0.019223586667349968,"in_deg=1, out_deg=0, in_kzt=15000, pass_through=0; depth=3: нет выхода",1,0,15000.0,0.0,0.00029246099785228244,0.0,3,False,False
100000002241986100,peripheral,0.4,28,0.023305634166942743,"in_deg=1, out_deg=6, in_kzt=280000, pass_through=10.99; Нет совпадений",1,6,280000.0,3077000.0,0.00029595912250444213,10.989285714285714,3,False,False
100000004140994100,terminal,0.9,20,0.019046817131106467,"in_deg=1, out_deg=0, in_kzt=18650, pass_through=0; depth=3: нет выхода",1,0,18650.0,0.0,0.0002897716872749038,0.0,3,False,False
100000008489922100,coordinator,0.8,4,0.26781294428518243,"in_deg=3, out_deg=36, in_kzt=262010, pass_through=14.46; BC=0.000887 >= p95=0.000158",3,36,262010.0,3789900.0,0.000588448956595591,14.464715087210411,3,False,False
100000001252290100,peripheral,0.4,9,0.019798277252410946,"in_deg=1, out_deg=1, in_kzt=141005, pass_through=0.03546; Нет совпадений",1,1,141005.0,5000.0,0.0002914366859583204,0.03545973547037339,3,False,False
100000008667799100,terminal,0.9,20,0.01920494213279691,"in_deg=1, out_deg=0, in_kzt=34000, pass_through=0; depth=3: нет выхода",1,0,34000.0,0.0,0.00029217734635299486,0.0,3,False,False
100000008684951100,terminal,0.9,20,0.019031880241695966,"in_deg=1, out_deg=0, in_kzt=17200, pass_through=0; depth=3: нет выхода",1,0,17200.0,0.0,0.00028954444260628927,0.0,3,False,False
100000006126743100,terminal,0.9,9,0.01897232359309178,"in_deg=1, out_deg=0, in_kzt=55000, pass_through=0; depth=3: нет выхода",1,0,55000.0,0.0,0.0002886383683558945,0.0,3,False,False
100000003009900100,terminal,0.9,16,0.019248130071369687,"in_deg=1, out_deg=0, in_kzt=15998, pass_through=0; depth=3: нет выхода",1,0,15998.0,0.0,0.00029283439271113516,0.0,3,False,False
100000001745217100,terminal,0.9,0,0.019147338629138116,"in_deg=1, out_deg=0, in_kzt=50000, pass_through=0; depth=3: нет выхода",1,0,50000.0,0.0,0.0002913009865741794,0.0,3,False,False
100000002886166100,terminal,0.9,32,0.021430259966734075,"in_deg=1, out_deg=0, in_kzt=185000, pass_through=0; depth=3: нет выхода",1,0,185000.0,0.0,0.0003260325621102664,0.0,3,False,False
100000002956779100,terminal,0.9,1,0.026612792321479367,"in_deg=1, out_deg=0, in_kzt=411000, pass_through=0; depth=3: нет выхода",1,0,411000.0,0.0,0.0004048778166456673,0.0,3,False,False
100000008568512100,terminal,0.9,9,0.019281657965155633,"in_deg=1, out_deg=0, in_kzt=199640, pass_through=0; depth=3: нет выхода",1,0,199640.0,0.0,0.0002933444744894319,0.0,3,False,False
100000008583360100,peripheral,0.4,16,0.022271818416885632,"in_deg=1, out_deg=1, in_kzt=112843, pass_through=1.507; Нет совпадений",1,1,112843.0,170000.0,0.00032906828560250314,1.5065179054083992,3,False,False
100000001130176100,terminal,0.9,0,0.03684042567215739,"in_deg=1, out_deg=0, in_kzt=25000, pass_through=0; depth=3: нет выхода",1,0,25000.0,0.0,0.0005604774925629045,0.0,3,False,False
100000001145749100,terminal,0.9,1,0.03158918745643224,"in_deg=1, out_deg=0, in_kzt=10000, pass_through=0; depth=3: нет выхода",1,0,10000.0,0.0,0.00048058697082486453,0.0,3,False,False
100000005367445100,transit,0.8,39,0.12290410852483423,"in_deg=1, out_deg=1, in_kzt=5000, pass_through=1; Вход близок к выходу",1,1,5000.0,5000.0,0.0018698205928640741,1.0,3,False,False
100000003917461100,peripheral,0.4,6,0.027024514835346583,"in_deg=1, out_deg=2, in_kzt=10000, pass_through=14; Нет совпадений",1,2,10000.0,140000.0,0.00040087068779351426,14.0,3,False,False
100000008200810100,terminal,0.9,22,0.02034802790490097,"in_deg=1, out_deg=0, in_kzt=475000, pass_through=0; depth=3: нет выхода",1,0,475000.0,0.0,0.00030956785788059134,0.0,3,False,False
100000002554175100,terminal,0.9,16,0.019460191968024974,"in_deg=1, out_deg=0, in_kzt=24621, pass_through=0; depth=3: нет выхода",1,0,24621.0,0.0,0.00029606062905170266,0.0,3,False,False
100000008751380100,terminal,0.9,4,0.020649927573804655,"in_deg=2, out_deg=0, in_kzt=345780, pass_through=0; depth=3: нет выхода",2,0,345780.0,0.0,0.0003141608550120167,0.0,3,False,False
100000004071444100,peripheral,0.4,0,0.020944410910415073,"in_deg=1, out_deg=1, in_kzt=247350, pass_through=0.4043; Нет совпадений",1,1,247350.0,100000.0,0.0003088735669676946,0.40428542551041036,3,False,False
100000001141268100,peripheral,0.4,33,0.024836667304135678,"in_deg=2, out_deg=1, in_kzt=480000, pass_through=0.02083; Нет совпадений",2,1,480000.0,10000.0,0.0003664778826493085,0.020833333333333332,3,False,False
100000002645993100,peripheral,0.4,0,0.022501280389948107,"in_deg=2, out_deg=5, in_kzt=49650, pass_through=1.752; Нет совпадений",2,5,49650.0,86980.0,0.0002946201224048177,1.7518630412890233,3,False,False
100000002546921100,terminal,0.9,38,0.019228119780091896,"in_deg=1, out_deg=0, in_kzt=20000, pass_through=0; depth=3: нет выхода",1,0,20000.0,0.0,0.00029252996306147164,0.0,3,False,False
100000008753897100,terminal,0.9,20,0.01910244416753177,"in_deg=1, out_deg=0, in_kzt=24050, pass_through=0; depth=3: нет выхода",1,0,24050.0,0.0,0.00029061797776491625,0.0,3,False,False
100000000870121100,terminal,0.9,11,0.020841706606944354,"in_deg=1, out_deg=0, in_kzt=12000, pass_through=0; depth=3: нет выхода",1,0,12000.0,0.0,0.0003170785148831813,0.0,3,False,False
100000003171006100,terminal,0.9,4,0.02211553902493431,"in_deg=2, out_deg=0, in_kzt=485000, pass_through=0; depth=3: нет выхода",2,0,485000.0,0.0,0.0003364581606542109,0.0,3,False,False
100000001690558100,terminal,0.9,40,0.027207582629853722,"in_deg=1, out_deg=0, in_kzt=740000, pass_through=0; depth=3: нет выхода",1,0,740000.0,0.0,0.00041392675065107223,0.0,3,False,False
100000008667795100,terminal,0.9,20,0.01920494213279691,"in_deg=1, out_deg=0, in_kzt=34000, pass_through=0; depth=3: нет выхода",1,0,34000.0,0.0,0.00029217734635299486,0.0,3,False,False
100000005674387100,terminal,0.9,20,0.019124591969071472,"in_deg=1, out_deg=0, in_kzt=26200, pass_through=0; depth=3: нет выхода",1,0,26200.0,0.0,0.0002909549267563101,0.0,3,False,False
100000003636627100,peripheral,0.4,2,0.1320174100606068,"in_deg=1, out_deg=1, in_kzt=77000, pass_through=0.1299; Нет совпадений",1,1,77000.0,10000.0,0.0020084672100121426,0.12987012987012986,3,False,False
100000001275752100,terminal,0.9,4,0.019369906821109985,"in_deg=1, out_deg=0, in_kzt=151500, pass_through=0; depth=3: нет выхода",1,0,151500.0,0.0,0.0002946870620574203,0.0,3,False,False
100000002459240100,terminal,0.9,9,0.019175495366778636,"in_deg=1, out_deg=0, in_kzt=150000, pass_through=0; depth=3: нет выхода",1,0,150000.0,0.0,0.00029172935344083683,0.0,3,False,False
100000002644285100,terminal,0.9,22,0.02042662422466532,"in_deg=1, out_deg=0, in_kzt=500000, pass_through=0; depth=3: нет выхода",1,0,500000.0,0.0,0.00031076359510193093,0.0,3,False,False
100000005186109100,terminal,0.9,3,0.0399984745382118,"in_deg=1, out_deg=0, in_kzt=5000, pass_through=0; depth=3: нет выхода",1,0,5000.0,0.0,0.0006085229555982302,0.0,3,False,False
100000005317181100,peripheral,0.4,0,0.02192832859338197,"in_deg=1, out_deg=1, in_kzt=141250, pass_through=0.1027; Нет совпадений",1,1,141250.0,14500.0,0.00032384255024560404,0.10265486725663717,3,False,False
100000003001661100,peripheral,0.4,14,0.03886286797879828,"in_deg=1, out_deg=5, in_kzt=110000, pass_through=3.995; Нет совпадений",1,5,110000.0,439500.0,0.0005489541541645929,3.9954545454545456,3,False,False
100000000288317100,peripheral,0.4,1,0.022600107724788748,"in_deg=2, out_deg=3, in_kzt=100000, pass_through=0.535; Нет совпадений",2,3,100000.0,53500.0,0.0003142257679922481,0.535,3,False,False
100000004368189100,peripheral,0.4,22,0.020156486155156292,"in_deg=1, out_deg=2, in_kzt=384600, pass_through=0.07332; Нет совпадений",1,2,384600.0,28200.0,0.00030524407208822724,0.07332293291731669,3,False,False
100000004493586100,terminal,0.9,0,0.019057349450587926,"in_deg=1, out_deg=0, in_kzt=7500, pass_through=0; depth=3: нет выхода",1,0,7500.0,0.0,0.00028993192234021955,0.0,3,False,False
100000004114962100,terminal,0.9,9,0.04695356889069608,"in_deg=2, out_deg=0, in_kzt=165000, pass_through=0; depth=3: нет выхода",2,0,165000.0,0.0,0.0007143353552134958,0.0,3,False,False
100000008088082100,transit,0.8,11,0.0204529184251902,"in_deg=1, out_deg=1, in_kzt=39138, pass_through=1.278; Вход близок к выходу",1,1,39138.0,50000.0,0.0003013961703115388,1.2775307884920026,3,False,False
100000008595687100,peripheral,0.4,3,0.080185111348926,"in_deg=1, out_deg=1, in_kzt=64395, pass_through=0.1615; Нет совпадений",1,1,64395.0,10400.0,0.00030621915315198246,0.161503222299868,3,False,False
100000001248999100,terminal,0.9,26,0.01909804987734982,"in_deg=1, out_deg=0, in_kzt=23425, pass_through=0; depth=3: нет выхода",1,0,23425.0,0.0,0.0002905511245541339,0.0,3,False,False
100000002736316100,terminal,0.9,0,0.025339460908635588,"in_deg=3, out_deg=0, in_kzt=266921, pass_through=0; depth=3: нет выхода",3,0,266921.0,0.0,0.00038550579299362716,0.0,3,False,False
100000008596924100,terminal,0.9,2,0.027465851870112634,"in_deg=1, out_deg=0, in_kzt=100000, pass_through=0; depth=3: нет выхода",1,0,100000.0,0.0,0.00041785596953346536,0.0,3,False,False
100000008598972100,terminal,0.9,7,0.01941882544808317,"in_deg=1, out_deg=0, in_kzt=120000, pass_through=0; depth=3: нет выхода",1,0,120000.0,0.0,0.00029543129312656,0.0,3,False,False
100000002769809100,terminal,0.9,40,0.02493903736852865,"in_deg=1, out_deg=0, in_kzt=113422, pass_through=0; depth=3: нет выхода",1,0,113422.0,0.0,0.00037941388776648657,0.0,3,False,False
100000003089553100,terminal,0.9,39,0.020275455105027883,"in_deg=1, out_deg=0, in_kzt=150000, pass_through=0; depth=3: нет выхода",1,0,150000.0,0.0,0.00030846376040725846,0.0,3,False,False
100000002343825100,consolidator,0.8,39,0.22345478799832302,"in_deg=3, out_deg=2, in_kzt=350000, pass_through=0.2566; Средства накапливаются",3,2,350000.0,89800.0,0.0003350828207250554,0.25657142857142856,3,False,False
100000002015633100,terminal,0.9,9,0.01905780544355771,"in_deg=1, out_deg=0, in_kzt=94970, pass_through=0; depth=3: нет выхода",1,0,94970.0,0.0,0.00028993885965952754,0.0,3,False,False
100000002906470100,terminal,0.9,40,0.020322096510542932,"in_deg=1, out_deg=0, in_kzt=130000, pass_through=0; depth=3: нет выхода",1,0,130000.0,0.0,0.00030917334661685646,0.0,3,False,False
100000005628518100,terminal,0.9,40,0.03518729733172917,"in_deg=1, out_deg=0, in_kzt=77000, pass_through=0; depth=3: нет выхода",1,0,77000.0,0.0,0.0005353273698316103,0.0,3,False,False
100000002958139100,terminal,0.9,4,0.019825375011090732,"in_deg=1, out_deg=0, in_kzt=209500, pass_through=0; depth=3: нет выхода",1,0,209500.0,0.0,0.0003016163975470345,0.0,3,False,False
100000008754747100,terminal,0.9,20,0.01932340711777672,"in_deg=1, out_deg=0, in_kzt=45500, pass_through=0; depth=3: нет выхода",1,0,45500.0,0.0,0.0002939796316557992,0.0,3,False,False
100000008776720100,terminal,0.9,20,0.019124076903919388,"in_deg=1, out_deg=0, in_kzt=26150, pass_through=0; depth=3: нет выхода",1,0,26150.0,0.0,0.00029094709073325446,0.0,3,False,False
100000008576528100,terminal,0.9,9,0.018914580036359725,"in_deg=1, out_deg=0, in_kzt=28000, pass_through=0; depth=3: нет выхода",1,0,28000.0,0.0,0.00028775987785806874,0.0,3,False,False
100000004603109100,consolidator,0.8,19,0.4121581433298602,"in_deg=3, out_deg=2, in_kzt=2.73e+06, pass_through=0.1465; Средства накапливаются",3,2,2730000.0,400000.0,0.0032273481702142,0.14652014652014653,3,False,False
100000008721637100,peripheral,0.4,2,0.05495977680339716,"in_deg=1, out_deg=2, in_kzt=24041, pass_through=5.283; Нет совпадений",1,2,24041.0,127000.0,0.00029175983908077616,5.282642152988644,3,False,False
100000004491749100,terminal,0.9,2,0.023160274849745487,"in_deg=1, out_deg=0, in_kzt=50000, pass_through=0; depth=3: нет выхода",1,0,50000.0,0.0,0.00035235241010430187,0.0,3,False,False
100000005171642100,transit,0.8,2,0.1859019866072299,"in_deg=2, out_deg=1, in_kzt=696800, pass_through=0.9811; Вход близок к выходу",2,1,696800.0,683600.0,0.0028280471273330193,0.9810562571756601,3,False,False
100000008682426100,terminal,0.9,38,0.019228119780091896,"in_deg=1, out_deg=0, in_kzt=20000, pass_through=0; depth=3: нет выхода",1,0,20000.0,0.0,0.00029252996306147164,0.0,3,False,False
100000006209210100,terminal,0.9,2,0.02382019385830711,"in_deg=1, out_deg=0, in_kzt=229111, pass_through=0; depth=3: нет выхода",1,0,229111.0,0.0,0.00036239218962543673,0.0,3,False,False
100000003888527100,terminal,0.9,62,0.02420774053198519,"in_deg=1, out_deg=0, in_kzt=30000, pass_through=0; depth=3: нет выхода",1,0,30000.0,0.0,0.000368288190661015,0.0,3,False,False
100000008490127100,peripheral,0.4,9,0.023630185035530615,"in_deg=1, out_deg=6, in_kzt=431755, pass_through=2.138; Нет совпадений",1,6,431755.0,923000.0,0.00030089672715249917,2.137786476126507,3,False,False
100000004336228100,terminal,0.9,7,0.0195449457437088,"in_deg=1, out_deg=0, in_kzt=51407, pass_through=0; depth=3: нет выхода",1,0,51407.0,0.0,0.00029735004367745195,0.0,3,False,False
100000006844004100,terminal,0.9,0,0.03600881524392098,"in_deg=1, out_deg=0, in_kzt=20600, pass_through=0; depth=3: нет выхода",1,0,20600.0,0.0,0.0005478256591732767,0.0,3,False,False
100000001688676100,terminal,0.9,40,0.02036386093454531,"in_deg=1, out_deg=0, in_kzt=133700, pass_through=0; depth=3: нет выхода",1,0,133700.0,0.0,0.00030980873611673616,0.0,3,False,False
100000008712036100,terminal,0.9,20,0.019071025193254515,"in_deg=1, out_deg=0, in_kzt=21000, pass_through=0; depth=3: нет выхода",1,0,21000.0,0.0,0.0002901399803585203,0.0,3,False,False
100000004697956100,transit,0.8,2,0.030943140043146373,"in_deg=1, out_deg=1, in_kzt=10000, pass_through=1; Вход близок к выходу",1,1,10000.0,10000.0,0.00047075822895587834,1.0,3,False,False
100000004921657100,peripheral,0.4,1,0.023852743162749174,"in_deg=1, out_deg=1, in_kzt=8300, pass_through=2.673; Нет совпадений",1,1,8300.0,22190.0,0.0003628873834839632,2.6734939759036145,3,False,False
100000000408846100,terminal,0.9,13,0.0195248376664332,"in_deg=1, out_deg=0, in_kzt=40500, pass_through=0; depth=3: нет выхода",1,0,40500.0,0.0,0.0002970441263454433,0.0,3,False,False
100000003406094100,peripheral,0.4,3,0.05265333163345058,"in_deg=1, out_deg=3, in_kzt=70000, pass_through=0.6714; Нет совпадений",1,3,70000.0,47000.0,0.0007813132717932325,0.6714285714285714,3,False,False
100000008695566100,terminal,0.9,20,0.019201851741884393,"in_deg=1, out_deg=0, in_kzt=33700, pass_through=0; depth=3: нет выхода",1,0,33700.0,0.0,0.00029213033021466083,0.0,3,False,False
100000005974542100,terminal,0.9,27,0.03193514585885963,"in_deg=1, out_deg=0, in_kzt=94500, pass_through=0; depth=3: нет выхода",1,0,94500.0,0.0,0.00048585026228759374,0.0,3,False,False
100000001887715100,peripheral,0.4,33,0.04900784875432036,"in_deg=3, out_deg=1, in_kzt=1.3315e+06, pass_through=0.5633; Нет совпадений",3,1,1331500.0,750000.0,0.0007341091806669109,0.5632745024408562,3,False,False
100000002472632100,peripheral,0.4,12,0.06572598686052396,"in_deg=2, out_deg=1, in_kzt=502400, pass_through=0.03981; Нет совпадений",2,1,502400.0,20000.0,0.0009897621912287574,0.03980891719745223,3,False,False
100000004629688100,peripheral,0.4,3,0.025616144092269116,"in_deg=1, out_deg=1, in_kzt=5000, pass_through=3; Нет совпадений",1,1,5000.0,15000.0,0.00038971515524088374,3.0,3,False,False
100000002459832100,terminal,0.9,7,0.025957496664803643,"in_deg=2, out_deg=0, in_kzt=880606, pass_through=0; depth=3: нет выхода",2,0,880606.0,0.0,0.0003949083752008431,0.0,3,False,False
100000006100920100,terminal,0.9,0,0.0215567194455062,"in_deg=1, out_deg=0, in_kzt=100000, pass_through=0; depth=3: нет выхода",1,0,100000.0,0.0,0.000327956472876221,0.0,3,False,False
100000001439416100,peripheral,0.4,45,0.023204128114567398,"in_deg=1, out_deg=2, in_kzt=10000, pass_through=16.5; Нет совпадений",1,2,10000.0,165000.0,0.0003429500365866245,16.5,3,False,False
100000002121357100,peripheral,0.4,39,0.022263205535212455,"in_deg=2, out_deg=1, in_kzt=255300, pass_through=0.4426; Нет совпадений",2,1,255300.0,113000.0,0.0003277289071697353,0.4426165295730513,3,False,False
100000002970466100,peripheral,0.4,0,0.020225414981430722,"in_deg=1, out_deg=2, in_kzt=23317, pass_through=3.989; Нет совпадений",1,2,23317.0,93000.0,0.0002881675559531233,3.9885062400823434,3,False,False
100000002581346100,terminal,0.9,9,0.01921056923086773,"in_deg=1, out_deg=0, in_kzt=166400, pass_through=0; depth=3: нет выхода",1,0,166400.0,0.0,0.00029226295507655316,0.0,3,False,False
100000008738658100,terminal,0.9,20,0.019162912816386685,"in_deg=1, out_deg=0, in_kzt=29920, pass_through=0; depth=3: нет выхода",1,0,29920.0,0.0,0.0002915379268716521,0.0,3,False,False
100000005910114100,coordinator,0.8,0,0.4281154067317016,"in_deg=3, out_deg=19, in_kzt=326144, pass_through=4.507; BC=0.00594 >= p95=0.000158",3,19,326144.0,1469993.0,0.00036323669634607506,4.507190075549451,3,False,False
100000001046626100,terminal,0.9,9,0.019175495366778636,"in_deg=1, out_deg=0, in_kzt=150000, pass_through=0; depth=3: нет выхода",1,0,150000.0,0.0,0.00029172935344083683,0.0,3,False,False
100000006492770100,peripheral,0.4,0,0.02049670263091019,"in_deg=1, out_deg=1, in_kzt=269000, pass_through=0.07435; Нет совпадений",1,1,269000.0,20000.0,0.0003020622880717998,0.07434944237918216,3,False,False
100000001674850100,terminal,0.9,39,0.020737623444397613,"in_deg=2, out_deg=0, in_kzt=237000, pass_through=0; depth=3: нет выхода",2,0,237000.0,0.0,0.0003154950296520022,0.0,3,False,False
100000000860514100,peripheral,0.4,12,0.02089063757056158,"in_deg=1, out_deg=1, in_kzt=12000, pass_through=4.167; Нет совпадений",1,1,12000.0,50000.0,0.00030765269629933725,4.166666666666667,3,False,False
100000003650146100,terminal,0.9,3,0.019815558911814052,"in_deg=1, out_deg=0, in_kzt=14400, pass_through=0; depth=3: нет выхода",1,0,14400.0,0.0,0.0003014670588081637,0.0,3,False,False
100000001227106100,terminal,0.9,9,0.019207072537710066,"in_deg=1, out_deg=0, in_kzt=164765, pass_through=0; depth=3: нет выхода",1,0,164765.0,0.0,0.00029220975759640703,0.0,3,False,False
100000003647799100,terminal,0.9,9,0.01906856285431187,"in_deg=1, out_deg=0, in_kzt=100000, pass_through=0; depth=3: нет выхода",1,0,100000.0,0.0,0.000290102519185604,0.0,3,False,False
100000008293431100,peripheral,0.4,0,0.020842154714720788,"in_deg=1, out_deg=5, in_kzt=15000, pass_through=19.8; Нет совпадений",1,5,15000.0,297000.0,0.00028818449144485067,19.8,3,False,False
100000002975287100,terminal,0.9,26,0.019093838919462654,"in_deg=1, out_deg=0, in_kzt=15000, pass_through=0; depth=3: нет выхода",1,0,15000.0,0.0,0.0002904870604974672,0.0,3,False,False
100000008507703100,terminal,0.9,20,0.019148284966067436,"in_deg=1, out_deg=0, in_kzt=28500, pass_through=0; depth=3: нет выхода",1,0,28500.0,0.0,0.000291315383816871,0.0,3,False,False
100000001733687100,terminal,0.9,4,0.020244689020374608,"in_deg=1, out_deg=0, in_kzt=300000, pass_through=0; depth=3: нет выхода",1,0,300000.0,0.0,0.00030799569583775816,0.0,3,False,False
100000004552204100,peripheral,0.4,24,0.05773783774709726,"in_deg=1, out_deg=2, in_kzt=22500, pass_through=0.4444; Нет совпадений",1,2,22500.0,10000.0,0.0008681325584092661,0.4444444444444444,3,False,False
100000008223756100,terminal,0.9,7,0.023521418260477055,"in_deg=2, out_deg=0, in_kzt=331682, pass_through=0; depth=3: нет выхода",2,0,331682.0,0.0,0.0003578467210306661,0.0,3,False,False
100000002956769100,terminal,0.9,22,0.025403801177878788,"in_deg=3, out_deg=0, in_kzt=840000, pass_through=0; depth=3: нет выхода",3,0,840000.0,0.0,0.00038648464359370327,0.0,3,False,False
100000008555233100,terminal,0.9,33,0.023992793344831304,"in_deg=1, out_deg=0, in_kzt=440600, pass_through=0; depth=3: нет выхода",1,0,440600.0,0.0,0.00036501805850886376,0.0,3,False,False
100000002346166100,terminal,0.9,20,0.018916505647628673,"in_deg=1, out_deg=0, in_kzt=6000, pass_through=0; depth=3: нет выхода",1,0,6000.0,0.0,0.0002877891734418189,0.0,3,False,False
100000000878006100,terminal,0.9,9,0.01895522080704784,"in_deg=1, out_deg=0, in_kzt=47003, pass_through=0; depth=3: нет выхода",1,0,47003.0,0.0,0.0002883781724851125,0.0,3,False,False
100000004997515100,consolidator,0.8,4,0.2265361567244343,"in_deg=4, out_deg=4, in_kzt=395000, pass_through=0.138; Средства накапливаются",4,4,395000.0,54500.0,0.0003581975797066338,0.1379746835443038,3,False,False
100000007653003100,terminal,0.9,26,0.019893553957324905,"in_deg=1, out_deg=0, in_kzt=100000, pass_through=0; depth=3: нет выхода",1,0,100000.0,0.0,0.00030265364845099977,0.0,3,False,False
100000000661131100,terminal,0.9,20,0.01901539815682921,"in_deg=1, out_deg=0, in_kzt=15600, pass_through=0; depth=3: нет выхода",1,0,15600.0,0.0,0.0002892936898685078,0.0,3,False,False
100000003880331100,distributor,0.8,7,0.14859707990907076,"in_deg=1, out_deg=16, in_kzt=100000, pass_through=39.05; Рассылка на 10+ узлов",1,16,100000.0,3904908.0,0.00030902697667828963,39.04908,3,False,False
100000003204491100,transit,0.8,0,0.020316111113330818,"in_deg=1, out_deg=1, in_kzt=140000, pass_through=0.7143; Вход близок к выходу",1,1,140000.0,100000.0,0.0002993148311924534,0.7142857142857143,3,False,False
100000008463968100,terminal,0.9,20,0.018957710859795564,"in_deg=1, out_deg=0, in_kzt=10000, pass_through=0; depth=3: нет выхода",1,0,10000.0,0.0,0.00028841605528627263,0.0,3,False,False
100000002712416100,terminal,0.9,22,0.019982666816618103,"in_deg=2, out_deg=0, in_kzt=116800, pass_through=0; depth=3: нет выхода",2,0,116800.0,0.0,0.00030400938066691465,0.0,3,False,False
100000008754997100,terminal,0.9,20,0.01904012128412935,"in_deg=1, out_deg=0, in_kzt=18000, pass_through=0; depth=3: нет выхода",1,0,18000.0,0.0,0.00028966981897518004,0.0,3,False,False
100000008011573100,terminal,0.9,26,0.019093838919462654,"in_deg=1, out_deg=0, in_kzt=15000, pass_through=0; depth=3: нет выхода",1,0,15000.0,0.0,0.0002904870604974672,0.0,3,False,False
100000003178549100,coordinator,0.8,26,0.2490060584423368,"in_deg=2, out_deg=4, in_kzt=250000, pass_through=0.3563; BC=0.000277 >= p95=0.000158",2,4,250000.0,89080.0,0.00035371176919947423,0.35632,3,False,False
100000000534581100,transit,0.8,7,0.020347006182322446,"in_deg=2, out_deg=1, in_kzt=55960, pass_through=0.7148; Вход близок к выходу",2,1,55960.0,40000.0,0.0002997848580850599,0.7147962830593281,3,False,False
100000007138613100,consolidator,0.8,0,0.224680128162063,"in_deg=3, out_deg=2, in_kzt=1.002e+06, pass_through=0.1786; Средства накапливаются",3,2,1002000.0,179000.0,0.000355738630497913,0.17864271457085829,3,False,False
100000002380341100,terminal,0.9,0,0.020410154401004965,"in_deg=1, out_deg=0, in_kzt=57566.4, pass_through=0; depth=3: нет выхода",1,0,57566.4,0.0,0.0003105130289019024,0.0,3,False,False
100000008309514100,terminal,0.9,20,0.019031880241695966,"in_deg=1, out_deg=0, in_kzt=17200, pass_through=0; depth=3: нет выхода",1,0,17200.0,0.0,0.00028954444260628927,0.0,3,False,False
100000003134474100,terminal,0.9,9,0.01910278125830123,"in_deg=1, out_deg=0, in_kzt=116000, pass_through=0; depth=3: нет выхода",1,0,116000.0,0.0,0.00029062310614727847,0.0,3,False,False
100000002373386100,terminal,0.9,20,0.019101929102379685,"in_deg=1, out_deg=0, in_kzt=24000, pass_through=0; depth=3: нет выхода",1,0,24000.0,0.0,0.0002906101417418606,0.0,3,False,False
100000008684767100,terminal,0.9,20,0.019175068353975915,"in_deg=1, out_deg=0, in_kzt=31100, pass_through=0; depth=3: нет выхода",1,0,31100.0,0.0,0.0002917228570157659,0.0,3,False,False
100000008332511100,terminal,0.9,2,0.07344077155609835,"in_deg=1, out_deg=0, in_kzt=100000, pass_through=0; depth=3: нет выхода",1,0,100000.0,0.0,0.001117302494274807,0.0,3,False,False
100000005754335100,terminal,0.9,62,0.026712429212534933,"in_deg=1, out_deg=0, in_kzt=44037, pass_through=0; depth=3: нет выхода",1,0,44037.0,0.0,0.00040639365784040667,0.0,3,False,False
100000008547295100,terminal,0.9,2,0.03715781483564818,"in_deg=1, out_deg=0, in_kzt=15000, pass_through=0; depth=3: нет выхода",1,0,15000.0,0.0,0.0005653061415069476,0.0,3,False,False
100000001875167100,terminal,0.9,9,0.02099334807871363,"in_deg=1, out_deg=0, in_kzt=1e+06, pass_through=0; depth=3: нет выхода",1,0,1000000.0,0.0,0.00031938553577979455,0.0,3,False,False
100000004670388100,peripheral,0.4,5,0.03458593821609529,"in_deg=1, out_deg=2, in_kzt=160354, pass_through=4.49; Нет совпадений",1,2,160354.0,720000.0,0.0005162096537647661,4.490065729573319,3,False,False
100000004097972100,peripheral,0.4,0,0.022185214771557948,"in_deg=1, out_deg=2, in_kzt=118878, pass_through=0.08412; Нет совпадений",1,2,118878.0,10000.0,0.000317983272038238,0.0841198539679335,3,False,False
100000000481716100,terminal,0.9,16,0.024899588937356304,"in_deg=1, out_deg=0, in_kzt=8000, pass_through=0; depth=3: нет выхода",1,0,8000.0,0.0,0.000378813732980389,0.0,3,False,False
100000005089460100,terminal,0.9,20,0.018981403856791527,"in_deg=1, out_deg=0, in_kzt=12300, pass_through=0; depth=3: нет выхода",1,0,12300.0,0.0,0.0002887765123468335,0.0,3,False,False
100000003105929100,peripheral,0.4,9,0.020415410445659636,"in_deg=1, out_deg=1, in_kzt=429567, pass_through=0.364; Нет совпадений",1,1,429567.0,156354.0,0.0003008255368854902,0.3639804733603838,3,False,False
100000008379273100,coordinator,0.8,16,0.27654503804527963,"in_deg=2, out_deg=4, in_kzt=36000, pass_through=1.056; BC=0.00173 >= p95=0.000158",2,4,36000.0,38000.0,0.00030035218673025706,1.0555555555555556,3,False,False
100000005357705100,peripheral,0.4,7,0.022128973339763658,"in_deg=1, out_deg=4, in_kzt=52595, pass_through=7.36; Нет совпадений",1,4,52595.0,387080.0,0.00029759272302631005,7.35963494628767,3,False,False
100000003111305100,terminal,0.9,2,0.02664732844327727,"in_deg=4, out_deg=0, in_kzt=509338, pass_through=0; depth=3: нет выхода",4,0,509338.0,0.0,0.0004054032372561779,0.0,3,False,False
100000008503177100,terminal,0.9,7,0.019310561951763103,"in_deg=1, out_deg=0, in_kzt=33951, pass_through=0; depth=3: нет выхода",1,0,33951.0,0.0,0.0002937842097433888,0.0,3,False,False
100000000955529100,peripheral,0.4,1,0.0196312165393626,"in_deg=1, out_deg=1, in_kzt=27000, pass_through=2.352; Нет совпадений",1,1,27000.0,63500.0,0.0002969507155939977,2.3518518518518516,3,False,False
100000008695689100,terminal,0.9,20,0.019124591969071472,"in_deg=1, out_deg=0, in_kzt=26200, pass_through=0; depth=3: нет выхода",1,0,26200.0,0.0,0.0002909549267563101,0.0,3,False,False
100000004184158100,terminal,0.9,0,0.02004753099327919,"in_deg=1, out_deg=0, in_kzt=203805, pass_through=0; depth=3: нет выхода",1,0,203805.0,0.0,0.0003049962018132197,0.0,3,False,False
100000005475379100,transit,0.8,10,0.0300196543456017,"in_deg=1, out_deg=3, in_kzt=108370, pass_through=0.7474; Вход близок к выходу",1,3,108370.0,81000.0,0.00042347914866647463,0.7474393282273692,3,False,False
100000003093299100,terminal,0.9,0,0.018910459116938196,"in_deg=1, out_deg=0, in_kzt=15000, pass_through=0; depth=3: нет выхода",1,0,15000.0,0.0,0.00028769718361547266,0.0,3,False,False
100000008767027100,terminal,0.9,33,0.01890510333961343,"in_deg=1, out_deg=0, in_kzt=5000, pass_through=0; depth=3: нет выхода",1,0,5000.0,0.0,0.00028761570267189123,0.0,3,False,False
100000004539443100,terminal,0.9,1,0.06311698232317274,"in_deg=2, out_deg=0, in_kzt=61990, pass_through=0; depth=3: нет выхода",2,0,61990.0,0.0,0.0009602399360267059,0.0,3,False,False
100000007863304100,terminal,0.9,9,0.01890816408561172,"in_deg=1, out_deg=0, in_kzt=25000, pass_through=0; depth=3: нет выхода",1,0,25000.0,0.0,0.0002876622678027548,0.0,3,False,False
100000004959752100,terminal,0.9,1,0.05180782015615464,"in_deg=1, out_deg=0, in_kzt=22200, pass_through=0; depth=3: нет выхода",1,0,22200.0,0.0,0.0007881862548134622,0.0,3,False,False
100000002214664100,peripheral,0.4,20,0.018982924459821634,"in_deg=1, out_deg=1, in_kzt=7950, pass_through=9.679; Нет совпадений",1,1,7950.0,76950.0,0.0002880947783409901,9.679245283018869,3,False,False
100000008192264100,transit,0.8,9,0.019844910521097704,"in_deg=1, out_deg=1, in_kzt=162810, pass_through=1.154; Вход близок к выходу",1,1,162810.0,187910.0,0.0002921461483770275,1.1541674344327744,3,False,False
100000000942301100,terminal,0.9,0,0.0198459346633735,"in_deg=1, out_deg=0, in_kzt=57580, pass_through=0; depth=3: нет выхода",1,0,57580.0,0.0,0.00030192918498499617,0.0,3,False,False
100000002578653100,terminal,0.9,55,0.020553742109915465,"in_deg=1, out_deg=0, in_kzt=20000, pass_through=0; depth=3: нет выхода",1,0,20000.0,0.0,0.0003126975226362902,0.0,3,False,False
100000002511581100,terminal,0.9,20,0.01903600076291266,"in_deg=1, out_deg=0, in_kzt=17600, pass_through=0; depth=3: нет выхода",1,0,17600.0,0.0,0.0002896071307907347,0.0,3,False,False
100000005610717100,peripheral,0.4,0,0.023388611418949476,"in_deg=4, out_deg=1, in_kzt=484500, pass_through=0.5474; Нет совпадений",4,1,484500.0,265200.0,0.000346058788021741,0.5473684210526316,3,False,False
100000005704413100,coordinator,0.8,16,0.32519253587227576,"in_deg=3, out_deg=32, in_kzt=97834.7, pass_through=13.94; BC=0.00261 >= p95=0.000158",3,32,97834.67,1363593.0,0.0006022795556250632,13.9377278014021,3,False,False
100000000976943100,transit,0.8,10,0.02538375504359761,"in_deg=1, out_deg=1, in_kzt=70000, pass_through=1.2; Вход близок к выходу",1,1,70000.0,84000.0,0.0003751031725298356,1.2,3,False,False
100000008708061100,terminal,0.9,20,0.018943804100689243,"in_deg=1, out_deg=0, in_kzt=8650, pass_through=0; depth=3: нет выхода",1,0,8650.0,0.0,0.00028820448266376954,0.0,3,False,False
100000003986141100,terminal,0.9,26,0.01893897625120064,"in_deg=1, out_deg=0, in_kzt=5286.32, pass_through=0; depth=3: нет выхода",1,0,5286.32,0.0,0.00028813103343166993,0.0,3,False,False
100000005037490100,peripheral,0.4,11,0.021987096598998317,"in_deg=1, out_deg=2, in_kzt=15000, pass_through=2; Нет совпадений",1,2,15000.0,30000.0,0.0003246359309351921,2.0,3,False,False
100000004257714100,terminal,0.9,20,0.0193926318742171,"in_deg=1, out_deg=0, in_kzt=52220, pass_through=0; depth=3: нет выхода",1,0,52220.0,0.0,0.00029503279315448147,0.0,3,False,False
100000000569479100,terminal,0.9,1,0.026074797315725363,"in_deg=1, out_deg=0, in_kzt=320000, pass_through=0; depth=3: нет выхода",1,0,320000.0,0.0,0.000396692946728047,0.0,3,False,False
100000007303047100,terminal,0.9,20,0.01939294091330835,"in_deg=1, out_deg=0, in_kzt=52250, pass_through=0; depth=3: нет выхода",1,0,52250.0,0.0,0.00029503749476831486,0.0,3,False,False
100000008708743100,terminal,0.9,20,0.019014883091677127,"in_deg=1, out_deg=0, in_kzt=15550, pass_through=0; depth=3: нет выхода",1,0,15550.0,0.0,0.00028928585384545215,0.0,3,False,False
100000008745863100,terminal,0.9,20,0.019090597669033788,"in_deg=1, out_deg=0, in_kzt=22900, pass_through=0; depth=3: нет выхода",1,0,22900.0,0.0,0.0002904377492346358,0.0,3,False,False
100000005048668100,coordinator,0.8,7,0.24090662667369248,"in_deg=2, out_deg=8, in_kzt=16668, pass_through=9.563; BC=0.000665 >= p95=0.000158",2,8,16668.0,159400.0,0.00028983991163194595,9.563234941204703,3,False,False
100000006522972100,terminal,0.9,9,0.020025688952851534,"in_deg=1, out_deg=0, in_kzt=9515, pass_through=0; depth=3: нет выхода",1,0,9515.0,0.0,0.00030466390456561755,0.0,3,False,False
100000008759857100,peripheral,0.4,33,0.019148946606275977,"in_deg=1, out_deg=2, in_kzt=5000, pass_through=198.8; Нет совпадений",1,2,5000.0,994000.0,0.00028761570267189123,198.8,3,False,False
100000005342513100,peripheral,0.4,20,0.07250501650756307,"in_deg=1, out_deg=1, in_kzt=235000, pass_through=0.1277; Нет совпадений",1,1,235000.0,30000.0,0.0011030662406570182,0.1276595744680851,3,False,False
100000004750897100,terminal,0.9,3,0.032377590355159906,"in_deg=1, out_deg=0, in_kzt=10000, pass_through=0; depth=3: нет выхода",1,0,10000.0,0.0,0.0004925814598066292,0.0,3,False,False
100000001140785100,terminal,0.9,39,0.02082034524690081,"in_deg=2, out_deg=0, in_kzt=215000, pass_through=0; depth=3: нет выхода",2,0,215000.0,0.0,0.00031675353054066904,0.0,3,False,False
100000002821425100,terminal,0.9,22,0.019719257346786177,"in_deg=1, out_deg=0, in_kzt=275000, pass_through=0; depth=3: нет выхода",1,0,275000.0,0.0,0.0003000019601098743,0.0,3,False,False
100000003221510100,peripheral,0.4,50,0.020227953978724286,"in_deg=1, out_deg=2, in_kzt=24000, pass_through=5; Нет совпадений",1,2,24000.0,120000.0,0.00028820618337967326,5.0,3,False,False
100000003031003100,terminal,0.9,22,0.020566252164061175,"in_deg=3, out_deg=0, in_kzt=280090, pass_through=0; depth=3: нет выхода",3,0,280090.0,0.0,0.0003128878462726621,0.0,3,False,False
100000003060187100,terminal,0.9,40,0.019904971503898652,"in_deg=1, out_deg=0, in_kzt=93046, pass_through=0; depth=3: нет выхода",1,0,93046.0,0.0,0.0003028273510550853,0.0,3,False,False
100000008718811100,terminal,0.9,20,0.01960978334233662,"in_deg=1, out_deg=0, in_kzt=73300, pass_through=0; depth=3: нет выхода",1,0,73300.0,0.0,0.0002983364604747525,0.0,3,False,False
100000008043184100,terminal,0.9,26,0.01937998504191324,"in_deg=1, out_deg=0, in_kzt=50564, pass_through=0; depth=3: нет выхода",1,0,50564.0,0.0,0.00029484038862252494,0.0,3,False,False
100000002530224100,terminal,0.9,4,0.019238979123541215,"in_deg=1, out_deg=0, in_kzt=113000, pass_through=0; depth=3: нет выхода",1,0,113000.0,0.0,0.00029269517335631237,0.0,3,False,False
100000008754608100,terminal,0.9,20,0.018981403856791527,"in_deg=1, out_deg=0, in_kzt=12300, pass_through=0; depth=3: нет выхода",1,0,12300.0,0.0,0.0002887765123468335,0.0,3,False,False
100000006989232100,terminal,0.9,0,0.018984595227575708,"in_deg=1, out_deg=0, in_kzt=22194, pass_through=0; depth=3: нет выхода",1,0,22194.0,0.0,0.0002888250647580047,0.0,3,False,False
100000006532229100,terminal,0.9,39,0.01984922792233302,"in_deg=1, out_deg=0, in_kzt=105000, pass_through=0; depth=3: нет выхода",1,0,105000.0,0.0,0.00030197928748762243,0.0,3,False,False
100000005661829100,transit,0.8,40,0.01935572224122329,"in_deg=1, out_deg=2, in_kzt=37790, pass_through=1.068; Вход близок к выходу",1,2,37790.0,40362.0,0.00029333840991850396,1.0680603334215402,3,False,False
100000004553349100,terminal,0.9,9,0.01980908943868308,"in_deg=1, out_deg=0, in_kzt=7755, pass_through=0; depth=3: нет выхода",1,0,7755.0,0.0,0.0003013686344818295,0.0,3,False,False
100000002945626100,terminal,0.9,4,0.022300078920774874,"in_deg=3, out_deg=0, in_kzt=584000, pass_through=0; depth=3: нет выхода",3,0,584000.0,0.0,0.00033926568679462426,0.0,3,False,False
100000008775471100,terminal,0.9,33,0.023660684364873136,"in_deg=1, out_deg=0, in_kzt=580000, pass_through=0; depth=3: нет выхода",1,0,580000.0,0.0,0.00035996546736887446,0.0,3,False,False
100000000404740100,terminal,0.5,12,0.03683640719468784,"in_deg=1, out_deg=0, in_kzt=25000, pass_through=0; depth=4: артефакт глубины",1,0,25000.0,0.0,0.0005604163568367298,0.0,4,False,True
100000004268036100,terminal,0.5,43,0.019048986886049474,"in_deg=1, out_deg=0, in_kzt=5500, pass_through=0; depth=4: артефакт глубины",1,0,5500.0,0.0,0.0002898046971760584,0.0,4,False,True
100000001256409100,terminal,0.5,7,0.036122410763649394,"in_deg=1, out_deg=0, in_kzt=8000, pass_through=0; depth=4: артефакт глубины",1,0,8000.0,0.0,0.0005495538621161617,0.0,4,False,True
100000005360814100,terminal,0.5,7,0.028631944055607067,"in_deg=1, out_deg=0, in_kzt=144000, pass_through=0; depth=4: артефакт глубины",1,0,144000.0,0.0,0.00043559649267614604,0.0,4,False,True
100000002369454100,terminal,0.5,7,0.0283140658595678,"in_deg=1, out_deg=0, in_kzt=25000, pass_through=0; depth=4: артефакт глубины",1,0,25000.0,0.0,0.0004307604037600737,0.0,4,False,True
100000004272302100,terminal,0.5,55,0.018997707939931816,"in_deg=1, out_deg=0, in_kzt=10000, pass_through=0; depth=4: артефакт глубины",1,0,10000.0,0.0,0.00028902455702792176,0.0,4,False,True
100000008727982100,terminal,0.5,2,0.0339280943035748,"in_deg=1, out_deg=0, in_kzt=30000, pass_through=0; depth=4: артефакт глубины",1,0,30000.0,0.0,0.0005161702905370309,0.0,4,False,True
100000000600707100,terminal,0.5,24,0.03763782671258359,"in_deg=1, out_deg=0, in_kzt=89000, pass_through=0; depth=4: артефакт глубины",1,0,89000.0,0.0,0.0005726088761598887,0.0,4,False,True
100000004500781100,terminal,0.5,38,0.04494210463822863,"in_deg=1, out_deg=0, in_kzt=74000, pass_through=0; depth=4: артефакт глубины",1,0,74000.0,0.0,0.0006837336338697898,0.0,4,False,True
100000008703533100,terminal,0.5,39,0.019511997959021702,"in_deg=1, out_deg=0, in_kzt=75000, pass_through=0; depth=4: артефакт глубины",1,0,75000.0,0.0,0.0002968487874783173,0.0,4,False,True
100000004549591100,terminal,0.5,17,0.029332601228468987,"in_deg=1, out_deg=0, in_kzt=49000, pass_through=0; depth=4: артефакт глубины",1,0,49000.0,0.0,0.00044625604853705054,0.0,4,False,True
100000002700161100,terminal,0.5,44,0.059578901146436374,"in_deg=1, out_deg=0, in_kzt=39000, pass_through=0; depth=4: артефакт глубины",1,0,39000.0,0.0,0.0009064127928751029,0.0,4,False,True
100000003134550100,terminal,0.5,39,0.019731098002236158,"in_deg=1, out_deg=0, in_kzt=100000, pass_through=0; depth=4: артефакт глубины",1,0,100000.0,0.0,0.00030018209974604364,0.0,4,False,True
100000001957974100,terminal,0.5,38,0.02113694563514619,"in_deg=1, out_deg=0, in_kzt=500000, pass_through=0; depth=4: артефакт глубины",1,0,500000.0,0.0,0.0003215701793309766,0.0,4,False,True
100000001246806100,terminal,0.5,4,0.03518621700561362,"in_deg=1, out_deg=0, in_kzt=130000, pass_through=0; depth=4: артефакт глубины",1,0,130000.0,0.0,0.000535310934123788,0.0,4,False,True
100000003622955100,terminal,0.5,10,0.08802856220788818,"in_deg=1, out_deg=0, in_kzt=15000, pass_through=0; depth=4: артефакт глубины",1,0,15000.0,0.0,0.0013392360951323822,0.0,4,False,True
100000003692843100,terminal,0.5,52,0.034955888244129485,"in_deg=1, out_deg=0, in_kzt=510000, pass_through=0; depth=4: артефакт глубины",1,0,510000.0,0.0,0.0005318067920204759,0.0,4,False,True
100000008629504100,terminal,0.5,0,0.0199399848382998,"in_deg=1, out_deg=0, in_kzt=20000, pass_through=0; depth=4: артефакт глубины",1,0,20000.0,0.0,0.00030336003181306723,0.0,4,False,True
100000005621418100,terminal,0.5,13,0.020323289913469232,"in_deg=1, out_deg=0, in_kzt=30000, pass_through=0; depth=4: артефакт глубины",1,0,30000.0,0.0,0.0003091915026361626,0.0,4,False,True
100000004167082100,terminal,0.5,11,0.025412474666441993,"in_deg=1, out_deg=0, in_kzt=13300, pass_through=0; depth=4: артефакт глубины",1,0,13300.0,0.0,0.00038661659904842404,0.0,4,False,True
100000004379306100,terminal,0.5,7,0.03512507081578265,"in_deg=1, out_deg=0, in_kzt=15000, pass_through=0; depth=4: артефакт глубины",1,0,15000.0,0.0,0.0005343806771430133,0.0,4,False,True
100000004856746100,terminal,0.5,14,0.01980989867263298,"in_deg=1, out_deg=0, in_kzt=20000, pass_through=0; depth=4: артефакт глубины",1,0,20000.0,0.0,0.000301380945887218,0.0,4,False,True
100000004891562100,terminal,0.5,43,0.02250733209479577,"in_deg=1, out_deg=0, in_kzt=103400, pass_through=0; depth=4: артефакт глубины",1,0,103400.0,0.0,0.00034241876489243583,0.0,4,False,True
100000007042175100,terminal,0.5,0,0.035254085873596706,"in_deg=1, out_deg=0, in_kzt=60000, pass_through=0; depth=4: артефакт глубины",1,0,60000.0,0.0,0.0005363434676045017,0.0,4,False,True
100000002670463100,terminal,0.5,43,0.019967444244858506,"in_deg=1, out_deg=0, in_kzt=31500, pass_through=0; depth=4: артефакт глубины",1,0,31500.0,0.0,0.0003037777897258625,0.0,4,False,True
100000005567828100,terminal,0.5,16,0.02117696141866691,"in_deg=1, out_deg=0, in_kzt=94000, pass_through=0; depth=4: артефакт глубины",1,0,94000.0,0.0,0.0003221789656194473,0.0,4,False,True
100000004200745100,terminal,0.5,6,0.039674357071089544,"in_deg=1, out_deg=0, in_kzt=130000, pass_through=0; depth=4: артефакт глубины",1,0,130000.0,0.0,0.0006035919445701515,0.0,4,False,True
100000003989033100,terminal,0.5,10,0.03953769903601529,"in_deg=1, out_deg=0, in_kzt=373400, pass_through=0; depth=4: артефакт глубины",1,0,373400.0,0.0,0.0006015128764964382,0.0,4,False,True
100000005146665100,terminal,0.5,41,0.01891308331498063,"in_deg=1, out_deg=0, in_kzt=5500, pass_through=0; depth=4: артефакт глубины",1,0,5500.0,0.0,0.00028773710725674384,0.0,4,False,True
100000003096787100,terminal,0.5,16,0.01925985871091379,"in_deg=1, out_deg=0, in_kzt=16400, pass_through=0; depth=4: артефакт глубины",1,0,16400.0,0.0,0.0002930128281760604,0.0,4,False,True
100000003074515100,terminal,0.5,4,0.019766549398378574,"in_deg=1, out_deg=0, in_kzt=105000, pass_through=0; depth=4: артефакт глубины",1,0,105000.0,0.0,0.0003007214450238256,0.0,4,False,True
100000004377043100,terminal,0.5,14,0.024001059152066722,"in_deg=1, out_deg=0, in_kzt=5700, pass_through=0; depth=4: артефакт глубины",1,0,5700.0,0.0,0.00036514381164088624,0.0,4,False,True
100000008680061100,terminal,0.5,0,0.02051224017528436,"in_deg=1, out_deg=0, in_kzt=41300, pass_through=0; depth=4: артефакт глубины",1,0,41300.0,0.0,0.0003120661265589064,0.0,4,False,True
100000008471634100,terminal,0.5,12,0.074221882697657,"in_deg=1, out_deg=0, in_kzt=20000, pass_through=0; depth=4: артефакт глубины",1,0,20000.0,0.0,0.001129186048985322,0.0,4,False,True
100000002119762100,terminal,0.5,9,0.034958384052226864,"in_deg=1, out_deg=0, in_kzt=77000, pass_through=0; depth=4: артефакт глубины",1,0,77000.0,0.0,0.0005318447623815349,0.0,4,False,True
100000008628818100,terminal,0.5,16,0.01999878322107997,"in_deg=1, out_deg=0, in_kzt=46310, pass_through=0; depth=4: артефакт глубины",1,0,46310.0,0.0,0.0003042545700695101,0.0,4,False,True
100000007510567100,terminal,0.5,16,0.020139354283027336,"in_deg=1, out_deg=0, in_kzt=52000, pass_through=0; depth=4: артефакт глубины",1,0,52000.0,0.0,0.00030639316958050076,0.0,4,False,True
100000004780327100,terminal,0.5,43,0.019278601225751736,"in_deg=1, out_deg=0, in_kzt=12000, pass_through=0; depth=4: артефакт глубины",1,0,12000.0,0.0,0.0002932979703135095,0.0,4,False,True
100000008376785100,terminal,0.5,9,0.03510894723438109,"in_deg=1, out_deg=0, in_kzt=234250, pass_through=0; depth=4: артефакт глубины",1,0,234250.0,0.0,0.00053413537855294,0.0,4,False,True
100000005745873100,terminal,0.5,61,0.02088465957744305,"in_deg=1, out_deg=0, in_kzt=223000, pass_through=0; depth=4: артефакт глубины",1,0,223000.0,0.0,0.0003177319865183214,0.0,4,False,True
100000002594214100,terminal,0.5,28,0.024233817920515623,"in_deg=1, out_deg=0, in_kzt=1e+06, pass_through=0; depth=4: артефакт глубины",1,0,1000000.0,0.0,0.00036868492302958726,0.0,4,False,True
100000001299323100,terminal,0.5,4,0.01980128660100715,"in_deg=1, out_deg=0, in_kzt=109000, pass_through=0; depth=4: артефакт глубины",1,0,109000.0,0.0,0.0003012499248085375,0.0,4,False,True
100000003838587100,terminal,0.5,38,0.036643085516546596,"in_deg=1, out_deg=0, in_kzt=6000, pass_through=0; depth=4: артефакт глубины",1,0,6000.0,0.0,0.000557475227698134,0.0,4,False,True
100000000673915100,terminal,0.5,18,0.018987195324944327,"in_deg=1, out_deg=0, in_kzt=20200, pass_through=0; depth=4: артефакт глубины",1,0,20200.0,0.0,0.00028886462173996117,0.0,4,False,True
100000003061115100,terminal,0.5,0,0.035247283849755444,"in_deg=1, out_deg=0, in_kzt=45000, pass_through=0; depth=4: артефакт глубины",1,0,45000.0,0.0,0.0005362399839666948,0.0,4,False,True
100000004326224100,terminal,0.5,9,0.035311524807274695,"in_deg=1, out_deg=0, in_kzt=60000, pass_through=0; depth=4: артефакт глубины",1,0,60000.0,0.0,0.0005372173236725562,0.0,4,False,True
100000004988240100,terminal,0.5,0,0.03498496832329683,"in_deg=1, out_deg=0, in_kzt=20000, pass_through=0; depth=4: артефакт глубины",1,0,20000.0,0.0,0.000532249206285726,0.0,4,False,True
100000008525136100,terminal,0.5,0,0.019049563220541802,"in_deg=1, out_deg=0, in_kzt=14100, pass_through=0; depth=4: артефакт глубины",1,0,14100.0,0.0,0.0002898134653296626,0.0,4,False,True
100000001991973100,terminal,0.5,43,0.019589463716425556,"in_deg=1, out_deg=0, in_kzt=20800, pass_through=0; depth=4: артефакт глубины",1,0,20800.0,0.0,0.00029802732471498155,0.0,4,False,True
100000004569637100,terminal,0.5,7,0.03651770272499299,"in_deg=1, out_deg=0, in_kzt=5500, pass_through=0; depth=4: артефакт глубины",1,0,5500.0,0.0,0.0005555676972790809,0.0,4,False,True
100000008675322100,terminal,0.5,18,0.021084853695340536,"in_deg=1, out_deg=0, in_kzt=340000, pass_through=0; depth=4: артефакт глубины",1,0,340000.0,0.0,0.0003207776705780966,0.0,4,False,True
100000004235471100,terminal,0.5,9,0.02301620817579103,"in_deg=1, out_deg=0, in_kzt=180000, pass_through=0; depth=4: артефакт глубины",1,0,180000.0,0.0,0.0003501606295614159,0.0,4,False,True
100000003194831100,terminal,0.5,10,0.01920172247469055,"in_deg=1, out_deg=0, in_kzt=6265, pass_through=0; depth=4: артефакт глубины",1,0,6265.0,0.0,0.000292128363588289,0.0,4,False,True
100000008588665100,terminal,0.5,0,0.023271572719176015,"in_deg=1, out_deg=0, in_kzt=25000, pass_through=0; depth=4: артефакт глубины",1,0,25000.0,0.0,0.000354045657390344,0.0,4,False,True
100000003230329100,terminal,0.5,4,0.0198099709016643,"in_deg=1, out_deg=0, in_kzt=110000, pass_through=0; depth=4: артефакт глубины",1,0,110000.0,0.0,0.0003013820447547155,0.0,4,False,True
100000002217806100,terminal,0.5,17,0.030615609807949473,"in_deg=1, out_deg=0, in_kzt=55000, pass_through=0; depth=4: артефакт глубины",1,0,55000.0,0.0,0.00046577529725483574,0.0,4,False,True
100000004041294100,terminal,0.5,12,0.019863649784860386,"in_deg=1, out_deg=0, in_kzt=17800, pass_through=0; depth=4: артефакт глубины",1,0,17800.0,0.0,0.00030219869671539186,0.0,4,False,True
100000008583971100,terminal,0.5,0,0.021768858240719058,"in_deg=2, out_deg=0, in_kzt=51000, pass_through=0; depth=4: артефакт глубины",2,0,51000.0,0.0,0.0003311838791248431,0.0,4,False,True
100000008251939100,terminal,0.5,16,0.019950608604068134,"in_deg=1, out_deg=0, in_kzt=44360, pass_through=0; depth=4: артефакт глубины",1,0,44360.0,0.0,0.000303521658110559,0.0,4,False,True
100000004049912100,terminal,0.5,40,0.021428223548950763,"in_deg=1, out_deg=0, in_kzt=10000, pass_through=0; depth=4: артефакт глубины",1,0,10000.0,0.0,0.00032600158075453623,0.0,4,False,True
100000002227960100,terminal,0.5,30,0.019769919394975147,"in_deg=1, out_deg=0, in_kzt=10000, pass_through=0; depth=4: артефакт глубины",1,0,10000.0,0.0,0.0003007727149863174,0.0,4,False,True
100000008677368100,terminal,0.5,2,0.03525559591392737,"in_deg=1, out_deg=0, in_kzt=13500, pass_through=0; depth=4: артефакт глубины",1,0,13500.0,0.0,0.0005363664408357486,0.0,4,False,True
100000008631800100,terminal,0.5,43,0.019308627716328183,"in_deg=1, out_deg=0, in_kzt=12850, pass_through=0; depth=4: артефакт глубины",1,0,12850.0,0.0,0.00029375478295456074,0.0,4,False,True
100000003220685100,terminal,0.5,9,0.03549100813632759,"in_deg=1, out_deg=0, in_kzt=1.306e+06, pass_through=0; depth=4: артефакт глубины",1,0,1306000.0,0.0,0.0005399479209549984,0.0,4,False,True
100000003072205100,terminal,0.5,4,0.02105986084957452,"in_deg=2, out_deg=0, in_kzt=163000, pass_through=0; depth=4: артефакт глубины",2,0,163000.0,0.0,0.0003203974380679838,0.0,4,False,True
100000001202637100,terminal,0.5,16,0.03622814658551403,"in_deg=1, out_deg=0, in_kzt=10000, pass_through=0; depth=4: артефакт глубины",1,0,10000.0,0.0,0.0005511624903345256,0.0,4,False,True
100000002835874100,terminal,0.5,4,0.019364466277952755,"in_deg=1, out_deg=0, in_kzt=58700, pass_through=0; depth=4: артефакт глубины",1,0,58700.0,0.0,0.00029460429151578543,0.0,4,False,True
100000002707106100,terminal,0.5,38,0.018923165263551374,"in_deg=1, out_deg=0, in_kzt=15000, pass_through=0; depth=4: артефакт глубины",1,0,15000.0,0.0,0.0002878904905348135,0.0,4,False,True
100000008343415100,terminal,0.5,7,0.02865191982527146,"in_deg=1, out_deg=0, in_kzt=100000, pass_through=0; depth=4: артефакт глубины",1,0,100000.0,0.0,0.00043590039712592483,0.0,4,False,True
100000004981068100,terminal,0.5,1,0.02501164143982414,"in_deg=1, out_deg=0, in_kzt=10000, pass_through=0; depth=4: артефакт глубины",1,0,10000.0,0.0,0.0003805184609924227,0.0,4,False,True
100000004241142100,terminal,0.5,0,0.03499854725048623,"in_deg=1, out_deg=0, in_kzt=27102, pass_through=0; depth=4: артефакт глубины",1,0,27102.0,0.0,0.0005324557913868465,0.0,4,False,True
100000008190411100,terminal,0.5,47,0.028001526309008724,"in_deg=1, out_deg=0, in_kzt=198450, pass_through=0; depth=4: артефакт глубины",1,0,198450.0,0.0,0.00042600553514962554,0.0,4,False,True
100000008699083100,terminal,0.5,22,0.020229875112942913,"in_deg=1, out_deg=0, in_kzt=238500, pass_through=0; depth=4: артефакт глубины",1,0,238500.0,0.0,0.00030777032217442805,0.0,4,False,True
100000008136608100,terminal,0.5,16,0.0372582680007218,"in_deg=1, out_deg=0, in_kzt=170000, pass_through=0; depth=4: артефакт глубины",1,0,170000.0,0.0,0.000566834401212237,0.0,4,False,True
100000008695157100,terminal,0.5,7,0.03284515661800216,"in_deg=1, out_deg=0, in_kzt=425546, pass_through=0; depth=4: артефакт глубины",1,0,425546.0,0.0,0.0004996948511918675,0.0,4,False,True
100000000369781100,terminal,0.5,9,0.035153196788701026,"in_deg=1, out_deg=0, in_kzt=5000, pass_through=0; depth=4: артефакт глубины",1,0,5000.0,0.0,0.00053480857596583,0.0,4,False,True
100000003133045100,terminal,0.5,47,0.021988909654094214,"in_deg=1, out_deg=0, in_kzt=68000, pass_through=0; depth=4: артефакт глубины",1,0,68000.0,0.0,0.0003345316652091022,0.0,4,False,True
100000002474570100,terminal,0.5,43,0.01909314348983837,"in_deg=1, out_deg=0, in_kzt=6750, pass_through=0; depth=4: артефакт глубины",1,0,6750.0,0.0,0.0002904764804717221,0.0,4,False,True
100000002514975100,terminal,0.5,13,0.03505848709585487,"in_deg=1, out_deg=0, in_kzt=17920, pass_through=0; depth=4: артефакт глубины",1,0,17920.0,0.0,0.0005333676954602626,0.0,4,False,True
100000001089055100,terminal,0.5,26,0.021741667240969573,"in_deg=1, out_deg=0, in_kzt=13000, pass_through=0; depth=4: артефакт глубины",1,0,13000.0,0.0,0.0003307702046603977,0.0,4,False,True
100000000608031100,terminal,0.5,26,0.03555962678689719,"in_deg=1, out_deg=0, in_kzt=30000, pass_through=0; depth=4: артефакт глубины",1,0,30000.0,0.0,0.000540991861368623,0.0,4,False,True
100000002659103100,terminal,0.5,48,0.02308933082737985,"in_deg=1, out_deg=0, in_kzt=165000, pass_through=0; depth=4: артефакт глубины",1,0,165000.0,0.0,0.00035127309228855064,0.0,4,False,True
100000000733940100,terminal,0.5,34,0.027145447442674765,"in_deg=1, out_deg=0, in_kzt=752000, pass_through=0; depth=4: артефакт глубины",1,0,752000.0,0.0,0.00041298144740675307,0.0,4,False,True
100000001537524100,terminal,0.5,22,0.019719589202689392,"in_deg=1, out_deg=0, in_kzt=150000, pass_through=0; depth=4: артефакт глубины",1,0,150000.0,0.0,0.00030000700885079225,0.0,4,False,True
100000002971593100,terminal,0.5,9,0.03501482248810089,"in_deg=1, out_deg=0, in_kzt=49050, pass_through=0; depth=4: артефакт глубины",1,0,49050.0,0.0,0.0005327033972220859,0.0,4,False,True
100000006918814100,terminal,0.5,1,0.020092969049518548,"in_deg=1, out_deg=0, in_kzt=20000, pass_through=0; depth=4: артефакт глубины",1,0,20000.0,0.0,0.00030568748068319254,0.0,4,False,True
100000007381662100,terminal,0.5,1,0.019598284222876135,"in_deg=1, out_deg=0, in_kzt=11000, pass_through=0; depth=4: артефакт глубины",1,0,11000.0,0.0,0.00029816151684898534,0.0,4,False,True
100000003199390100,terminal,0.5,9,0.024865768329752225,"in_deg=1, out_deg=0, in_kzt=260000, pass_through=0; depth=4: артефакт глубины",1,0,260000.0,0.0,0.000378299197955317,0.0,4,False,True
100000007749747100,terminal,0.5,39,0.02928887134988771,"in_deg=1, out_deg=0, in_kzt=50000, pass_through=0; depth=4: артефакт глубины",1,0,50000.0,0.0,0.0004455907572910854,0.0,4,False,True
100000003447411100,terminal,0.5,7,0.020191311611445297,"in_deg=1, out_deg=0, in_kzt=302000, pass_through=0; depth=4: артефакт глубины",1,0,302000.0,0.0,0.00030718363040229237,0.0,4,False,True
100000000500040100,terminal,0.5,1,0.02020667309028342,"in_deg=1, out_deg=0, in_kzt=20000, pass_through=0; depth=4: артефакт глубины",1,0,20000.0,0.0,0.0003074173346275874,0.0,4,False,True
100000008551752100,terminal,0.5,61,0.022550502626303343,"in_deg=1, out_deg=0, in_kzt=406000, pass_through=0; depth=4: артефакт глубины",1,0,406000.0,0.0,0.00034307554642550747,0.0,4,False,True
100000002876914100,terminal,0.5,43,0.019278601225751736,"in_deg=1, out_deg=0, in_kzt=12000, pass_through=0; depth=4: артефакт глубины",1,0,12000.0,0.0,0.0002932979703135095,0.0,4,False,True
100000004571634100,terminal,0.5,10,0.024702969889809707,"in_deg=1, out_deg=0, in_kzt=20000, pass_through=0; depth=4: артефакт глубины",1,0,20000.0,0.0,0.00037582243880426587,0.0,4,False,True
100000004610802100,terminal,0.5,54,0.0312896536155252,"in_deg=1, out_deg=0, in_kzt=241000, pass_through=0; depth=4: артефакт глубины",1,0,241000.0,0.0,0.00047602996658220755,0.0,4,False,True
100000001311175100,terminal,0.5,22,0.035089266692249044,"in_deg=1, out_deg=0, in_kzt=300000, pass_through=0; depth=4: артефакт глубины",1,0,300000.0,0.0,0.000533835965592715,0.0,4,False,True
100000008740295100,terminal,0.5,4,0.021459988026521878,"in_deg=1, out_deg=0, in_kzt=300000, pass_through=0; depth=4: артефакт глубины",1,0,300000.0,0.0,0.0003264848345285306,0.0,4,False,True
100000002596039100,terminal,0.5,7,0.020093942395533134,"in_deg=1, out_deg=0, in_kzt=280000, pass_through=0; depth=4: артефакт глубины",1,0,280000.0,0.0,0.0003057022888327646,0.0,4,False,True
100000002126791100,terminal,0.5,4,0.03774324418810164,"in_deg=1, out_deg=0, in_kzt=1.313e+06, pass_through=0; depth=4: артефакт глубины",1,0,1313000.0,0.0,0.0005742126611670562,0.0,4,False,True
100000005783452100,terminal,0.5,22,0.020759078333969463,"in_deg=2, out_deg=0, in_kzt=286500, pass_through=0; depth=4: артефакт глубины",2,0,286500.0,0.0,0.00031582143692040495,0.0,4,False,True
100000006693788100,terminal,0.5,0,0.0351279752634402,"in_deg=1, out_deg=0, in_kzt=10764, pass_through=0; depth=4: артефакт глубины",1,0,10764.0,0.0,0.0005344248644049865,0.0,4,False,True
100000002832753100,terminal,0.5,3,0.04985329294596756,"in_deg=1, out_deg=0, in_kzt=12500, pass_through=0; depth=4: артефакт глубины",1,0,12500.0,0.0,0.0007584507539356985,0.0,4,False,True
100000002981489100,terminal,0.5,9,0.019037014588533047,"in_deg=1, out_deg=0, in_kzt=10000, pass_through=0; depth=4: артефакт глубины",1,0,10000.0,0.0,0.00028962255478302693,0.0,4,False,True
100000003084870100,terminal,0.5,22,0.022789472546827116,"in_deg=1, out_deg=0, in_kzt=6500, pass_through=0; depth=4: артефакт глубины",1,0,6500.0,0.0,0.0003467111521333522,0.0,4,False,True
100000002791494100,terminal,0.5,16,0.020975863273807238,"in_deg=1, out_deg=0, in_kzt=85860, pass_through=0; depth=4: артефакт глубины",1,0,85860.0,0.0,0.00031911952800618476,0.0,4,False,True
100000003345947100,terminal,0.5,7,0.03266343126859527,"in_deg=1, out_deg=0, in_kzt=79500, pass_through=0; depth=4: артефакт глубины",1,0,79500.0,0.0,0.0004969301445873055,0.0,4,False,True
100000002733083100,terminal,0.5,16,0.019230212792752662,"in_deg=1, out_deg=0, in_kzt=15200, pass_through=0; depth=4: артефакт глубины",1,0,15200.0,0.0,0.0002925618054320905,0.0,4,False,True
100000003247600100,terminal,0.5,1,0.05552469816756481,"in_deg=1, out_deg=0, in_kzt=58000, pass_through=0; depth=4: артефакт глубины",1,0,58000.0,0.0,0.0008447335511594918,0.0,4,False,True
100000001378288100,terminal,0.5,7,0.034556649385350656,"in_deg=1, out_deg=0, in_kzt=268000, pass_through=0; depth=4: артефакт глубины",1,0,268000.0,0.0,0.0005257329101252635,0.0,4,False,True
100000002305477100,terminal,0.5,30,0.020685140960571956,"in_deg=1, out_deg=0, in_kzt=20000, pass_through=0; depth=4: артефакт глубины",1,0,20000.0,0.0,0.0003146965792974964,0.0,4,False,True
100000006638021100,terminal,0.5,57,0.035945893482460654,"in_deg=2, out_deg=0, in_kzt=388500, pass_through=0; depth=4: артефакт глубины",2,0,388500.0,0.0,0.0005468683892599277,0.0,4,False,True
100000008517061100,terminal,0.5,38,0.027271627737050178,"in_deg=1, out_deg=0, in_kzt=1.844e+06, pass_through=0; depth=4: артефакт глубины",1,0,1844000.0,0.0,0.00041490111075786974,0.0,4,False,True
100000005910895100,terminal,0.5,10,0.03945093222239079,"in_deg=1, out_deg=0, in_kzt=5100, pass_through=0; depth=4: артефакт глубины",1,0,5100.0,0.0,0.0006001928362077971,0.0,4,False,True
100000002723439100,terminal,0.5,10,0.03651467535821546,"in_deg=1, out_deg=0, in_kzt=18000, pass_through=0; depth=4: артефакт глубины",1,0,18000.0,0.0,0.0005555216399681357,0.0,4,False,True
100000002320495100,terminal,0.5,26,0.03534728848952483,"in_deg=1, out_deg=0, in_kzt=13526.3, pass_through=0; depth=4: артефакт глубины",1,0,13526.27,0.0,0.0005377614199631568,0.0,4,False,True
100000002229615100,terminal,0.5,30,0.047428397547218656,"in_deg=1, out_deg=0, in_kzt=25000, pass_through=0; depth=4: артефакт глубины",1,0,25000.0,0.0,0.0007215592341440239,0.0,4,False,True
100000008327791100,terminal,0.5,26,0.03543637563077489,"in_deg=1, out_deg=0, in_kzt=11000, pass_through=0; depth=4: артефакт глубины",1,0,11000.0,0.0,0.0005391167609136597,0.0,4,False,True
100000002208836100,terminal,0.5,9,0.021775486516747447,"in_deg=1, out_deg=0, in_kzt=90000, pass_through=0; depth=4: артефакт глубины",1,0,90000.0,0.0,0.00033128471942352655,0.0,4,False,True
100000001724740100,terminal,0.5,4,0.035417425299287285,"in_deg=1, out_deg=0, in_kzt=185000, pass_through=0; depth=4: артефакт глубины",1,0,185000.0,0.0,0.0005388284571255892,0.0,4,False,True
100000004386286100,terminal,0.5,6,0.039426524243156576,"in_deg=1, out_deg=0, in_kzt=12500, pass_through=0; depth=4: артефакт глубины",1,0,12500.0,0.0,0.0005998215016547858,0.0,4,False,True
100000001714883100,terminal,0.5,43,0.01909844228229304,"in_deg=1, out_deg=0, in_kzt=6900, pass_through=0; depth=4: артефакт глубины",1,0,6900.0,0.0,0.00029055709446720174,0.0,4,False,True
100000008337304100,terminal,0.5,7,0.023389276675528387,"in_deg=1, out_deg=0, in_kzt=105465, pass_through=0; depth=4: артефакт глубины",1,0,105465.0,0.0,0.00035583636466686084,0.0,4,False,True
100000000655469100,terminal,0.5,30,0.022805783505388633,"in_deg=1, out_deg=0, in_kzt=20000, pass_through=0; depth=4: артефакт глубины",1,0,20000.0,0.0,0.0003469593014147207,0.0,4,False,True
100000008722541100,terminal,0.5,9,0.025328158368242523,"in_deg=1, out_deg=0, in_kzt=280000, pass_through=0; depth=4: артефакт глубины",1,0,280000.0,0.0,0.0003853338400537922,0.0,4,False,True
100000004222274100,terminal,0.5,0,0.03600699460940845,"in_deg=1, out_deg=0, in_kzt=15500, pass_through=0; depth=4: артефакт глубины",1,0,15500.0,0.0,0.0005477979606695856,0.0,4,False,True
100000006232642100,terminal,0.5,62,0.02824583849326406,"in_deg=1, out_deg=0, in_kzt=456000, pass_through=0; depth=4: артефакт глубины",1,0,456000.0,0.0,0.00042972241620991923,0.0,4,False,True
100000004066370100,terminal,0.5,24,0.03890410506426034,"in_deg=1, out_deg=0, in_kzt=65000, pass_through=0; depth=4: артефакт глубины",1,0,65000.0,0.0,0.0005918735969790853,0.0,4,False,True
100000005685783100,terminal,0.5,20,0.0351257587774757,"in_deg=1, out_deg=0, in_kzt=26150, pass_through=0; depth=4: артефакт глубины",1,0,26150.0,0.0,0.0005343911435542359,0.0,4,False,True
100000006171671100,terminal,0.5,0,0.034928121593627896,"in_deg=1, out_deg=0, in_kzt=10000, pass_through=0; depth=4: артефакт глубины",1,0,10000.0,0.0,0.0005313843598046136,0.0,4,False,True
100000003481025100,terminal,0.5,0,0.03505746741905276,"in_deg=1, out_deg=0, in_kzt=9000, pass_through=0; depth=4: артефакт глубины",1,0,9000.0,0.0,0.0005333521824501156,0.0,4,False,True
100000003646145100,terminal,0.5,24,0.04314205707846358,"in_deg=1, out_deg=0, in_kzt=5000, pass_through=0; depth=4: артефакт глубины",1,0,5000.0,0.0,0.000656348332956897,0.0,4,False,True
100000002659265100,terminal,0.5,4,0.021107677795345645,"in_deg=1, out_deg=0, in_kzt=141000, pass_through=0; depth=4: артефакт глубины",1,0,141000.0,0.0,0.00032112490854040214,0.0,4,False,True
100000003289281100,terminal,0.5,9,0.039412258851596105,"in_deg=1, out_deg=0, in_kzt=40000, pass_through=0; depth=4: артефакт глубины",1,0,40000.0,0.0,0.0005996044729221811,0.0,4,False,True
100000004840086100,terminal,0.5,0,0.03559392724207903,"in_deg=1, out_deg=0, in_kzt=100000, pass_through=0; depth=4: артефакт глубины",1,0,100000.0,0.0,0.0005415136966287572,0.0,4,False,True
100000008554390100,terminal,0.5,43,0.019349251791813963,"in_deg=1, out_deg=0, in_kzt=14000, pass_through=0; depth=4: артефакт глубины",1,0,14000.0,0.0,0.0002943728235865713,0.0,4,False,True
100000004691350100,terminal,0.5,5,0.05854531752677966,"in_deg=1, out_deg=0, in_kzt=13300, pass_through=0; depth=4: артефакт глубины",1,0,13300.0,0.0,0.0008906882092165298,0.0,4,False,True
100000004652395100,terminal,0.5,0,0.022164176474883248,"in_deg=3, out_deg=0, in_kzt=101528, pass_through=0; depth=4: артефакт глубины",3,0,101528.0,0.0,0.00033719811399336665,0.0,4,False,True
100000004979264100,terminal,0.5,39,0.027160299951703798,"in_deg=1, out_deg=0, in_kzt=39800, pass_through=0; depth=4: артефакт глубины",1,0,39800.0,0.0,0.00041320740834143224,0.0,4,False,True
100000008074304100,terminal,0.5,9,0.02194736916090306,"in_deg=1, out_deg=0, in_kzt=5500, pass_through=0; depth=4: артефакт глубины",1,0,5500.0,0.0,0.0003338996825151237,0.0,4,False,True
100000002227989100,terminal,0.5,30,0.026041956640809716,"in_deg=1, out_deg=0, in_kzt=20000, pass_through=0; depth=4: артефакт глубины",1,0,20000.0,0.0,0.0003961933200599245,0.0,4,False,True
100000003207060100,terminal,0.5,0,0.028218472595749416,"in_deg=1, out_deg=0, in_kzt=53000, pass_through=0; depth=4: артефакт глубины",1,0,53000.0,0.0,0.0004293060809113743,0.0,4,False,True
100000004601193100,terminal,0.5,10,0.039833829120897606,"in_deg=1, out_deg=0, in_kzt=84000, pass_through=0; depth=4: артефакт глубины",1,0,84000.0,0.0,0.0006060180971723414,0.0,4,False,True
100000004991593100,terminal,0.5,7,0.02343067305178207,"in_deg=1, out_deg=0, in_kzt=45000, pass_through=0; depth=4: артефакт глубины",1,0,45000.0,0.0,0.00035646615481560467,0.0,4,False,True
100000003128638100,terminal,0.5,4,0.023648272225053463,"in_deg=1, out_deg=0, in_kzt=300000, pass_through=0; depth=4: артефакт глубины",1,0,300000.0,0.0,0.00035977663336718896,0.0,4,False,True
100000005878334100,terminal,0.5,7,0.02633977543424068,"in_deg=1, out_deg=0, in_kzt=76400, pass_through=0; depth=4: артефакт глубины",1,0,76400.0,0.0,0.0004007242321635392,0.0,4,False,True
100000002878483100,terminal,0.5,43,0.01906664952756504,"in_deg=1, out_deg=0, in_kzt=6000, pass_through=0; depth=4: артефакт глубины",1,0,6000.0,0.0,0.00029007341049432393,0.0,4,False,True
100000000981693100,terminal,0.5,0,0.03492916563975383,"in_deg=1, out_deg=0, in_kzt=16500, pass_through=0; depth=4: артефакт глубины",1,0,16500.0,0.0,0.0005314002435612235,0.0,4,False,True
100000006416061100,terminal,0.5,1,0.028708915118835016,"in_deg=1, out_deg=0, in_kzt=30000, pass_through=0; depth=4: артефакт глубины",1,0,30000.0,0.0,0.0004367675038067396,0.0,4,False,True
100000008168850100,terminal,0.5,9,0.035192894856256936,"in_deg=1, out_deg=0, in_kzt=187910, pass_through=0; depth=4: артефакт глубины",1,0,187910.0,0.0,0.0005354125286335144,0.0,4,False,True
100000004747154100,terminal,0.5,47,0.021942818303730748,"in_deg=1, out_deg=0, in_kzt=67000, pass_through=0; depth=4: артефакт глубины",1,0,67000.0,0.0,0.00033383044734830865,0.0,4,False,True
100000008524903100,terminal,0.5,0,0.0219046504747671,"in_deg=1, out_deg=0, in_kzt=15000, pass_through=0; depth=4: артефакт глубины",1,0,15000.0,0.0,0.0003332497752012362,0.0,4,False,True
100000005049404100,terminal,0.5,9,0.0206414020690945,"in_deg=1, out_deg=0, in_kzt=98000, pass_through=0; depth=4: артефакт глубины",1,0,98000.0,0.0,0.00031403115093244654,0.0,4,False,True
100000002258492100,terminal,0.5,46,0.035658025530470844,"in_deg=1, out_deg=0, in_kzt=9000, pass_through=0; depth=4: артефакт глубины",1,0,9000.0,0.0,0.0005424888658158649,0.0,4,False,True
100000005497148100,terminal,0.5,9,0.03234999091239531,"in_deg=1, out_deg=0, in_kzt=24000, pass_through=0; depth=4: артефакт глубины",1,0,24000.0,0.0,0.0004921615714314379,0.0,4,False,True
100000004596284100,terminal,0.5,3,0.03904677048408811,"in_deg=1, out_deg=0, in_kzt=30000, pass_through=0; depth=4: артефакт глубины",1,0,30000.0,0.0,0.0005940440593264011,0.0,4,False,True
100000007960337100,terminal,0.5,7,0.019989982343337903,"in_deg=1, out_deg=0, in_kzt=35500, pass_through=0; depth=4: артефакт глубины",1,0,35500.0,0.0,0.00030412067655988777,0.0,4,False,True
100000003180305100,terminal,0.5,0,0.03486020123873752,"in_deg=1, out_deg=0, in_kzt=144000, pass_through=0; depth=4: артефакт глубины",1,0,144000.0,0.0,0.0005303510430199025,0.0,4,False,True
100000007653094100,terminal,0.5,11,0.03798642971688816,"in_deg=1, out_deg=0, in_kzt=16000, pass_through=0; depth=4: артефакт глубины",1,0,16000.0,0.0,0.0005779124016807729,0.0,4,False,True
100000008175078100,terminal,0.5,18,0.030967795974633984,"in_deg=1, out_deg=0, in_kzt=1.84671e+06, pass_through=0; depth=4: артефакт глубины",1,0,1846711.0,0.0,0.00047113333576870276,0.0,4,False,True
100000004263867100,terminal,0.5,43,0.019172625376658384,"in_deg=1, out_deg=0, in_kzt=9000, pass_through=0; depth=4: артефакт глубины",1,0,9000.0,0.0,0.0002916856904039167,0.0,4,False,True
100000002194320100,terminal,0.5,42,0.03212090314003823,"in_deg=1, out_deg=0, in_kzt=275000, pass_through=0; depth=4: артефакт глубины",1,0,275000.0,0.0,0.0004886763093074297,0.0,4,False,True
100000001222245100,terminal,0.5,9,0.03625386462690019,"in_deg=1, out_deg=0, in_kzt=420000, pass_through=0; depth=4: артефакт глубины",1,0,420000.0,0.0,0.0005515537557199481,0.0,4,False,True
100000008151098100,terminal,0.5,13,0.020423956317552807,"in_deg=1, out_deg=0, in_kzt=30000, pass_through=0; depth=4: артефакт глубины",1,0,30000.0,0.0,0.0003107230064859872,0.0,4,False,True
100000008735802100,terminal,0.5,0,0.03358396923306744,"in_deg=1, out_deg=0, in_kzt=85000, pass_through=0; depth=4: артефакт глубины",1,0,85000.0,0.0,0.0005109348907519582,0.0,4,False,True
100000004047887100,terminal,0.5,28,0.019016071432112456,"in_deg=1, out_deg=0, in_kzt=30000, pass_through=0; depth=4: артефакт глубины",1,0,30000.0,0.0,0.00028930393284577185,0.0,4,False,True
100000003146511100,terminal,0.5,11,0.020587088480826212,"in_deg=1, out_deg=0, in_kzt=10000, pass_through=0; depth=4: артефакт глубины",1,0,10000.0,0.0,0.0003132048427883549,0.0,4,False,True
100000007511780100,terminal,0.5,45,0.03684435703941246,"in_deg=1, out_deg=0, in_kzt=155000, pass_through=0; depth=4: артефакт глубины",1,0,155000.0,0.0,0.0005605373030244089,0.0,4,False,True
100000007867364100,terminal,0.5,40,0.029625417670932852,"in_deg=1, out_deg=0, in_kzt=41852, pass_through=0; depth=4: артефакт глубины",1,0,41852.0,0.0,0.0004507108566034343,0.0,4,False,True
100000006288612100,terminal,0.5,6,0.019650435125234404,"in_deg=1, out_deg=0, in_kzt=30805, pass_through=0; depth=4: артефакт глубины",1,0,30805.0,0.0,0.0002989549226377449,0.0,4,False,True
100000006735545100,terminal,0.5,7,0.01936313952075653,"in_deg=1, out_deg=0, in_kzt=5000, pass_through=0; depth=4: артефакт глубины",1,0,5000.0,0.0,0.0002945841066907457,0.0,4,False,True
100000004403641100,terminal,0.5,22,0.01984355696619731,"in_deg=1, out_deg=0, in_kzt=171500, pass_through=0; depth=4: артефакт глубины",1,0,171500.0,0.0,0.000301893011522636,0.0,4,False,True
100000003370425100,terminal,0.5,11,0.04276936268876562,"in_deg=1, out_deg=0, in_kzt=20000, pass_through=0; depth=4: артефакт глубины",1,0,20000.0,0.0,0.0006506782894321816,0.0,4,False,True
100000004350094100,terminal,0.5,40,0.05896821786694069,"in_deg=1, out_deg=0, in_kzt=20000, pass_through=0; depth=4: артефакт глубины",1,0,20000.0,0.0,0.0008971220687046569,0.0,4,False,True
100000004911971100,terminal,0.5,18,0.019084272697933266,"in_deg=1, out_deg=0, in_kzt=35000, pass_through=0; depth=4: артефакт глубины",1,0,35000.0,0.0,0.0002903415233122076,0.0,4,False,True
100000001202787100,terminal,0.5,0,0.02318333834412857,"in_deg=2, out_deg=0, in_kzt=14850, pass_through=0; depth=4: артефакт глубины",2,0,14850.0,0.0,0.00035270329012986404,0.0,4,False,True
100000008469048100,terminal,0.5,0,0.03820944889078511,"in_deg=1, out_deg=0, in_kzt=265200, pass_through=0; depth=4: артефакт глубины",1,0,265200.0,0.0,0.0005813053382470212,0.0,4,False,True
100000002635746100,terminal,0.5,43,0.019041921829443254,"in_deg=1, out_deg=0, in_kzt=5300, pass_through=0; depth=4: артефакт глубины",1,0,5300.0,0.0,0.00028969721184875225,0.0,4,False,True
100000008321975100,terminal,0.5,30,0.020020268103801378,"in_deg=1, out_deg=0, in_kzt=5900, pass_through=0; depth=4: артефакт глубины",1,0,5900.0,0.0,0.00030458143364331516,0.0,4,False,True
100000003078839100,terminal,0.5,7,0.020783693299188576,"in_deg=1, out_deg=0, in_kzt=14000, pass_through=0; depth=4: артефакт глубины",1,0,14000.0,0.0,0.00031619592048659126,0.0,4,False,True
100000004006327100,terminal,0.5,39,0.036644438048766256,"in_deg=1, out_deg=0, in_kzt=300000, pass_through=0; depth=4: артефакт глубины",1,0,300000.0,0.0,0.0005574958046554642,0.0,4,False,True
100000007865484100,terminal,0.5,61,0.024176292618251133,"in_deg=1, out_deg=0, in_kzt=584600, pass_through=0; depth=4: артефакт глубины",1,0,584600.0,0.0,0.0003678097529797338,0.0,4,False,True
100000005367180100,terminal,0.5,7,0.051671121409120474,"in_deg=1, out_deg=0, in_kzt=7700, pass_through=0; depth=4: артефакт глубины",1,0,7700.0,0.0,0.0007861065673620736,0.0,4,False,True
100000001669260100,terminal,0.5,7,0.03697697077566136,"in_deg=1, out_deg=0, in_kzt=500000, pass_through=0; depth=4: артефакт глубины",1,0,500000.0,0.0,0.0005625548425347723,0.0,4,False,True
100000001297206100,terminal,0.5,0,0.019708958912770348,"in_deg=1, out_deg=0, in_kzt=6758, pass_through=0; depth=4: артефакт глубины",1,0,6758.0,0.0,0.0002998452832971284,0.0,4,False,True
100000002645046100,terminal,0.5,43,0.019278601225751736,"in_deg=1, out_deg=0, in_kzt=12000, pass_through=0; depth=4: артефакт глубины",1,0,12000.0,0.0,0.0002932979703135095,0.0,4,False,True
100000006308406100,terminal,0.5,30,0.03560325247979996,"in_deg=1, out_deg=0, in_kzt=183000, pass_through=0; depth=4: артефакт глубины",1,0,183000.0,0.0,0.0005416555675697146,0.0,4,False,True
100000002728246100,terminal,0.5,9,0.035559653659702754,"in_deg=1, out_deg=0, in_kzt=10000, pass_through=0; depth=4: артефакт глубины",1,0,10000.0,0.0,0.0005409922702021911,0.0,4,False,True
100000001590795100,terminal,0.5,43,0.019033443761515785,"in_deg=1, out_deg=0, in_kzt=5060, pass_through=0; depth=4: артефакт глубины",1,0,5060.0,0.0,0.00028956822945598484,0.0,4,False,True
100000006257675100,terminal,0.5,30,0.02526124878855601,"in_deg=1, out_deg=0, in_kzt=70000, pass_through=0; depth=4: артефакт глубины",1,0,70000.0,0.0,0.0003843159008533916,0.0,4,False,True
100000002130400100,terminal,0.5,24,0.020965161748839597,"in_deg=1, out_deg=0, in_kzt=10000, pass_through=0; depth=4: артефакт глубины",1,0,10000.0,0.0,0.0003189567187071328,0.0,4,False,True
100000000557536100,terminal,0.5,18,0.01985826796906133,"in_deg=1, out_deg=0, in_kzt=153000, pass_through=0; depth=4: артефакт глубины",1,0,153000.0,0.0,0.0003021168196314696,0.0,4,False,True
100000002689717100,terminal,0.5,16,0.020028182089923092,"in_deg=1, out_deg=0, in_kzt=47500, pass_through=0; depth=4: артефакт глубины",1,0,47500.0,0.0,0.0003047018342906136,0.0,4,False,True
100000005189258100,terminal,0.5,0,0.020861407691250042,"in_deg=1, out_deg=0, in_kzt=50000, pass_through=0; depth=4: артефакт глубины",1,0,50000.0,0.0,0.0003173782403649302,0.0,4,False,True
100000002748511100,terminal,0.5,3,0.03745587555469065,"in_deg=1, out_deg=0, in_kzt=20000, pass_through=0; depth=4: артефакт глубины",1,0,20000.0,0.0,0.0005698407341831303,0.0,4,False,True
100000002371892100,terminal,0.5,52,0.02023845307619901,"in_deg=1, out_deg=0, in_kzt=43830, pass_through=0; depth=4: артефакт глубины",1,0,43830.0,0.0,0.00030790082434017,0.0,4,False,True
100000008130868100,terminal,0.5,22,0.029814699246648653,"in_deg=1, out_deg=0, in_kzt=22782, pass_through=0; depth=4: артефакт глубины",1,0,22782.0,0.0,0.00045359052102125687,0.0,4,False,True
100000007153161100,terminal,0.5,0,0.035052141618284086,"in_deg=1, out_deg=0, in_kzt=44997, pass_through=0; depth=4: артефакт глубины",1,0,44997.0,0.0,0.0005332711575594892,0.0,4,False,True
100000002994441100,terminal,0.5,7,0.03652496036172061,"in_deg=1, out_deg=0, in_kzt=5000, pass_through=0; depth=4: артефакт глубины",1,0,5000.0,0.0,0.0005556781124537378,0.0,4,False,True
100000001065481100,terminal,0.5,11,0.028537770095566406,"in_deg=1, out_deg=0, in_kzt=16000, pass_through=0; depth=4: артефакт глубины",1,0,16000.0,0.0,0.00043416376262416407,0.0,4,False,True
100000007731977100,terminal,0.5,1,0.02223463598164105,"in_deg=1, out_deg=0, in_kzt=50000, pass_through=0; depth=4: артефакт глубины",1,0,50000.0,0.0,0.00033827006055626096,0.0,4,False,True
100000003252446100,terminal,0.5,39,0.01980646841710193,"in_deg=1, out_deg=0, in_kzt=108600, pass_through=0; depth=4: артефакт глубины",1,0,108600.0,0.0,0.0003013287591661415,0.0,4,False,True
100000002671326100,terminal,0.5,39,0.04155214775343396,"in_deg=1, out_deg=0, in_kzt=1.05e+06, pass_through=0; depth=4: артефакт глубины",1,0,1050000.0,0.0,0.0006321600024575443,0.0,4,False,True
100000005087923100,terminal,0.5,2,0.03040505580327429,"in_deg=1, out_deg=0, in_kzt=20000, pass_through=0; depth=4: артефакт глубины",1,0,20000.0,0.0,0.0004625720014612528,0.0,4,False,True
100000008770483100,terminal,0.5,57,0.019074034692558514,"in_deg=1, out_deg=0, in_kzt=5000, pass_through=0; depth=4: артефакт глубины",1,0,5000.0,0.0,0.00029018576583990385,0.0,4,False,True
100000002748040100,terminal,0.5,16,0.019299386601795296,"in_deg=1, out_deg=0, in_kzt=18000, pass_through=0; depth=4: артефакт глубины",1,0,18000.0,0.0,0.0002936141918346869,0.0,4,False,True
100000004800648100,terminal,0.5,6,0.022238615562121228,"in_deg=1, out_deg=0, in_kzt=131000, pass_through=0; depth=4: артефакт глубины",1,0,131000.0,0.0,0.00033833060451709444,0.0,4,False,True
100000005025629100,terminal,0.5,9,0.020741363455683448,"in_deg=1, out_deg=0, in_kzt=5227, pass_through=0; depth=4: артефакт глубины",1,0,5227.0,0.0,0.0003155519288899832,0.0,4,False,True
100000000581682100,terminal,0.5,14,0.0192039495520679,"in_deg=1, out_deg=0, in_kzt=5000, pass_through=0; depth=4: артефакт глубины",1,0,5000.0,0.0,0.00029216224557313106,0.0,4,False,True
100000004976946100,terminal,0.5,61,0.021094027829485603,"in_deg=1, out_deg=0, in_kzt=246000, pass_through=0; depth=4: артефакт глубины",1,0,246000.0,0.0,0.0003209172426815196,0.0,4,False,True
100000000957746100,terminal,0.5,26,0.02292969120499108,"in_deg=1, out_deg=0, in_kzt=5300, pass_through=0; depth=4: артефакт глубины",1,0,5300.0,0.0,0.0003488443902950835,0.0,4,False,True
100000003001138100,terminal,0.5,14,0.02095020816551571,"in_deg=1, out_deg=0, in_kzt=30000, pass_through=0; depth=4: артефакт глубины",1,0,30000.0,0.0,0.00031872922006309466,0.0,4,False,True
100000001325618100,terminal,0.5,43,0.019183222961567718,"in_deg=1, out_deg=0, in_kzt=9300, pass_through=0; depth=4: артефакт глубины",1,0,9300.0,0.0,0.00029184691839487595,0.0,4,False,True
100000003792647100,terminal,0.5,9,0.02642446160897449,"in_deg=1, out_deg=0, in_kzt=8000, pass_through=0; depth=4: артефакт глубины",1,0,8000.0,0.0,0.000402012618331819,0.0,4,False,True
100000004107228100,terminal,0.5,1,0.01906190688315296,"in_deg=1, out_deg=0, in_kzt=5000, pass_through=0; depth=4: артефакт глубины",1,0,5000.0,0.0,0.00029000125754278497,0.0,4,False,True
100000003500764100,terminal,0.5,26,0.03500089799690053,"in_deg=1, out_deg=0, in_kzt=21000, pass_through=0; depth=4: артефакт глубины",1,0,21000.0,0.0,0.0005324915548296379,0.0,4,False,True
100000004261340100,terminal,0.5,0,0.02293505030065047,"in_deg=1, out_deg=0, in_kzt=48500, pass_through=0; depth=4: артефакт глубины",1,0,48500.0,0.0,0.00034892592172266004,0.0,4,False,True
100000008172721100,terminal,0.5,7,0.026092438597089603,"in_deg=1, out_deg=0, in_kzt=168335, pass_through=0; depth=4: артефакт глубины",1,0,168335.0,0.0,0.00039696133508035906,0.0,4,False,True
100000005079473100,terminal,0.5,7,0.02152388604913878,"in_deg=1, out_deg=0, in_kzt=39312, pass_through=0; depth=4: артефакт глубины",1,0,39312.0,0.0,0.00032745695694141343,0.0,4,False,True
100000004850609100,terminal,0.5,0,0.02066734993723085,"in_deg=1, out_deg=0, in_kzt=10000, pass_through=0; depth=4: артефакт глубины",1,0,10000.0,0.0,0.0003144259128225461,0.0,4,False,True
100000005042822100,terminal,0.5,34,0.02987963082578316,"in_deg=1, out_deg=0, in_kzt=1e+06, pass_through=0; depth=4: артефакт глубины",1,0,1000000.0,0.0,0.00045457836760547706,0.0,4,False,True
100000002794374100,terminal,0.5,57,0.024016304495874163,"in_deg=1, out_deg=0, in_kzt=111000, pass_through=0; depth=4: артефакт глубины",1,0,111000.0,0.0,0.0003653757490279972,0.0,4,False,True
100000002860934100,terminal,0.5,14,0.03837786912772488,"in_deg=1, out_deg=0, in_kzt=279500, pass_through=0; depth=4: артефакт глубины",1,0,279500.0,0.0,0.0005838676254729311,0.0,4,False,True
100000003097947100,terminal,0.5,7,0.021132628775844268,"in_deg=1, out_deg=0, in_kzt=52980, pass_through=0; depth=4: артефакт глубины",1,0,52980.0,0.0,0.0003215045041268186,0.0,4,False,True
100000004260869100,terminal,0.5,3,0.0555922155265681,"in_deg=1, out_deg=0, in_kzt=10000, pass_through=0; depth=4: артефакт глубины",1,0,10000.0,0.0,0.0008457607369041788,0.0,4,False,True
100000008762885100,terminal,0.5,4,0.018966547898610756,"in_deg=1, out_deg=0, in_kzt=7000, pass_through=0; depth=4: артефакт глубины",1,0,7000.0,0.0,0.00028855049893795285,0.0,4,False,True
100000002986245100,terminal,0.5,43,0.019057818206807256,"in_deg=1, out_deg=0, in_kzt=5750, pass_through=0; depth=4: артефакт глубины",1,0,5750.0,0.0,0.00028993905383519115,0.0,4,False,True
100000001471706100,terminal,0.5,46,0.035658025530470844,"in_deg=1, out_deg=0, in_kzt=377000, pass_through=0; depth=4: артефакт глубины",1,0,377000.0,0.0,0.0005424888658158649,0.0,4,False,True
100000002304943100,terminal,0.5,30,0.020227530177773553,"in_deg=1, out_deg=0, in_kzt=15000, pass_through=0; depth=4: артефакт глубины",1,0,15000.0,0.0,0.0003077346471419069,0.0,4,False,True
100000002695812100,terminal,0.5,16,0.02120166635046785,"in_deg=1, out_deg=0, in_kzt=95000, pass_through=0; depth=4: артефакт глубины",1,0,95000.0,0.0,0.00032255481790608885,0.0,4,False,True
100000008761220100,terminal,0.5,4,0.01894154083594979,"in_deg=1, out_deg=0, in_kzt=10000, pass_through=0; depth=4: артефакт глубины",1,0,10000.0,0.0,0.0002881700501369181,0.0,4,False,True
100000004890713100,terminal,0.5,16,0.019854876993339484,"in_deg=1, out_deg=0, in_kzt=40485, pass_through=0; depth=4: артефакт глубины",1,0,40485.0,0.0,0.0003020652304998229,0.0,4,False,True
100000003083865100,terminal,0.5,16,0.01922527180639247,"in_deg=1, out_deg=0, in_kzt=15000, pass_through=0; depth=4: артефакт глубины",1,0,15000.0,0.0,0.0002924866349747621,0.0,4,False,True
100000004030553100,terminal,0.5,7,0.03504452248107001,"in_deg=1, out_deg=0, in_kzt=70000, pass_through=0; depth=4: артефакт глубины",1,0,70000.0,0.0,0.0005331552426414794,0.0,4,False,True
100000002653187100,terminal,0.5,6,0.031244455881496314,"in_deg=1, out_deg=0, in_kzt=15000, pass_through=0; depth=4: артефакт глубины",1,0,15000.0,0.0,0.00047534234389121413,0.0,4,False,True
100000006412162100,terminal,0.5,43,0.019384577074845078,"in_deg=1, out_deg=0, in_kzt=15000, pass_through=0; depth=4: артефакт глубины",1,0,15000.0,0.0,0.0002949102502231022,0.0,4,False,True
100000004674178100,terminal,0.5,12,0.019988351711942437,"in_deg=1, out_deg=0, in_kzt=20000, pass_through=0; depth=4: артефакт глубины",1,0,20000.0,0.0,0.0003040958686978951,0.0,4,False,True
100000004070530100,terminal,0.5,28,0.018962280231201084,"in_deg=1, out_deg=0, in_kzt=20000, pass_through=0; depth=4: артефакт глубины",1,0,20000.0,0.0,0.00028848557212222736,0.0,4,False,True
100000006706519100,terminal,0.5,0,0.02579511580079546,"in_deg=1, out_deg=0, in_kzt=36000, pass_through=0; depth=4: артефакт глубины",1,0,36000.0,0.0,0.0003924379689056117,0.0,4,False,True
100000005636951100,terminal,0.5,2,0.04195541377717025,"in_deg=1, out_deg=0, in_kzt=40000, pass_through=0; depth=4: артефакт глубины",1,0,40000.0,0.0,0.0006382951522473674,0.0,4,False,True
100000003040087100,terminal,0.5,16,0.019571140851605662,"in_deg=1, out_deg=0, in_kzt=29000, pass_through=0; depth=4: артефакт глубины",1,0,29000.0,0.0,0.00029774856698774427,0.0,4,False,True
100000008766764100,terminal,0.5,4,0.018898119332664064,"in_deg=1, out_deg=0, in_kzt=5000, pass_through=0; depth=4: артефакт глубины",1,0,5000.0,0.0,0.00028750945040602826,0.0,4,False,True
100000000299820100,terminal,0.5,7,0.02971952675359182,"in_deg=1, out_deg=0, in_kzt=10000, pass_through=0; depth=4: артефакт глубины",1,0,10000.0,0.0,0.00045214259963337317,0.0,4,False,True
100000008349740100,terminal,0.5,18,0.0193138475664882,"in_deg=1, out_deg=0, in_kzt=70000, pass_through=0; depth=4: артефакт глубины",1,0,70000.0,0.0,0.0002938341959492768,0.0,4,False,True
100000008761132100,terminal,0.5,4,0.01894154083594979,"in_deg=1, out_deg=0, in_kzt=10000, pass_through=0; depth=4: артефакт глубины",1,0,10000.0,0.0,0.0002881700501369181,0.0,4,False,True
100000002540033100,terminal,0.5,33,0.03935078268465676,"in_deg=1, out_deg=0, in_kzt=10000, pass_through=0; depth=4: артефакт глубины",1,0,10000.0,0.0,0.0005986691957838233,0.0,4,False,True
100000001845505100,terminal,0.5,7,0.03910523604056531,"in_deg=1, out_deg=0, in_kzt=20000, pass_through=0; depth=4: артефакт глубины",1,0,20000.0,0.0,0.0005949335340785998,0.0,4,False,True
100000003782913100,terminal,0.5,38,0.01976759695168548,"in_deg=1, out_deg=0, in_kzt=200000, pass_through=0; depth=4: артефакт глубины",1,0,200000.0,0.0,0.00030073738213747366,0.0,4,False,True
100000008778753100,terminal,0.5,12,0.01942152477066039,"in_deg=1, out_deg=0, in_kzt=10000, pass_through=0; depth=4: артефакт глубины",1,0,10000.0,0.0,0.00029547235968651676,0.0,4,False,True
100000008710913100,terminal,0.5,4,0.01902248956497295,"in_deg=1, out_deg=0, in_kzt=14000, pass_through=0; depth=4: артефакт глубины",1,0,14000.0,0.0,0.0002894015760989904,0.0,4,False,True
100000005495211100,terminal,0.5,0,0.03696643547709432,"in_deg=1, out_deg=0, in_kzt=14500, pass_through=0; depth=4: артефакт глубины",1,0,14500.0,0.0,0.0005623945621466788,0.0,4,False,True
100000004013952100,terminal,0.5,0,0.03519700721579873,"in_deg=1, out_deg=0, in_kzt=5500, pass_through=0; depth=4: артефакт глубины",1,0,5500.0,0.0,0.0005354750926490612,0.0,4,False,True
100000007330432100,terminal,0.5,52,0.03552895920049705,"in_deg=1, out_deg=0, in_kzt=584900, pass_through=0; depth=4: артефакт глубины",1,0,584900.0,0.0,0.000540525295317474,0.0,4,False,True
100000000737152100,terminal,0.5,0,0.02274492435248647,"in_deg=1, out_deg=0, in_kzt=35000, pass_through=0; depth=4: артефакт глубины",1,0,35000.0,0.0,0.00034603341131449075,0.0,4,False,True
100000004674389100,terminal,0.5,10,0.023240901874701868,"in_deg=1, out_deg=0, in_kzt=15000, pass_through=0; depth=4: артефакт глубины",1,0,15000.0,0.0,0.000353579041771984,0.0,4,False,True
100000002529877100,terminal,0.5,22,0.0201923964867661,"in_deg=1, out_deg=0, in_kzt=232000, pass_through=0; depth=4: артефакт глубины",1,0,232000.0,0.0,0.0003072001353201497,0.0,4,False,True
100000004035925100,terminal,0.5,66,0.030528233550462375,"in_deg=1, out_deg=0, in_kzt=1.11159e+06, pass_through=0; depth=4: артефакт глубины",1,0,1111588.0,0.0,0.00046444598509808423,0.0,4,False,True
100000002188586100,terminal,0.5,16,0.01980114376667243,"in_deg=1, out_deg=0, in_kzt=38310, pass_through=0; depth=4: артефакт глубины",1,0,38310.0,0.0,0.0003012477517763774,0.0,4,False,True
100000008050986100,terminal,0.5,9,0.020586707041348087,"in_deg=1, out_deg=0, in_kzt=95000, pass_through=0; depth=4: артефакт глубины",1,0,95000.0,0.0,0.00031319903970008,0.0,4,False,True
100000004777215100,terminal,0.5,30,0.030707954857409226,"in_deg=1, out_deg=0, in_kzt=60000, pass_through=0; depth=4: артефакт глубины",1,0,60000.0,0.0,0.00046718020289388527,0.0,4,False,True
100000000926078100,terminal,0.5,7,0.034101525643689456,"in_deg=1, out_deg=0, in_kzt=250000, pass_through=0; depth=4: артефакт глубины",1,0,250000.0,0.0,0.0005188088149532335,0.0,4,False,True
100000003486846100,terminal,0.5,3,0.03506474560192033,"in_deg=1, out_deg=0, in_kzt=27000, pass_through=0; depth=4: артефакт глубины",1,0,27000.0,0.0,0.0005334629102066386,0.0,4,False,True
100000002516862100,terminal,0.5,54,0.02307071541147817,"in_deg=1, out_deg=0, in_kzt=81710, pass_through=0; depth=4: артефакт глубины",1,0,81710.0,0.0,0.00035098988379035254,0.0,4,False,True
100000008730238100,terminal,0.5,39,0.03718305858490805,"in_deg=1, out_deg=0, in_kzt=113000, pass_through=0; depth=4: артефакт глубины",1,0,113000.0,0.0,0.0005656901911760248,0.0,4,False,True
100000000803368100,terminal,0.5,38,0.036189093991465526,"in_deg=1, out_deg=0, in_kzt=139503, pass_through=0; depth=4: артефакт глубины",1,0,139503.0,0.0,0.0005505683576775047,0.0,4,False,True
100000002528978100,terminal,0.5,16,0.01924750624501332,"in_deg=1, out_deg=0, in_kzt=15900, pass_through=0; depth=4: артефакт глубины",1,0,15900.0,0.0,0.0002928249020327396,0.0,4,False,True
100000002597074100,terminal,0.5,0,0.0204956191643387,"in_deg=1, out_deg=0, in_kzt=8000, pass_through=0; depth=4: артефакт глубины",1,0,8000.0,0.0,0.00031181326024781687,0.0,4,False,True
100000003631015100,terminal,0.5,61,0.02127608717908782,"in_deg=1, out_deg=0, in_kzt=266000, pass_through=0; depth=4: артефакт глубины",1,0,266000.0,0.0,0.0003236870306495181,0.0,4,False,True
100000008255655100,terminal,0.5,26,0.03506847368986496,"in_deg=1, out_deg=0, in_kzt=5400, pass_through=0; depth=4: артефакт глубины",1,0,5400.0,0.0,0.000533519628047031,0.0,4,False,True
100000004265639100,terminal,0.5,7,0.036462304669530474,"in_deg=1, out_deg=0, in_kzt=10000, pass_through=0; depth=4: артефакт глубины",1,0,10000.0,0.0,0.0005547248904262286,0.0,4,False,True
100000002726055100,terminal,0.5,30,0.02244832723509403,"in_deg=1, out_deg=0, in_kzt=10000, pass_through=0; depth=4: артефакт глубины",1,0,10000.0,0.0,0.00034152108536753147,0.0,4,False,True
100000003696422100,terminal,0.5,34,0.04676097671024442,"in_deg=1, out_deg=0, in_kzt=118000, pass_through=0; depth=4: артефакт глубины",1,0,118000.0,0.0,0.0007114053244004059,0.0,4,False,True
100000007745062100,terminal,0.5,6,0.04127586932045194,"in_deg=1, out_deg=0, in_kzt=100000, pass_through=0; depth=4: артефакт глубины",1,0,100000.0,0.0,0.000627956797946691,0.0,4,False,True
100000005041147100,terminal,0.5,0,0.03523793426285689,"in_deg=1, out_deg=0, in_kzt=10000, pass_through=0; depth=4: артефакт глубины",1,0,10000.0,0.0,0.0005360977425857718,0.0,4,False,True
100000003819173100,terminal,0.5,7,0.01949103663647847,"in_deg=1, out_deg=0, in_kzt=143777, pass_through=0; depth=4: артефакт глубины",1,0,143777.0,0.0,0.0002965298891679563,0.0,4,False,True
100000001275557100,terminal,0.5,27,0.022946117091642154,"in_deg=1, out_deg=0, in_kzt=20000, pass_through=0; depth=4: артефакт глубины",1,0,20000.0,0.0,0.00034909428805265133,0.0,4,False,True
100000002706810100,terminal,0.5,43,0.020444335565778574,"in_deg=1, out_deg=0, in_kzt=45000, pass_through=0; depth=4: артефакт глубины",1,0,45000.0,0.0,0.00031103304931902993,0.0,4,False,True
100000002896506100,terminal,0.5,9,0.020706893931562137,"in_deg=1, out_deg=0, in_kzt=45000, pass_through=0; depth=4: артефакт глубины",1,0,45000.0,0.0,0.0003150275214734872,0.0,4,False,True
100000008766031100,terminal,0.5,4,0.018914623449233555,"in_deg=1, out_deg=0, in_kzt=5000, pass_through=0; depth=4: артефакт глубины",1,0,5000.0,0.0,0.0002877605383265141,0.0,4,False,True
100000008758607100,terminal,0.5,4,0.018898119332664064,"in_deg=1, out_deg=0, in_kzt=5000, pass_through=0; depth=4: артефакт глубины",1,0,5000.0,0.0,0.00028750945040602826,0.0,4,False,True
100000008648783100,terminal,0.5,43,0.019038389301140143,"in_deg=1, out_deg=0, in_kzt=5200, pass_through=0; depth=4: артефакт глубины",1,0,5200.0,0.0,0.00028964346918509916,0.0,4,False,True
100000004291663100,terminal,0.5,1,0.020544666905509698,"in_deg=1, out_deg=0, in_kzt=25000, pass_through=0; depth=4: артефакт глубины",1,0,25000.0,0.0,0.0003125594556156997,0.0,4,False,True
100000003037476100,terminal,0.5,4,0.023725410673757854,"in_deg=3, out_deg=0, in_kzt=555000, pass_through=0; depth=4: артефакт глубины",3,0,555000.0,0.0,0.00036095019104252015,0.0,4,False,True
100000008715513100,terminal,0.5,43,0.02000276952788962,"in_deg=1, out_deg=0, in_kzt=32500, pass_through=0; depth=4: артефакт глубины",1,0,32500.0,0.0,0.0003043152163623934,0.0,4,False,True
100000001276409100,terminal,0.5,16,0.02119573716683562,"in_deg=1, out_deg=0, in_kzt=94760, pass_through=0; depth=4: артефакт глубины",1,0,94760.0,0.0,0.00032246461335729487,0.0,4,False,True
100000003232675100,terminal,0.5,11,0.02647721669574898,"in_deg=1, out_deg=0, in_kzt=44000, pass_through=0; depth=4: артефакт глубины",1,0,44000.0,0.0,0.00040281521597329117,0.0,4,False,True
100000007988344100,terminal,0.5,0,0.0255803926510151,"in_deg=1, out_deg=0, in_kzt=20000, pass_through=0; depth=4: артефакт глубины",1,0,20000.0,0.0,0.00038917124518056363,0.0,4,False,True
100000003047800100,terminal,0.5,22,0.024729666546247146,"in_deg=1, out_deg=0, in_kzt=12212, pass_through=0; depth=4: артефакт глубины",1,0,12212.0,0.0,0.00037622859250056195,0.0,4,False,True
100000003230328100,terminal,0.5,1,0.023218708078047014,"in_deg=3, out_deg=0, in_kzt=26572, pass_through=0; depth=4: артефакт глубины",3,0,26572.0,0.0,0.0003532413930268186,0.0,4,False,True
100000002702968100,terminal,0.5,16,0.019635373674288113,"in_deg=1, out_deg=0, in_kzt=31600, pass_through=0; depth=4: артефакт глубины",1,0,31600.0,0.0,0.00029872578293301243,0.0,4,False,True
100000004788983100,terminal,0.5,0,0.024392807334869558,"in_deg=1, out_deg=0, in_kzt=27000, pass_through=0; depth=4: артефакт глубины",1,0,27000.0,0.0,0.0003711037329829284,0.0,4,False,True
100000006490615100,terminal,0.5,11,0.026061442939401488,"in_deg=1, out_deg=0, in_kzt=41600, pass_through=0; depth=4: артефакт глубины",1,0,41600.0,0.0,0.0003964897778661192,0.0,4,False,True
100000008745676100,terminal,0.5,20,0.03501112130485586,"in_deg=1, out_deg=0, in_kzt=34547, pass_through=0; depth=4: артефакт глубины",1,0,34547.0,0.0,0.0005326470887004865,0.0,4,False,True
100000001598625100,terminal,0.5,7,0.0283140658595678,"in_deg=1, out_deg=0, in_kzt=25000, pass_through=0; depth=4: артефакт глубины",1,0,25000.0,0.0,0.0004307604037600737,0.0,4,False,True
100000008461217100,terminal,0.5,44,0.0360184118919724,"in_deg=1, out_deg=0, in_kzt=18000, pass_through=0; depth=4: артефакт глубины",1,0,18000.0,0.0,0.0005479716592571175,0.0,4,False,True
100000005711521100,terminal,0.5,11,0.03524334017882532,"in_deg=1, out_deg=0, in_kzt=238000, pass_through=0; depth=4: артефакт глубины",1,0,238000.0,0.0,0.0005361799863213344,0.0,4,False,True
100000002713974100,terminal,0.5,7,0.02178416640325377,"in_deg=1, out_deg=0, in_kzt=50000, pass_through=0; depth=4: артефакт глубины",1,0,50000.0,0.0,0.0003314167722143408,0.0,4,False,True
100000005272139100,terminal,0.5,3,0.04987283206390336,"in_deg=1, out_deg=0, in_kzt=165000, pass_through=0; depth=4: артефакт глубины",1,0,165000.0,0.0,0.0007587480153171224,0.0,4,False,True
100000002968096100,terminal,0.5,7,0.021093287011833817,"in_deg=1, out_deg=0, in_kzt=70000, pass_through=0; depth=4: артефакт глубины",1,0,70000.0,0.0,0.00032090597213802445,0.0,4,False,True
100000004449824100,terminal,0.5,43,0.019172625376658384,"in_deg=1, out_deg=0, in_kzt=9000, pass_through=0; depth=4: артефакт глубины",1,0,9000.0,0.0,0.0002916856904039167,0.0,4,False,True
100000004502048100,terminal,0.5,40,0.02242881034872052,"in_deg=1, out_deg=0, in_kzt=13888, pass_through=0; depth=4: артефакт глубины",1,0,13888.0,0.0,0.0003412241622094061,0.0,4,False,True
100000002660298100,terminal,0.5,16,0.01961808022202745,"in_deg=1, out_deg=0, in_kzt=30900, pass_through=0; depth=4: артефакт глубины",1,0,30900.0,0.0,0.00029846268633236333,0.0,4,False,True
100000001299828100,terminal,0.5,0,0.036128716885269356,"in_deg=1, out_deg=0, in_kzt=100000, pass_through=0; depth=4: артефакт глубины",1,0,100000.0,0.0,0.000549649801269113,0.0,4,False,True
100000000581662100,terminal,0.5,22,0.01999977608650615,"in_deg=1, out_deg=0, in_kzt=21160, pass_through=0; depth=4: артефакт глубины",1,0,21160.0,0.0,0.0003042696751806581,0.0,4,False,True
100000001249054100,terminal,0.5,16,0.01928394601941971,"in_deg=1, out_deg=0, in_kzt=17375, pass_through=0; depth=4: артефакт глубины",1,0,17375.0,0.0,0.0002933792841555359,0.0,4,False,True
100000008759795100,terminal,0.5,43,0.019455227640907312,"in_deg=1, out_deg=0, in_kzt=17000, pass_through=0; depth=4: артефакт глубины",1,0,17000.0,0.0,0.000295985103496164,0.0,4,False,True
100000001299443100,terminal,0.5,43,0.01913730009362727,"in_deg=1, out_deg=0, in_kzt=8000, pass_through=0; depth=4: артефакт глубины",1,0,8000.0,0.0,0.0002911482637673858,0.0,4,False,True
100000007997939100,terminal,0.5,4,0.023633170861320326,"in_deg=1, out_deg=0, in_kzt=13000, pass_through=0; depth=4: артефакт глубины",1,0,13000.0,0.0,0.0003595468864431238,0.0,4,False,True
100000003470579100,terminal,0.5,13,0.037528873838654504,"in_deg=1, out_deg=0, in_kzt=357000, pass_through=0; depth=4: артефакт глубины",1,0,357000.0,0.0,0.0005709513048242393,0.0,4,False,True
100000008649416100,terminal,0.5,26,0.035235689744417216,"in_deg=1, out_deg=0, in_kzt=5000, pass_through=0; depth=4: артефакт глубины",1,0,5000.0,0.0,0.0005360635952586406,0.0,4,False,True
100000008183752100,terminal,0.5,33,0.035002257181446686,"in_deg=1, out_deg=0, in_kzt=140000, pass_through=0; depth=4: артефакт глубины",1,0,140000.0,0.0,0.0005325122329931624,0.0,4,False,True
100000003950749100,terminal,0.5,3,0.025365110033237645,"in_deg=1, out_deg=0, in_kzt=7000, pass_through=0; depth=4: артефакт глубины",1,0,7000.0,0.0,0.0003858960099029355,0.0,4,False,True
100000005979037100,terminal,0.5,7,0.021447359891890526,"in_deg=1, out_deg=0, in_kzt=60300, pass_through=0; depth=4: артефакт глубины",1,0,60300.0,0.0,0.0003262927144564958,0.0,4,False,True
100000008734279100,terminal,0.5,7,0.019895238736025195,"in_deg=1, out_deg=0, in_kzt=31650, pass_through=0; depth=4: артефакт глубины",1,0,31650.0,0.0,0.0003026792800913577,0.0,4,False,True
100000005589319100,terminal,0.5,1,0.02046445041556061,"in_deg=1, out_deg=0, in_kzt=26000, pass_through=0; depth=4: артефакт глубины",1,0,26000.0,0.0,0.0003113390696856088,0.0,4,False,True
100000003626268100,terminal,0.5,7,0.03504849417629453,"in_deg=1, out_deg=0, in_kzt=5000, pass_through=0; depth=4: артефакт глубины",1,0,5000.0,0.0,0.0005332156666387608,0.0,4,False,True
100000001220124100,terminal,0.5,7,0.035620246389847884,"in_deg=1, out_deg=0, in_kzt=40000, pass_through=0; depth=4: артефакт глубины",1,0,40000.0,0.0,0.0005419141070387549,0.0,4,False,True
100000003904497100,terminal,0.5,4,0.022530446315487562,"in_deg=1, out_deg=0, in_kzt=10000, pass_through=0; depth=4: артефакт глубины",1,0,10000.0,0.0,0.0003427704166505118,0.0,4,False,True
100000001270470100,terminal,0.5,0,0.02837155600199436,"in_deg=1, out_deg=0, in_kzt=28300, pass_through=0; depth=4: артефакт глубины",1,0,28300.0,0.0,0.00043163503890031514,0.0,4,False,True
100000003091142100,terminal,0.5,0,0.027059304504180145,"in_deg=1, out_deg=0, in_kzt=40000, pass_through=0; depth=4: артефакт глубины",1,0,40000.0,0.0,0.00041167089853853095,0.0,4,False,True
100000001053894100,terminal,0.5,28,0.029612938011652913,"in_deg=1, out_deg=0, in_kzt=2e+06, pass_through=0; depth=4: артефакт глубины",1,0,2000000.0,0.0,0.0004505209953840362,0.0,4,False,True
100000004722630100,terminal,0.5,5,0.032490067101392635,"in_deg=1, out_deg=0, in_kzt=340000, pass_through=0; depth=4: артефакт глубины",1,0,340000.0,0.0,0.0004942926421165502,0.0,4,False,True
100000004655046100,terminal,0.5,16,0.036805055856478135,"in_deg=1, out_deg=0, in_kzt=24000, pass_through=0; depth=4: артефакт глубины",1,0,24000.0,0.0,0.0005599393884220693,0.0,4,False,True
100000004019056100,terminal,0.5,11,0.03571034856202095,"in_deg=1, out_deg=0, in_kzt=50000, pass_through=0; depth=4: артефакт глубины",1,0,50000.0,0.0,0.000543284890318607,0.0,4,False,True
100000008071749100,terminal,0.5,16,0.01947091294328924,"in_deg=1, out_deg=0, in_kzt=24943, pass_through=0; depth=4: артефакт глубины",1,0,24943.0,0.0,0.0002962237342608394,0.0,4,False,True
100000008221765100,terminal,0.5,9,0.03567855123814224,"in_deg=1, out_deg=0, in_kzt=156354, pass_through=0; depth=4: артефакт глубины",1,0,156354.0,0.0,0.000542801136832251,0.0,4,False,True
100000008778010100,terminal,0.5,20,0.034966186922662616,"in_deg=1, out_deg=0, in_kzt=76950, pass_through=0; depth=4: артефакт глубины",1,0,76950.0,0.0,0.0005319634725532234,0.0,4,False,True
100000004584730100,terminal,0.5,48,0.020060926622748464,"in_deg=1, out_deg=0, in_kzt=47000, pass_through=0; depth=4: артефакт глубины",1,0,47000.0,0.0,0.00030519999828623154,0.0,4,False,True
100000004797167100,terminal,0.5,7,0.03641670364366977,"in_deg=1, out_deg=0, in_kzt=31000, pass_through=0; depth=4: артефакт глубины",1,0,31000.0,0.0,0.00055403113219281,0.0,4,False,True
100000005010159100,terminal,0.5,7,0.04055596711872053,"in_deg=1, out_deg=0, in_kzt=7092, pass_through=0; depth=4: артефакт глубины",1,0,7092.0,0.0,0.000617004454873688,0.0,4,False,True
100000003025903100,terminal,0.5,9,0.034754772368791736,"in_deg=1, out_deg=0, in_kzt=386300, pass_through=0; depth=4: артефакт глубины",1,0,386300.0,0.0,0.0005287470846618531,0.0,4,False,True
100000003005167100,terminal,0.5,43,0.019101974810596153,"in_deg=1, out_deg=0, in_kzt=7000, pass_through=0; depth=4: артефакт глубины",1,0,7000.0,0.0,0.00029061083713085483,0.0,4,False,True
100000002214383100,terminal,0.5,20,0.03504728800271872,"in_deg=1, out_deg=0, in_kzt=213000, pass_through=0; depth=4: артефакт глубины",1,0,213000.0,0.0,0.0005331973163312106,0.0,4,False,True
100000004800452100,terminal,0.5,9,0.04013436976999474,"in_deg=1, out_deg=0, in_kzt=6544.53, pass_through=0; depth=4: артефакт глубины",1,0,6544.53,0.0,0.0006105904186465336,0.0,4,False,True
100000006903193100,terminal,0.5,7,0.019913092150873498,"in_deg=1, out_deg=0, in_kzt=9000, pass_through=0; depth=4: артефакт глубины",1,0,9000.0,0.0,0.0003029508957691164,0.0,4,False,True
100000007811950100,terminal,0.5,12,0.036060437849707104,"in_deg=1, out_deg=0, in_kzt=50000, pass_through=0; depth=4: артефакт глубины",1,0,50000.0,0.0,0.0005486110276407326,0.0,4,False,True
100000000375150100,terminal,0.5,11,0.04926011595995608,"in_deg=1, out_deg=0, in_kzt=300000, pass_through=0; depth=4: артефакт глубины",1,0,300000.0,0.0,0.0007494263644586518,0.0,4,False,True
100000008775747100,terminal,0.5,4,0.018898119332664064,"in_deg=1, out_deg=0, in_kzt=5000, pass_through=0; depth=4: артефакт глубины",1,0,5000.0,0.0,0.00028750945040602826,0.0,4,False,True
100000006689603100,terminal,0.5,7,0.020625047209599474,"in_deg=1, out_deg=0, in_kzt=400000, pass_through=0; depth=4: артефакт глубины",1,0,400000.0,0.0,0.0003137823337574615,0.0,4,False,True
100000005075949100,terminal,0.5,55,0.05068874843858289,"in_deg=1, out_deg=0, in_kzt=2.226e+06, pass_through=0; depth=4: артефакт глубины",1,0,2226000.0,0.0,0.0007711610848047263,0.0,4,False,True
100000003985389100,terminal,0.5,7,0.03237251454717215,"in_deg=1, out_deg=0, in_kzt=422698, pass_through=0; depth=4: артефакт глубины",1,0,422698.0,0.0,0.0004925042382196959,0.0,4,False,True
100000002478829100,terminal,0.5,30,0.025571543478595846,"in_deg=1, out_deg=0, in_kzt=34000, pass_through=0; depth=4: артефакт глубины",1,0,34000.0,0.0,0.0003890366169324283,0.0,4,False,True
100000003125997100,terminal,0.5,39,0.03620744949463369,"in_deg=1, out_deg=0, in_kzt=87750, pass_through=0; depth=4: артефакт глубины",1,0,87750.0,0.0,0.0005508476119532824,0.0,4,False,True
100000003214786100,terminal,0.5,0,0.027746641137488467,"in_deg=1, out_deg=0, in_kzt=5000, pass_through=0; depth=4: артефакт глубины",1,0,5000.0,0.0,0.0004221278003184261,0.0,4,False,True
100000008308418100,terminal,0.5,0,0.028494167234124346,"in_deg=1, out_deg=0, in_kzt=50000, pass_through=0; depth=4: артефакт глубины",1,0,50000.0,0.0,0.000433500403773018,0.0,4,False,True
100000008619159100,terminal,0.5,66,0.02354264547355218,"in_deg=1, out_deg=0, in_kzt=446400, pass_through=0; depth=4: артефакт глубины",1,0,446400.0,0.0,0.0003581696645076042,0.0,4,False,True
100000004418967100,terminal,0.5,39,0.029940336252122054,"in_deg=1, out_deg=0, in_kzt=100000, pass_through=0; depth=4: артефакт глубины",1,0,100000.0,0.0,0.0004555019189629495,0.0,4,False,True
100000003173783100,terminal,0.5,31,0.0228971607544875,"in_deg=1, out_deg=0, in_kzt=23500, pass_through=0; depth=4: артефакт глубины",1,0,23500.0,0.0,0.00034834948327385526,0.0,4,False,True
100000002242455100,terminal,0.5,9,0.03513316114396575,"in_deg=1, out_deg=0, in_kzt=110000, pass_through=0; depth=4: артефакт глубины",1,0,110000.0,0.0,0.0005345037605974345,0.0,4,False,True
100000004848236100,terminal,0.5,0,0.020393061580903676,"in_deg=1, out_deg=0, in_kzt=7500, pass_through=0; depth=4: артефакт глубины",1,0,7500.0,0.0,0.00031025298464952447,0.0,4,False,True
100000004674412100,terminal,0.5,10,0.03230572356837049,"in_deg=1, out_deg=0, in_kzt=46000, pass_through=0; depth=4: артефакт глубины",1,0,46000.0,0.0,0.0004914881033721316,0.0,4,False,True
100000007071852100,terminal,0.5,7,0.02928059353654291,"in_deg=1, out_deg=0, in_kzt=195000, pass_through=0; depth=4: артефакт глубины",1,0,195000.0,0.0,0.0004454648215022679,0.0,4,False,True
100000001498732100,terminal,0.5,47,0.019108200256377415,"in_deg=1, out_deg=0, in_kzt=5500, pass_through=0; depth=4: артефакт глубины",1,0,5500.0,0.0,0.00029070554890950307,0.0,4,False,True
100000000627521100,terminal,0.5,28,0.01888966210997073,"in_deg=1, out_deg=0, in_kzt=6500, pass_through=0; depth=4: артефакт глубины",1,0,6500.0,0.0,0.00028738078514544226,0.0,4,False,True
100000003105089100,terminal,0.5,30,0.019769919394975147,"in_deg=1, out_deg=0, in_kzt=10000, pass_through=0; depth=4: артефакт глубины",1,0,10000.0,0.0,0.0003007727149863174,0.0,4,False,True
100000003166017100,terminal,0.5,16,0.01922527180639247,"in_deg=1, out_deg=0, in_kzt=15000, pass_through=0; depth=4: артефакт глубины",1,0,15000.0,0.0,0.0002924866349747621,0.0,4,False,True
100000002506987100,terminal,0.5,16,0.01955137690616491,"in_deg=1, out_deg=0, in_kzt=28200, pass_through=0; depth=4: артефакт глубины",1,0,28200.0,0.0,0.00029744788515843104,0.0,4,False,True
100000005767403100,terminal,0.5,14,0.07139074420838384,"in_deg=1, out_deg=0, in_kzt=1.1e+06, pass_through=0; depth=4: артефакт глубины",1,0,1100000.0,0.0,0.0010861140873395208,0.0,4,False,True
100000005553088100,terminal,0.5,7,0.019430036403353695,"in_deg=1, out_deg=0, in_kzt=17500, pass_through=0; depth=4: артефакт глубины",1,0,17500.0,0.0,0.00029560185272202113,0.0,4,False,True
100000003632533100,terminal,0.5,9,0.028316902553873525,"in_deg=1, out_deg=0, in_kzt=10000, pass_through=0; depth=4: артефакт глубины",1,0,10000.0,0.0,0.00043080356024598914,0.0,4,False,True
100000008762005100,terminal,0.5,4,0.018934590735972923,"in_deg=1, out_deg=0, in_kzt=5000, pass_through=0; depth=4: артефакт глубины",1,0,5000.0,0.0,0.00028806431372000585,0.0,4,False,True
100000002214207100,terminal,0.5,24,0.045586487404236986,"in_deg=1, out_deg=0, in_kzt=97000, pass_through=0; depth=4: артефакт глубины",1,0,97000.0,0.0,0.0006935370503709207,0.0,4,False,True
100000003180820100,terminal,0.5,4,0.01973181219574999,"in_deg=1, out_deg=0, in_kzt=101000, pass_through=0; depth=4: артефакт глубины",1,0,101000.0,0.0,0.0003001929652391137,0.0,4,False,True
100000003786516100,terminal,0.5,0,0.019355739656831985,"in_deg=1, out_deg=0, in_kzt=5000, pass_through=0; depth=4: артефакт глубины",1,0,5000.0,0.0,0.0002944715277207131,0.0,4,False,True
100000005226217100,terminal,0.5,4,0.025287257680069477,"in_deg=1, out_deg=0, in_kzt=17500, pass_through=0; depth=4: артефакт глубины",1,0,17500.0,0.0,0.0003847115911320418,0.0,4,False,True
100000001533161100,terminal,0.5,48,0.021421142070591374,"in_deg=1, out_deg=0, in_kzt=100000, pass_through=0; depth=4: артефакт глубины",1,0,100000.0,0.0,0.0003258938455923579,0.0,4,False,True
100000007034089100,terminal,0.5,4,0.021201345789133866,"in_deg=2, out_deg=0, in_kzt=198000, pass_through=0; depth=4: артефакт глубины",2,0,198000.0,0.0,0.0003225499409968402,0.0,4,False,True
100000008336318100,terminal,0.5,4,0.021571056653594243,"in_deg=1, out_deg=0, in_kzt=170000, pass_through=0; depth=4: артефакт глубины",1,0,170000.0,0.0,0.0003281745942006337,0.0,4,False,True
100000005370558100,terminal,0.5,0,0.019761023883304592,"in_deg=1, out_deg=0, in_kzt=5000, pass_through=0; depth=4: артефакт глубины",1,0,5000.0,0.0,0.0003006373817488422,0.0,4,False,True
100000002729875100,terminal,0.5,16,0.020732272646249945,"in_deg=1, out_deg=0, in_kzt=76000, pass_through=0; depth=4: артефакт глубины",1,0,76000.0,0.0,0.00031541362445989873,0.0,4,False,True
100000006512787100,terminal,0.5,0,0.03499282081567431,"in_deg=1, out_deg=0, in_kzt=20000, pass_through=0; depth=4: артефакт глубины",1,0,20000.0,0.0,0.0005323686713884709,0.0,4,False,True
100000003186579100,terminal,0.5,7,0.03401109080645877,"in_deg=1, out_deg=0, in_kzt=110000, pass_through=0; depth=4: артефакт глубины",1,0,110000.0,0.0,0.0005174329706222681,0.0,4,False,True
100000004472936100,terminal,0.5,11,0.035114828654729285,"in_deg=1, out_deg=0, in_kzt=5000, pass_through=0; depth=4: артефакт глубины",1,0,5000.0,0.0,0.0005342248564476527,0.0,4,False,True
100000002231144100,terminal,0.5,30,0.024245141937951877,"in_deg=1, out_deg=0, in_kzt=15000, pass_through=0; depth=4: артефакт глубины",1,0,15000.0,0.0,0.000368857202713728,0.0,4,False,True
100000002505277100,terminal,0.5,50,0.026913556144477442,"in_deg=1, out_deg=0, in_kzt=60000, pass_through=0; depth=4: артефакт глубины",1,0,60000.0,0.0,0.00040945353341038953,0.0,4,False,True
100000003177533100,terminal,0.5,7,0.02232859303421279,"in_deg=1, out_deg=0, in_kzt=20000, pass_through=0; depth=4: артефакт глубины",1,0,20000.0,0.0,0.00033969949065304207,0.0,4,False,True
100000005888829100,terminal,0.5,4,0.020565505058835927,"in_deg=1, out_deg=0, in_kzt=197000, pass_through=0; depth=4: артефакт глубины",1,0,197000.0,0.0,0.00031287648007219924,0.0,4,False,True
100000002242066100,terminal,0.5,36,0.03523925732300377,"in_deg=1, out_deg=0, in_kzt=60000, pass_through=0; depth=4: артефакт глубины",1,0,60000.0,0.0,0.0005361178711651817,0.0,4,False,True
100000008027922100,terminal,0.5,27,0.0331746652473017,"in_deg=1, out_deg=0, in_kzt=70000, pass_through=0; depth=4: артефакт глубины",1,0,70000.0,0.0,0.0005047078814964338,0.0,4,False,True
100000002686226100,terminal,0.5,26,0.04321266676703488,"in_deg=1, out_deg=0, in_kzt=430000, pass_through=0; depth=4: артефакт глубины",1,0,430000.0,0.0,0.0006574225643339518,0.0,4,False,True
100000001065234100,terminal,0.5,42,0.036221366599696755,"in_deg=1, out_deg=0, in_kzt=360000, pass_through=0; depth=4: артефакт глубины",1,0,360000.0,0.0,0.0005510593419755925,0.0,4,False,True
100000000424935100,terminal,0.5,14,0.019902452997447025,"in_deg=1, out_deg=0, in_kzt=15000, pass_through=0; depth=4: артефакт глубины",1,0,15000.0,0.0,0.0003027890353691165,0.0,4,False,True
100000005723580100,terminal,0.5,39,0.02273467127733864,"in_deg=1, out_deg=0, in_kzt=35000, pass_through=0; depth=4: артефакт глубины",1,0,35000.0,0.0,0.0003458774245758723,0.0,4,False,True
100000000704700100,terminal,0.5,32,0.035204556493314575,"in_deg=1, out_deg=0, in_kzt=10000, pass_through=0; depth=4: артефакт глубины",1,0,10000.0,0.0,0.0005355899447457876,0.0,4,False,True
100000005293969100,terminal,0.5,0,0.035022106224325694,"in_deg=1, out_deg=0, in_kzt=5466.97, pass_through=0; depth=4: артефакт глубины",1,0,5466.97,0.0,0.0005328142094654649,0.0,4,False,True
100000002512742100,terminal,0.5,43,0.01906664952756504,"in_deg=1, out_deg=0, in_kzt=6000, pass_through=0; depth=4: артефакт глубины",1,0,6000.0,0.0,0.00029007341049432393,0.0,4,False,True
100000001816678100,terminal,0.5,1,0.020444616781733805,"in_deg=1, out_deg=0, in_kzt=60000, pass_through=0; depth=4: артефакт глубины",1,0,60000.0,0.0,0.0003110373276412963,0.0,4,False,True
100000004586598100,terminal,0.5,23,0.035601141997651,"in_deg=1, out_deg=0, in_kzt=761255, pass_through=0; depth=4: артефакт глубины",1,0,761255.0,0.0,0.0005416234594243453,0.0,4,False,True
100000005782886100,terminal,0.5,4,0.02400074570993125,"in_deg=1, out_deg=0, in_kzt=14000, pass_through=0; depth=4: артефакт глубины",1,0,14000.0,0.0,0.00036513904304066115,0.0,4,False,True
100000002622822100,terminal,0.5,33,0.0599145711617326,"in_deg=1, out_deg=0, in_kzt=750000, pass_through=0; depth=4: артефакт глубины",1,0,750000.0,0.0,0.0009115195603749141,0.0,4,False,True
100000003718715100,terminal,0.5,11,0.03799697976006195,"in_deg=1, out_deg=0, in_kzt=915000, pass_through=0; depth=4: артефакт глубины",1,0,915000.0,0.0,0.000578072906388213,0.0,4,False,True
100000006491963100,terminal,0.5,43,0.019419902357876197,"in_deg=1, out_deg=0, in_kzt=16000, pass_through=0; depth=4: артефакт глубины",1,0,16000.0,0.0,0.0002954476768596331,0.0,4,False,True
100000004526651100,terminal,0.5,4,0.019141279751064125,"in_deg=1, out_deg=0, in_kzt=33000, pass_through=0; depth=4: артефакт глубины",1,0,33000.0,0.0,0.0002912088088990115,0.0,4,False,True
100000008331280100,terminal,0.5,13,0.020999351096550108,"in_deg=1, out_deg=0, in_kzt=41000, pass_through=0; depth=4: артефакт глубины",1,0,41000.0,0.0,0.00031947686361663173,0.0,4,False,True
100000004177936100,terminal,0.5,7,0.022250050611840197,"in_deg=1, out_deg=0, in_kzt=10000, pass_through=0; depth=4: артефакт глубины",1,0,10000.0,0.0,0.0003385045734079768,0.0,4,False,True
100000002922000100,terminal,0.5,48,0.030352368030012747,"in_deg=1, out_deg=0, in_kzt=448000, pass_through=0; depth=4: артефакт глубины",1,0,448000.0,0.0,0.0004617704279042819,0.0,4,False,True
100000002404112100,terminal,0.5,13,0.021791881997560127,"in_deg=1, out_deg=0, in_kzt=60000, pass_through=0; depth=4: артефакт глубины",1,0,60000.0,0.0,0.00033153415459718686,0.0,4,False,True
100000000634341100,terminal,0.5,0,0.0366351106182018,"in_deg=1, out_deg=0, in_kzt=24000, pass_through=0; depth=4: артефакт глубины",1,0,24000.0,0.0,0.000557353900353344,0.0,4,False,True
100000001822650100,terminal,0.5,4,0.02019703171413527,"in_deg=1, out_deg=0, in_kzt=112000, pass_through=0; depth=4: артефакт глубины",1,0,112000.0,0.0,0.00030727065406595494,0.0,4,False,True
100000004791226100,terminal,0.5,0,0.03574753961367773,"in_deg=1, out_deg=0, in_kzt=20000, pass_through=0; depth=4: артефакт глубины",1,0,20000.0,0.0,0.0005438507021136137,0.0,4,False,True
100000007841978100,terminal,0.5,9,0.03342618805858645,"in_deg=1, out_deg=0, in_kzt=449000, pass_through=0; depth=4: артефакт глубины",1,0,449000.0,0.0,0.0005085344625420971,0.0,4,False,True
100000006866831100,terminal,0.5,1,0.02427451733857951,"in_deg=1, out_deg=0, in_kzt=16500, pass_through=0; depth=4: артефакт глубины",1,0,16500.0,0.0,0.0003693041098975191,0.0,4,False,True
100000002999140100,terminal,0.5,6,0.019113012160122067,"in_deg=1, out_deg=0, in_kzt=10000, pass_through=0; depth=4: артефакт глубины",1,0,10000.0,0.0,0.0002907787555485701,0.0,4,False,True
100000002884708100,terminal,0.5,39,0.03713946701080113,"in_deg=1, out_deg=0, in_kzt=1.17164e+06, pass_through=0; depth=4: артефакт глубины",1,0,1171644.0,0.0,0.0005650270040464912,0.0,4,False,True
100000001130553100,terminal,0.5,9,0.035886666333469666,"in_deg=1, out_deg=0, in_kzt=18000, pass_through=0; depth=4: артефакт глубины",1,0,18000.0,0.0,0.0005459673279026696,0.0,4,False,True
100000006351075100,terminal,0.5,61,0.019218816528582774,"in_deg=1, out_deg=0, in_kzt=40000, pass_through=0; depth=4: артефакт глубины",1,0,40000.0,0.0,0.00029238842661113534,0.0,4,False,True
100000005616568100,terminal,0.5,9,0.028517486064578004,"in_deg=1, out_deg=0, in_kzt=530000, pass_through=0; depth=4: артефакт глубины",1,0,530000.0,0.0,0.00043385516839323363,0.0,4,False,True
100000006381453100,terminal,0.5,4,0.038038803567145785,"in_deg=1, out_deg=0, in_kzt=45000, pass_through=0; depth=4: артефакт глубины",1,0,45000.0,0.0,0.0005787091993217524,0.0,4,False,True
100000004616845100,terminal,0.5,41,0.019069131794681306,"in_deg=1, out_deg=0, in_kzt=20200, pass_through=0; depth=4: артефакт глубины",1,0,20200.0,0.0,0.0002901111748475803,0.0,4,False,True
100000004908173100,terminal,0.5,39,0.021182681898154518,"in_deg=1, out_deg=0, in_kzt=21000, pass_through=0; depth=4: артефакт глубины",1,0,21000.0,0.0,0.00032226599501557874,0.0,4,False,True
100000004433250100,terminal,0.5,0,0.020240982196784368,"in_deg=1, out_deg=0, in_kzt=8000, pass_through=0; depth=4: артефакт глубины",1,0,8000.0,0.0,0.00030793930150589785,0.0,4,False,True
100000003664994100,terminal,0.5,62,0.025821256038837306,"in_deg=1, out_deg=0, in_kzt=338271, pass_through=0; depth=4: артефакт глубины",1,0,338271.0,0.0,0.00039283565744491,0.0,4,False,True
100000004673335100,terminal,0.5,31,0.03261627374464357,"in_deg=1, out_deg=0, in_kzt=80000, pass_through=0; depth=4: артефакт глубины",1,0,80000.0,0.0,0.0004962127063303447,0.0,4,False,True
100000002487222100,terminal,0.5,9,0.020495548661770734,"in_deg=1, out_deg=0, in_kzt=90000, pass_through=0; depth=4: артефакт глубины",1,0,90000.0,0.0,0.0003118121876461357,0.0,4,False,True
100000000018102100,terminal,0.5,1,0.02115401519691823,"in_deg=1, out_deg=0, in_kzt=7000, pass_through=0; depth=4: артефакт глубины",1,0,7000.0,0.0,0.00032182986973917867,0.0,4,False,True
100000008638859100,terminal,0.5,9,0.03562258674032992,"in_deg=1, out_deg=0, in_kzt=34000, pass_through=0; depth=4: артефакт глубины",1,0,34000.0,0.0,0.0005419497123214291,0.0,4,False,True
100000001131403100,terminal,0.5,41,0.035521100083123786,"in_deg=1, out_deg=0, in_kzt=1.57e+06, pass_through=0; depth=4: артефакт глубины",1,0,1570000.0,0.0,0.0005404057294243347,0.0,4,False,True
100000001733216100,terminal,0.5,50,0.026913556144477442,"in_deg=1, out_deg=0, in_kzt=60000, pass_through=0; depth=4: артефакт глубины",1,0,60000.0,0.0,0.00040945353341038953,0.0,4,False,True
100000004400480100,terminal,0.5,22,0.03199079188609196,"in_deg=1, out_deg=0, in_kzt=21700, pass_through=0; depth=4: артефакт глубины",1,0,21700.0,0.0,0.00048669684169717523,0.0,4,False,True
100000007539296100,terminal,0.5,9,0.03679278389075563,"in_deg=1, out_deg=0, in_kzt=46000, pass_through=0; depth=4: артефакт глубины",1,0,46000.0,0.0,0.00055975268698061,0.0,4,False,True
100000008757301100,terminal,0.5,0,0.03502581474911411,"in_deg=1, out_deg=0, in_kzt=58398, pass_through=0; depth=4: артефакт глубины",1,0,58398.0,0.0,0.0005328706296787659,0.0,4,False,True
100000002752565100,terminal,0.5,7,0.022330974571041273,"in_deg=1, out_deg=0, in_kzt=57000, pass_through=0; depth=4: артефакт глубины",1,0,57000.0,0.0,0.0003397357225305441,0.0,4,False,True
100000002734815100,terminal,0.5,4,0.020612341774459215,"in_deg=1, out_deg=0, in_kzt=110000, pass_through=0; depth=4: артефакт глубины",1,0,110000.0,0.0,0.00031358903766222357,0.0,4,False,True
100000008333492100,terminal,0.5,57,0.028917505780997235,"in_deg=1, out_deg=0, in_kzt=216400, pass_through=0; depth=4: артефакт глубины",1,0,216400.0,0.0,0.00043994092998647763,0.0,4,False,True
100000006527156100,terminal,0.5,55,0.01954829686556271,"in_deg=1, out_deg=0, in_kzt=48500, pass_through=0; depth=4: артефакт глубины",1,0,48500.0,0.0,0.0002974010264861379,0.0,4,False,True
100000003448713100,terminal,0.5,7,0.020035299572313307,"in_deg=1, out_deg=0, in_kzt=266750, pass_through=0; depth=4: артефакт глубины",1,0,266750.0,0.0,0.00030481011720566263,0.0,4,False,True
100000004780083100,terminal,0.5,54,0.01937061950118615,"in_deg=1, out_deg=0, in_kzt=9999, pass_through=0; depth=4: артефакт глубины",1,0,9999.0,0.0,0.00029469790452557316,0.0,4,False,True
100000004798515100,terminal,0.5,6,0.02402098444425299,"in_deg=1, out_deg=0, in_kzt=200000, pass_through=0; depth=4: артефакт глубины",1,0,200000.0,0.0,0.0003654469481437737,0.0,4,False,True
100000004232712100,terminal,0.5,9,0.034941998699876346,"in_deg=1, out_deg=0, in_kzt=12500, pass_through=0; depth=4: артефакт глубины",1,0,12500.0,0.0,0.0005315954812987943,0.0,4,False,True
100000005209352100,terminal,0.5,0,0.027746641137488467,"in_deg=1, out_deg=0, in_kzt=5000, pass_through=0; depth=4: артефакт глубины",1,0,5000.0,0.0,0.0004221278003184261,0.0,4,False,True
100000000561160100,terminal,0.5,1,0.028800732410560265,"in_deg=1, out_deg=0, in_kzt=240000, pass_through=0; depth=4: артефакт глубины",1,0,240000.0,0.0,0.0004381643803221751,0.0,4,False,True
100000003568904100,terminal,0.5,11,0.035103973797839624,"in_deg=1, out_deg=0, in_kzt=49000, pass_through=0; depth=4: артефакт глубины",1,0,49000.0,0.0,0.0005340597144097787,0.0,4,False,True
100000000470237100,terminal,0.5,14,0.0386159138211606,"in_deg=1, out_deg=0, in_kzt=32500, pass_through=0; depth=4: артефакт глубины",1,0,32500.0,0.0,0.0005874891550959069,0.0,4,False,True
100000008560263100,terminal,0.5,9,0.020677865420925444,"in_deg=1, out_deg=0, in_kzt=100000, pass_through=0; depth=4: артефакт глубины",1,0,100000.0,0.0,0.0003145858917540243,0.0,4,False,True
100000000542087100,terminal,0.5,18,0.018910497050665727,"in_deg=1, out_deg=0, in_kzt=8506.91, pass_through=0; depth=4: артефакт глубины",1,0,8506.91,0.0,0.00028769776072608153,0.0,4,False,True
100000004403548100,terminal,0.5,7,0.02428711229148508,"in_deg=1, out_deg=0, in_kzt=5000, pass_through=0; depth=4: артефакт глубины",1,0,5000.0,0.0,0.0003694957251542558,0.0,4,False,True
100000003010908100,terminal,0.5,16,0.026369244986491958,"in_deg=1, out_deg=0, in_kzt=17000, pass_through=0; depth=4: артефакт глубины",1,0,17000.0,0.0,0.00040117257173756396,0.0,4,False,True
100000006756956100,terminal,0.5,0,0.02052971097895365,"in_deg=1, out_deg=0, in_kzt=121200, pass_through=0; depth=4: артефакт глубины",1,0,121200.0,0.0,0.0003123319213225381,0.0,4,False,True
100000007357489100,terminal,0.5,4,0.020662859968577085,"in_deg=2, out_deg=0, in_kzt=164500, pass_through=0; depth=4: артефакт глубины",2,0,164500.0,0.0,0.00031435760399259007,0.0,4,False,True
100000002599729100,terminal,0.5,0,0.03207115929272964,"in_deg=1, out_deg=0, in_kzt=65000, pass_through=0; depth=4: артефакт глубины",1,0,65000.0,0.0,0.0004879195236215622,0.0,4,False,True
100000005849862100,terminal,0.5,2,0.03620616935720453,"in_deg=1, out_deg=0, in_kzt=13000, pass_through=0; depth=4: артефакт глубины",1,0,13000.0,0.0,0.0005508281363852524,0.0,4,False,True
100000008762843100,terminal,0.5,4,0.018966547898610756,"in_deg=1, out_deg=0, in_kzt=7000, pass_through=0; depth=4: артефакт глубины",1,0,7000.0,0.0,0.00028855049893795285,0.0,4,False,True
100000002723674100,terminal,0.5,30,0.021600362526168766,"in_deg=1, out_deg=0, in_kzt=30000, pass_through=0; depth=4: артефакт глубины",1,0,30000.0,0.0,0.00032862044360867546,0.0,4,False,True
100000008758106100,terminal,0.5,4,0.01894154083594979,"in_deg=1, out_deg=0, in_kzt=10000, pass_through=0; depth=4: артефакт глубины",1,0,10000.0,0.0,0.0002881700501369181,0.0,4,False,True
100000001286703100,terminal,0.5,28,0.01896496979124665,"in_deg=1, out_deg=0, in_kzt=20500, pass_through=0; depth=4: артефакт глубины",1,0,20500.0,0.0,0.0002885264901584046,0.0,4,False,True
